CustomerID,Recency,Frequency,Monetary,PredictedCLV,ClusterLabel,ChurnProbability,RecommendedActions
12346,235.0,12,77556.46,17283.420356468476,Loyal Customers,0.08421750853401433,Mark as VIP
12347,39.0,6,4114.18,1519.6802382892556,Loyal Customers,0.32362827503179836,Mark as VIP
12348,158.0,4,1709.3999999999999,474.69961676846674,Loyal Customers,0.46366661863939646,Mark as VIP
12349,317.0,3,2671.14,660.2490530184019,At Risk,0.7528841108017356,Offer Discount; Mark as VIP; Send Retention Campaign
12350,219.0,1,334.4,1039.885970742929,At Risk,0.7074763776274227,Offer Discount; Mark as VIP; Send Retention Campaign
12351,285.0,1,300.93,-280.2284139903186,At Risk,0.8387047949356855,Offer Discount; Send Retention Campaign
12352,171.0,7,1905.6100000000001,1239.7295355902277,Loyal Customers,0.27872292645854674,Mark as VIP
12353,113.0,2,406.76,-40.0689774034297,Loyal Customers,0.5650193825739048,Maintain Engagement
12354,142.0,1,1079.4,148.27988733194172,Loyal Customers,0.5878341744416398,Maintain Engagement
12355,124.0,2,947.61,36.503616547273964,Loyal Customers,0.5690705539046418,Maintain Engagement
12356,155.0,5,6315.33,1187.6859831797124,Loyal Customers,0.4581629576873153,Mark as VIP
12357,298.0,2,12079.99,2276.1715869230293,At Risk,0.7962348275746642,Offer Discount; Mark as VIP; Send Retention Campaign
12358,60.0,4,3203.8700000000003,652.0883999239747,Loyal Customers,0.47999387395837323,Mark as VIP
12359,99.0,9,6059.09,1310.228843043904,Loyal Customers,0.3149882357473309,Mark as VIP
12360,22.0,7,3209.11,667.4431851744057,Loyal Customers,0.38461169851732085,Mark as VIP
12361,197.0,4,511.25,279.0434914981419,Loyal Customers,0.4583513652982374,Maintain Engagement
12362,30.0,5,1877.35,625.9675771146124,Loyal Customers,0.415334733271877,Mark as VIP
12363,19.0,2,552.0,-188.03242359271093,Loyal Customers,0.5900548458826774,Maintain Engagement
12364,22.0,1,623.92,458.0906903433529,Loyal Customers,0.5307150613698725,Mark as VIP
12365,201.0,2,641.38,342.6614110524401,Loyal Customers,0.5162571127181649,Maintain Engagement
12366,543.0,1,500.24,40.66341082618089,At Risk,0.815199957299158,Offer Discount; Send Retention Campaign
12368,537.0,1,917.7,70.66675489135866,At Risk,0.8196314775413374,Offer Discount; Send Retention Campaign
12369,323.0,3,1791.15,238.2344583778055,At Risk,0.7791155167458493,Offer Discount; Send Retention Campaign
12370,184.0,6,3581.03,750.841574628274,Loyal Customers,0.4135310802122879,Mark as VIP
12371,319.0,3,2179.42,626.8091508752472,At Risk,0.7461097562079052,Offer Discount; Mark as VIP; Send Retention Campaign
12372,122.0,2,914.9200000000001,-470.15475246538153,Loyal Customers,0.6386712274326205,Maintain Engagement
12373,221.0,3,1127.65,168.63050264702676,Loyal Customers,0.5235364669122836,Maintain Engagement
12374,331.0,3,2246.29,317.3586704653453,At Risk,0.7800311708145065,Offer Discount; Send Retention Campaign
12375,8.0,1,230.3,379.4133361415654,Loyal Customers,0.5310546078376885,Maintain Engagement
12376,299.0,2,503.15,344.4156226478535,At Risk,0.764999765474939,Offer Discount; Send Retention Campaign
12377,225.0,4,3426.32,929.270741940903,Loyal Customers,0.44609885054610504,Mark as VIP
12378,39.0,2,5416.32,1218.9648626134572,Loyal Customers,0.5234909495975241,Mark as VIP
12379,79.0,3,1227.82,483.06547350215396,Loyal Customers,0.4805874427861087,Mark as VIP
12380,95.0,8,7559.04,1793.7389921340277,Loyal Customers,0.3182251887644767,Mark as VIP
12381,29.0,1,1268.74,1196.059843559904,Loyal Customers,0.4417316200343179,Mark as VIP
12383,94.0,5,1850.56,590.0826480188388,Loyal Customers,0.4196837734745581,Mark as VIP
12384,31.0,1,292.69,523.5218662952435,Loyal Customers,0.5118616400411853,Mark as VIP
12385,289.0,1,1938.4,408.425620121881,At Risk,0.8072727379716139,Offer Discount; Mark as VIP; Send Retention Campaign
12386,247.0,2,660.8,109.89830014812259,At Risk,0.7916270648546682,Offer Discount; Send Retention Campaign
12387,324.0,1,143.94,81.62486400000614,At Risk,0.8053423367298291,Offer Discount; Send Retention Campaign
12388,58.0,6,2788.79,600.6043995316214,Loyal Customers,0.4130495746303317,Mark as VIP
12389,312.0,3,1433.33,210.0744394030557,At Risk,0.7749527265838838,Offer Discount; Send Retention Campaign
12391,374.0,5,2312.53,396.55051191303164,At Risk,0.7256752473569333,Offer Discount; Send Retention Campaign
12392,501.0,1,234.75000000000003,-1.7445490489034796,At Risk,0.8144014989901823,Offer Discount; Send Retention Campaign
12393,155.0,5,1877.95,371.54878343538616,Loyal Customers,0.4517421667406854,Maintain Engagement
12394,127.0,1,381.08,389.4593713489177,Loyal Customers,0.5338392345762715,Maintain Engagement
12395,22.0,11,3948.21,1000.3427769842867,Loyal Customers,0.25175502576206676,Mark as VIP
12396,584.0,1,931.43,-251.0551609828965,At Risk,0.8459099154226222,Offer Discount; Send Retention Campaign
12397,45.0,1,1214.81,484.6810216916231,Loyal Customers,0.5434642387875407,Mark as VIP
12399,29.0,7,1962.3,620.2124247667359,Loyal Customers,0.3581509155370858,Mark as VIP
12400,324.0,1,205.25,85.58701900333801,At Risk,0.8060655466955996,Offer Discount; Send Retention Campaign
12401,213.0,1,84.3,326.92140389223914,Loyal Customers,0.5345614956739909,Maintain Engagement
12402,233.0,6,1256.9,382.5288873488611,Loyal Customers,0.4019333745162463,Maintain Engagement
12403,431.0,1,591.6600000000001,-621.3528685465642,At Risk,0.8676404171323192,Offer Discount; Send Retention Campaign
12404,591.0,1,63.24,74.68626794130381,At Risk,0.8045452530836961,Offer Discount; Send Retention Campaign
12405,58.0,1,1710.39,449.85558630747755,Loyal Customers,0.562323030879277,Mark as VIP
12406,93.0,4,4596.31,262.5213001506873,Loyal Customers,0.5754926475508115,Maintain Engagement
12407,43.0,4,1407.36,534.4757704952318,Loyal Customers,0.4465658691965787,Mark as VIP
12408,8.0,7,3586.27,980.7240188064617,Loyal Customers,0.35207084782160813,Mark as VIP
12409,92.0,5,18553.7,4108.661449549725,Loyal Customers,0.3806538152093126,Mark as VIP
12410,218.0,3,1013.71,466.06779767073215,Loyal Customers,0.47702094493116687,Mark as VIP
12411,319.0,1,346.9,97.26198916061901,At Risk,0.8075004031211873,Offer Discount; Send Retention Campaign
12412,47.0,5,2260.79,-174.69453052133508,Loyal Customers,0.541884834744485,Maintain Engagement
12413,146.0,3,805.25,330.9135546215941,Loyal Customers,0.4908052795114004,Maintain Engagement
12414,127.0,6,952.41,147.67559924663553,Loyal Customers,0.42678650467292134,Maintain Engagement
12415,9.0,22,121631.72,27952.463339704445,Champions,0.05131387996097229,Mark as VIP
12416,566.0,1,202.56,-36.59584415784906,At Risk,0.8169080748304306,Offer Discount; Send Retention Campaign
12417,16.0,18,5984.33,1344.4869032348718,Loyal Customers,0.12454223478285999,Mark as VIP
12418,22.0,4,2021.2,755.0288825727146,Loyal Customers,0.43199777074404044,Mark as VIP
12419,295.0,2,503.01,-23.48173152243453,At Risk,0.8013337586654158,Offer Discount; Send Retention Campaign
12421,24.0,5,920.12,154.22079314481704,Loyal Customers,0.45630214799486457,Maintain Engagement
12422,5.0,17,5231.8,1286.6647287773078,Loyal Customers,0.13305043332112804,Mark as VIP
12423,10.0,9,2413.75,697.564742703315,Loyal Customers,0.30325351316686167,Mark as VIP
12424,72.0,4,3340.0299999999997,704.5349013437987,Loyal Customers,0.4762077172267184,Mark as VIP
12425,358.0,1,964.21,22.997381089582575,At Risk,0.824463561144371,Offer Discount; Send Retention Campaign
12426,104.0,2,1345.21,294.61322442625504,Loyal Customers,0.5430405041730341,Maintain Engagement
12427,281.0,1,607.0,147.04689956001306,At Risk,0.8075600148031953,Offer Discount; Send Retention Campaign
12428,30.0,8,7548.12,1766.6032527826862,Loyal Customers,0.3213964027906111,Mark as VIP
12429,82.0,7,6580.39,716.8558179258268,Loyal Customers,0.47057763203315744,Mark as VIP
12431,29.0,23,9245.09,1807.6283764627906,Loyal Customers,0.07674073733102174,Mark as VIP
12432,80.0,3,4016.66,1946.69030558654,Loyal Customers,0.3508295054136938,Mark as VIP
12433,1.0,6,13600.62,3804.5325623020863,Loyal Customers,0.26963032645623025,Mark as VIP
12434,170.0,2,583.54,132.43921765979292,Loyal Customers,0.5451303005442695,Maintain Engagement
12435,177.0,5,10075.03,1363.1654039928694,Loyal Customers,0.5386447271864139,Mark as VIP
12436,9.0,1,509.01,1157.045728991358,Loyal Customers,0.42622741195843633,Mark as VIP
12437,8.0,32,10543.4,2097.3457380011387,Loyal Customers,0.025225082304305015,Mark as VIP
12438,50.0,1,890.0699999999999,1161.0007581836257,Loyal Customers,0.43622395799918684,Mark as VIP
12439,592.0,2,1158.18,56.29981528859571,At Risk,0.8056834105865962,Offer Discount; Send Retention Campaign
12440,372.0,2,859.2,40.42340658634248,At Risk,0.8018132420891285,Offer Discount; Send Retention Campaign
12441,276.0,1,347.1,269.7382744488485,At Risk,0.7913972190066886,Offer Discount; Send Retention Campaign
12443,642.0,1,485.31,836.374816394885,At Risk,0.7347390669131624,Offer Discount; Mark as VIP; Send Retention Campaign
12444,31.0,2,2627.27,1409.260142181646,Loyal Customers,0.4177434598909015,Mark as VIP
12445,330.0,1,301.58000000000004,3.2294489754112874,At Risk,0.8151039333782524,Offer Discount; Send Retention Campaign
12447,153.0,1,476.49,382.51682943795726,Loyal Customers,0.5375272734481857,Maintain Engagement
12449,1.0,5,3493.18,972.7195136774176,Loyal Customers,0.41061904593486315,Mark as VIP
12450,66.0,5,688.2,85.70314494585273,Loyal Customers,0.4597071573527268,Maintain Engagement
12451,127.0,5,8942.18,2118.8958702088685,Loyal Customers,0.39807124469465927,Mark as VIP
12453,44.0,1,707.09,227.73578948061274,Loyal Customers,0.5662689871444615,Maintain Engagement
12454,305.0,4,13151.44,2441.5626147561607,At Risk,0.7564357718331352,Offer Discount; Mark as VIP; Send Retention Campaign
12455,37.0,9,5589.45,1237.6590751300914,Loyal Customers,0.3126654701316055,Mark as VIP
12456,41.0,2,2265.4,738.4719725048441,Loyal Customers,0.5044843134516988,Mark as VIP
12457,143.0,4,1699.93,631.9658237911674,Loyal Customers,0.4407050322927861,Mark as VIP
12458,194.0,3,1272.01,525.0554808407722,Loyal Customers,0.47572822791313085,Mark as VIP
12459,515.0,1,454.36,-80.16851271217098,At Risk,0.8248247936126021,Offer Discount; Send Retention Campaign
12460,366.0,1,326.65,265.4453223877009,At Risk,0.7914286677308444,Offer Discount; Send Retention Campaign
12461,3.0,2,826.88,539.7385725863616,Loyal Customers,0.4927943694614657,Mark as VIP
12462,213.0,1,762.11,91.97900506926851,Loyal Customers,0.5870950984412043,Maintain Engagement
12463,85.0,3,985.79,439.245547298199,Loyal Customers,0.48013381309815395,Mark as VIP
12464,16.0,6,780.55,392.446820539184,Loyal Customers,0.38769128401994124,Maintain Engagement
12465,79.0,1,440.94,417.5279568008906,Loyal Customers,0.5314516755117075,Mark as VIP
12466,591.0,1,56.73,92.15973444009643,At Risk,0.8028227127892061,Offer Discount; Send Retention Campaign
12467,333.0,1,132.8,46.49191970564277,At Risk,0.8083366948426578,Offer Discount; Send Retention Campaign
12468,97.0,5,3670.74,781.0116603919173,Loyal Customers,0.44284331884089895,Mark as VIP
12469,432.0,2,3070.54,0.8205184847257669,At Risk,0.8416618739813871,Offer Discount; Send Retention Campaign
12470,599.0,1,211.95,-444.2879680433507,At Risk,0.8499445690306341,Offer Discount; Send Retention Campaign
12471,16.0,68,31256.14,6127.682979026047,Loyal Customers,0.00026346801327335604,Mark as VIP
12472,48.0,17,16236.08,3525.582458184811,Loyal Customers,0.12616432061272911,Mark as VIP
12473,24.0,2,1186.25,312.5735846296074,Loyal Customers,0.5359775743151461,Maintain Engagement
12474,8.0,26,9410.72,1813.5935458765691,Loyal Customers,0.05448355850260218,Mark as VIP
12475,319.0,1,426.26,116.2081466221345,At Risk,0.807178164364671,Offer Discount; Send Retention Campaign
12476,50.0,18,10490.66,2188.930454625145,Loyal Customers,0.1264287555044285,Mark as VIP
12477,10.0,6,15890.66,3403.7985563444763,Loyal Customers,0.37655648924942065,Mark as VIP
12480,53.0,6,4328.17,942.0843208170091,Loyal Customers,0.4069972963097191,Mark as VIP
12481,89.0,13,10866.83,2323.143208778374,Loyal Customers,0.20872751302805767,Mark as VIP
12482,485.0,29,23691.4,4675.033042528363,At Risk,0.10367067290169568,Mark as VIP; Send Retention Campaign
12483,8.0,17,4259.66,577.7396042080545,Loyal Customers,0.17207178771362677,Mark as VIP
12484,10.0,10,5491.58,1086.65165850533,Loyal Customers,0.301966156947675,Mark as VIP
12485,439.0,1,708.1,-139.32592120026897,At Risk,0.8337625007690785,Offer Discount; Send Retention Campaign
12486,341.0,1,1037.28,-68.64407157105393,At Risk,0.8332092051615289,Offer Discount; Send Retention Campaign
12487,640.0,1,285.3,-267.98741741736944,At Risk,0.8374972725538806,Offer Discount; Send Retention Campaign
12489,246.0,1,334.93,284.07687432382943,At Risk,0.7897862624030454,Offer Discount; Send Retention Campaign
12490,3.0,17,7958.3,1780.9682554566807,Loyal Customers,0.135384220948117,Mark as VIP
12492,15.0,2,578.39,222.76328522111095,Loyal Customers,0.5319063240023779,Maintain Engagement
12493,75.0,2,433.74,312.39232594583405,Loyal Customers,0.5148017296766288,Maintain Engagement
12494,71.0,7,1495.63,456.4895513947946,Loyal Customers,0.3680169225658888,Mark as VIP
12495,550.0,1,357.4,-217.95270317960865,At Risk,0.8346178910694341,Offer Discount; Send Retention Campaign
12496,530.0,2,54.09,-44.75011478035793,At Risk,0.7951597087221944,Offer Discount; Send Retention Campaign
12497,310.0,2,5205.400000000001,779.7336393835708,At Risk,0.8112301701204601,Offer Discount; Mark as VIP; Send Retention Campaign
12499,470.0,1,393.71999999999997,37.97565469160497,At Risk,0.8136172127855413,Offer Discount; Send Retention Campaign
12500,16.0,14,3471.23,663.2805290312074,Loyal Customers,0.20943013672055066,Mark as VIP
12501,246.0,1,2169.39,265.6621907768168,At Risk,0.8237087490595083,Offer Discount; Send Retention Campaign
12502,5.0,5,3723.87,740.063568108047,Loyal Customers,0.4502240863907613,Mark as VIP
12503,494.0,1,1126.0,-26.176258989356484,At Risk,0.8311534572959528,Offer Discount; Send Retention Campaign
12504,327.0,2,297.0,22.93498412025997,At Risk,0.7931998980082342,Offer Discount; Send Retention Campaign
12505,318.0,1,955.2,364.3595259658024,At Risk,0.793630928214864,Offer Discount; Send Retention Campaign
12506,142.0,1,73.5,319.61560587161074,Loyal Customers,0.5353169562181351,Maintain Engagement
12507,43.0,4,1844.06,339.6257744880424,Loyal Customers,0.4870870807187289,Maintain Engagement
12509,194.0,1,176.5,300.0551599163901,Loyal Customers,0.5410428310592232,Maintain Engagement
12510,52.0,9,5178.02,1007.258900229562,Loyal Customers,0.33182865087366603,Mark as VIP
12511,338.0,1,3084.02,-768.2611841895389,At Risk,0.9044364681646904,Offer Discount; Send Retention Campaign
12513,22.0,1,612.29,414.9352182211082,Loyal Customers,0.5366461792560594,Mark as VIP
12514,176.0,2,1597.76,510.3813537690145,Loyal Customers,0.518840850275463,Mark as VIP
12515,263.0,1,383.7,355.1556965892922,At Risk,0.7837628146697975,Offer Discount; Send Retention Campaign
12516,90.0,3,1919.76,423.83765825277374,Loyal Customers,0.5087539327927749,Mark as VIP
12517,36.0,2,1538.7,360.76529262090565,Loyal Customers,0.5388981872591296,Maintain Engagement
12518,20.0,1,324.83,260.3999233705305,Loyal Customers,0.5509257581414028,Maintain Engagement
12519,386.0,1,385.7,79.80760174926348,At Risk,0.8097528625460069,Offer Discount; Send Retention Campaign
12520,52.0,4,2045.85,475.96179826155674,Loyal Customers,0.47295054395093,Mark as VIP
12521,52.0,1,599.68,262.0286634176967,Loyal Customers,0.5583635972544785,Maintain Engagement
12523,17.0,19,3600.13,731.8707460548683,Loyal Customers,0.1202822843924438,Mark as VIP
12524,72.0,15,9762.87,2054.9684996328565,Loyal Customers,0.17429330701001028,Mark as VIP
12525,407.0,3,973.73,230.12878265044577,At Risk,0.7636627477820978,Offer Discount; Send Retention Campaign
12526,4.0,1,520.3,281.09887237865786,Loyal Customers,0.5534055781434034,Maintain Engagement
12527,204.0,4,671.72,128.2610134256883,Loyal Customers,0.48475870182721564,Maintain Engagement
12528,24.0,4,1287.37,340.20676185394234,Loyal Customers,0.4713033176208924,Maintain Engagement
12529,438.0,1,316.48,186.08399776118864,At Risk,0.7987747584636149,Offer Discount; Send Retention Campaign
12530,33.0,8,3318.63,719.4489554894874,Loyal Customers,0.3508862965506979,Mark as VIP
12531,596.0,1,1807.98,65.84676216452112,At Risk,0.8344184993457237,Offer Discount; Send Retention Campaign
12533,537.0,2,1367.89,80.96269538450258,At Risk,0.807139600244067,Offer Discount; Send Retention Campaign
12534,40.0,1,1089.18,299.71260515674743,Loyal Customers,0.5665730484954897,Maintain Engagement
12535,1.0,2,716.35,389.0767290440766,Loyal Customers,0.5116171484641646,Maintain Engagement
12537,318.0,1,732.94,-76.71612668046026,At Risk,0.8290422688890111,Offer Discount; Send Retention Campaign
12538,288.0,1,276.5,22.783775041833223,At Risk,0.8129498941334694,Offer Discount; Send Retention Campaign
12539,171.0,6,10164.09,2014.7080079002073,Loyal Customers,0.4153460815988761,Mark as VIP
12540,2.0,27,18101.11,3729.5962159484206,Loyal Customers,0.04247601744844397,Mark as VIP
12541,82.0,2,536.14,84.19440024625095,Loyal Customers,0.5507669618604373,Maintain Engagement
12542,393.0,2,481.88,-81.38147430284181,At Risk,0.8062776584242379,Offer Discount; Send Retention Campaign
12543,358.0,1,980.25,32.97170989588085,At Risk,0.8238839907804401,Offer Discount; Send Retention Campaign
12545,169.0,1,628.15,105.50530681479,Loyal Customers,0.5815035847973489,Maintain Engagement
12547,107.0,3,383.58,36.883453955717016,Loyal Customers,0.5217110926488487,Maintain Engagement
12548,76.0,1,95.19999999999999,117.95121031542175,Loyal Customers,0.5649971205526959,Maintain Engagement
12549,485.0,6,1575.68,102.47683279232669,At Risk,0.7178213089902299,Offer Discount; Send Retention Campaign
12551,267.0,1,168.0,26.3595289391817,At Risk,0.8107587339869552,Offer Discount; Send Retention Campaign
12553,20.0,9,3336.06,854.1395931047025,Loyal Customers,0.30600556978915494,Mark as VIP
12554,358.0,1,468.5,-0.10010258095951485,At Risk,0.8182187221442279,Offer Discount; Send Retention Campaign
12555,591.0,1,129.23,-139.49690205928488,At Risk,0.8245108212267124,Offer Discount; Send Retention Campaign
12556,61.0,1,312.9,139.58260220235968,Loyal Customers,0.5679434332837808,Maintain Engagement
12557,68.0,7,15726.14,3284.410762404468,Loyal Customers,0.3588376469159414,Mark as VIP
12559,220.0,2,561.71,137.7906462819422,Loyal Customers,0.5437449960246953,Maintain Engagement
12560,22.0,2,1436.31,355.2140353398603,Loyal Customers,0.5368260737282977,Maintain Engagement
12561,212.0,1,238.85,158.0429246846635,Loyal Customers,0.563244407743944,Maintain Engagement
12562,36.0,5,2790.41,768.6078729010478,Loyal Customers,0.42021560950196796,Mark as VIP
12563,318.0,1,249.24,318.7369041071796,At Risk,0.7847824125491016,Offer Discount; Send Retention Campaign
12564,171.0,1,456.9,329.77189157338853,Loyal Customers,0.5446093560888856,Maintain Engagement
12565,198.0,1,145.92,0.909239818590379,Loyal Customers,0.5830730762480125,Maintain Engagement
12567,6.0,14,12158.56,2784.2791101267867,Loyal Customers,0.17043561845349287,Mark as VIP
12568,554.0,1,70.0,-25.29496959334608,At Risk,0.8136604389064785,Offer Discount; Send Retention Campaign
12569,2.0,15,2167.68,359.21216988457525,Loyal Customers,0.1937707832218402,Maintain Engagement
12570,591.0,1,77.52,-142.83865764927492,At Risk,0.8239463209067052,Offer Discount; Send Retention Campaign
12571,31.0,1,248.35,386.8780923471841,Loyal Customers,0.5304792999934943,Maintain Engagement
12573,137.0,5,717.41,292.70547830874114,Loyal Customers,0.4307373789976404,Maintain Engagement
12574,225.0,1,218.45000000000002,287.1369212088375,At Risk,0.7872940409114968,Offer Discount; Send Retention Campaign
12575,367.0,2,622.82,190.95137936127486,At Risk,0.7830005003330103,Offer Discount; Send Retention Campaign
12576,5.0,7,1763.44,176.8062168684647,Loyal Customers,0.41399029036326734,Maintain Engagement
12577,268.0,6,1191.84,308.63231109072336,At Risk,0.6835583862883281,Send Retention Campaign
12578,240.0,3,3456.6,842.7081021100121,At Risk,0.7496032435210368,Offer Discount; Mark as VIP; Send Retention Campaign
12580,156.0,2,1052.9,223.97725563106866,Loyal Customers,0.5450563782535286,Maintain Engagement
12582,148.0,4,1980.4,532.1694368641614,Loyal Customers,0.46295478650161026,Mark as VIP
12583,16.0,21,11398.27,2501.0326694970736,Loyal Customers,0.08364636014280834,Mark as VIP
12584,36.0,4,782.59,448.9818744677778,Loyal Customers,0.4414344296197037,Mark as VIP
12585,144.0,2,2040.1,381.5133036152765,Loyal Customers,0.5499529715136557,Maintain Engagement
12586,284.0,3,1865.73,529.7959379948514,At Risk,0.7500823274482407,Offer Discount; Mark as VIP; Send Retention Campaign
12588,309.0,3,743.88,219.4327361946269,At Risk,0.7600810478929537,Offer Discount; Send Retention Campaign
12589,54.0,7,4180.48,1042.6306365408816,Loyal Customers,0.35919236690838197,Mark as VIP
12590,121.0,2,9864.26,1756.7872158843375,Loyal Customers,0.5703544509734113,Mark as VIP
12591,227.0,3,1352.15,467.2698728483999,At Risk,0.7460104777014956,Offer Discount; Mark as VIP; Send Retention Campaign
12592,2.0,5,2582.66,605.761614963757,Loyal Customers,0.43770691568382786,Mark as VIP
12593,18.0,3,418.09999999999997,325.8629819429641,Loyal Customers,0.4806118115433052,Maintain Engagement
12594,31.0,13,4281.79,1071.6229097352807,Loyal Customers,0.20627779112421044,Mark as VIP
12595,414.0,1,299.02,60.08916569044675,At Risk,0.8100137676987824,Offer Discount; Send Retention Campaign
12596,152.0,1,269.95,90.92753542052662,Loyal Customers,0.5737000324419554,Maintain Engagement
12597,92.0,2,1428.81,215.6924452164361,Loyal Customers,0.5567604777253887,Maintain Engagement
12598,71.0,7,3095.39,800.6221445024672,Loyal Customers,0.363437423359173,Mark as VIP
12599,36.0,12,2121.18,522.1887130745324,Loyal Customers,0.24152831762128243,Mark as VIP
12600,22.0,19,4381.4400000000005,772.9705894209375,Loyal Customers,0.12725909746634637,Mark as VIP
12601,99.0,6,681.26,150.14275400803353,Loyal Customers,0.4189574741459529,Maintain Engagement
12604,171.0,1,178.5,311.78030858647617,Loyal Customers,0.539401929967025,Maintain Engagement
12605,286.0,4,1232.95,199.93511661695425,At Risk,0.7488627435690711,Offer Discount; Send Retention Campaign
12606,591.0,1,21.0,-146.49125919532474,At Risk,0.8233276792993524,Offer Discount; Send Retention Campaign
12608,314.0,1,415.79,89.67142220534475,At Risk,0.8093909897183659,Offer Discount; Send Retention Campaign
12609,96.0,8,3109.7400000000002,642.0295126280296,Loyal Customers,0.3558003299135916,Mark as VIP
12610,16.0,2,1256.25,547.5661841765822,Loyal Customers,0.503784218584061,Mark as VIP
12613,107.0,9,4953.21,1029.4214356061648,Loyal Customers,0.3233878186464371,Mark as VIP
12614,187.0,1,315.6,175.60712656217794,Loyal Customers,0.5628602698062453,Maintain Engagement
12615,78.0,5,4084.53,1012.5331957565397,Loyal Customers,0.42121722674717565,Mark as VIP
12616,5.0,3,1131.1,460.5602753564967,Loyal Customers,0.48113258193373665,Mark as VIP
12619,26.0,6,2227.6,512.0796761873847,Loyal Customers,0.4101831760011323,Mark as VIP
12620,114.0,1,561.66,365.2796623958928,Loyal Customers,0.5424131405721905,Maintain Engagement
12621,10.0,30,21281.18,4517.57687813904,Loyal Customers,0.026680093947578563,Mark as VIP
12622,141.0,1,180.1,190.0422449272271,Loyal Customers,0.5570144929887092,Maintain Engagement
12623,186.0,7,3747.84,746.3141284149161,Loyal Customers,0.388149694539421,Mark as VIP
12624,16.0,2,641.13,370.63674283928475,Loyal Customers,0.5121779846727791,Maintain Engagement
12625,121.0,4,5164.88,1052.0931547886157,Loyal Customers,0.4771305167313359,Mark as VIP
12626,22.0,6,4774.0,1052.8075916019363,Loyal Customers,0.4035899358164543,Mark as VIP
12627,6.0,5,2727.83,642.3029246483253,Loyal Customers,0.43650438716368034,Mark as VIP
12629,295.0,2,1558.22,21.833309909382876,At Risk,0.8157019173930358,Offer Discount; Send Retention Campaign
12631,366.0,5,2841.07,595.152017457169,At Risk,0.7143881289127173,Offer Discount; Mark as VIP; Send Retention Campaign
12632,430.0,2,804.88,51.401211264887024,At Risk,0.7998136902572108,Offer Discount; Send Retention Campaign
12633,39.0,6,5462.93,1188.5422011266264,Loyal Customers,0.40329186732264827,Mark as VIP
12634,445.0,2,490.0,-37.44390130952206,At Risk,0.802392787995738,Offer Discount; Send Retention Campaign
12635,64.0,3,1924.8700000000001,438.11492833678176,Loyal Customers,0.506818891118152,Mark as VIP
12636,648.0,1,141.0,-111.79155229879052,At Risk,0.8223570125877347,Offer Discount; Send Retention Campaign
12637,1.0,11,7981.91,1873.7762403624456,Loyal Customers,0.24188234994152188,Mark as VIP
12638,549.0,1,249.8,-224.40217709143906,At Risk,0.8334549419297423,Offer Discount; Send Retention Campaign
12639,148.0,3,1312.3700000000001,70.98356574896022,Loyal Customers,0.5428919814908342,Maintain Engagement
12641,25.0,1,185.9,35.65311397301099,Loyal Customers,0.5792448061914377,Maintain Engagement
12642,17.0,1,366.45,264.60212186524967,Loyal Customers,0.551483543270786,Maintain Engagement
12643,38.0,12,8350.42,1927.0448412234916,Loyal Customers,0.22114933720113147,Mark as VIP
12644,39.0,4,1918.49,455.48306950859046,Loyal Customers,0.47233745870955673,Mark as VIP
12645,19.0,7,3074.98,685.3198758697605,Loyal Customers,0.3785766206535647,Mark as VIP
12647,36.0,33,17088.24,3465.0142584238656,Loyal Customers,0.021064150187140564,Mark as VIP
12648,64.0,4,1112.0,284.48567090855784,Loyal Customers,0.474456713433844,Maintain Engagement
12649,17.0,8,2294.65,503.73106448341383,Loyal Customers,0.3531631723174532,Mark as VIP
12651,244.0,4,377.75,188.4946174237253,At Risk,0.7315649081539705,Offer Discount; Send Retention Campaign
12652,241.0,2,1017.03,313.78330959987323,At Risk,0.7783733674440236,Offer Discount; Send Retention Campaign
12653,58.0,3,4160.83,146.8745511551782,Loyal Customers,0.6105610884372609,Maintain Engagement
12654,107.0,3,337.75,129.73382537735694,Loyal Customers,0.5069032571950782,Maintain Engagement
12655,333.0,1,261.35,235.45902371463876,At Risk,0.793089950622134,Offer Discount; Send Retention Campaign
12656,26.0,6,5177.33,1271.6327061008185,Loyal Customers,0.384033943586796,Mark as VIP
12661,345.0,1,162.0,-127.22566613332862,At Risk,0.824011468303261,Offer Discount; Send Retention Campaign
12662,17.0,16,5791.9,1157.2441856977935,Loyal Customers,0.16681891645668678,Mark as VIP
12663,534.0,2,239.4,-87.17175136271851,At Risk,0.802496908889744,Offer Discount; Send Retention Campaign
12664,53.0,5,3145.64,814.380751598525,Loyal Customers,0.4235013344442388,Mark as VIP
12665,234.0,3,313.6,59.40410786914424,At Risk,0.768124047998959,Offer Discount; Send Retention Campaign
12666,303.0,1,1248.42,-523.1341294385372,At Risk,0.8695790546886875,Offer Discount; Send Retention Campaign
12668,169.0,9,10562.0,2237.1405280473955,Loyal Customers,0.30828462851916855,Mark as VIP
12669,60.0,3,2744.0299999999997,727.6044977255427,Loyal Customers,0.4877927290983122,Mark as VIP
12670,8.0,5,2398.71,701.7061260062962,Loyal Customers,0.41892941901492614,Mark as VIP
12671,515.0,1,2622.481,159.32157004460606,At Risk,0.839545343061241,Offer Discount; Send Retention Campaign
12672,239.0,2,437.05,225.31282022895823,At Risk,0.7759504935878145,Offer Discount; Send Retention Campaign
12673,236.0,2,840.4,153.0104288339076,At Risk,0.7908299735019437,Offer Discount; Send Retention Campaign
12674,1.0,3,1402.0,513.1647471820952,Loyal Customers,0.48112285863952214,Mark as VIP
12675,463.0,2,958.5,274.9120043363294,At Risk,0.7811274111213041,Offer Discount; Send Retention Campaign
12676,33.0,9,2509.75,314.58011081078837,Loyal Customers,0.35483941230286853,Maintain Engagement
12677,465.0,2,395.1,105.87423717956204,At Risk,0.7870239891576467,Offer Discount; Send Retention Campaign
12678,10.0,18,24934.98,5675.102539081532,Loyal Customers,0.08850737426177664,Mark as VIP
12679,115.0,2,906.38,360.98322374819844,Loyal Customers,0.5210681639685135,Maintain Engagement
12680,23.0,1,311.78,395.0106083226341,Loyal Customers,0.5310843193674954,Maintain Engagement
12681,61.0,38,26947.32,5816.521592542698,Loyal Customers,0.008740850245434329,Mark as VIP
12682,10.0,41,19965.61,4137.243846362105,Loyal Customers,0.007224471599871004,Mark as VIP
12683,2.0,18,10842.4,2429.3509979253013,Loyal Customers,0.11575517039827506,Mark as VIP
12684,80.0,4,1379.48,473.4869260566198,Loyal Customers,0.4545836212416556,Mark as VIP
12685,2.0,2,1606.42,694.5087324986706,Loyal Customers,0.4922717603766003,Mark as VIP
12686,281.0,1,178.28,256.30744470193247,At Risk,0.7895335659495011,Offer Discount; Send Retention Campaign
12687,390.0,2,2138.91,229.87639888338407,At Risk,0.8071954594625443,Offer Discount; Send Retention Campaign
12688,23.0,1,4873.8099999999995,-147.6760586784352,Loyal Customers,0.7223765434260571,Offer Discount
12689,37.0,1,511.03,400.82875421849525,Loyal Customers,0.5358445771182441,Maintain Engagement
12690,115.0,1,389.01,353.61799718386493,Loyal Customers,0.5392554255108258,Maintain Engagement
12691,55.0,5,690.9,328.3565035862567,Loyal Customers,0.42491872681885823,Maintain Engagement
12692,547.0,1,110.95,117.84715718589501,At Risk,0.8014194514708788,Offer Discount; Send Retention Campaign
12693,36.0,7,1703.02,381.879887430218,Loyal Customers,0.38371233189622417,Maintain Engagement
12694,92.0,2,1413.18,448.35287781383164,Loyal Customers,0.5226556047115888,Mark as VIP
12695,17.0,5,1158.92,442.7653427803056,Loyal Customers,0.42155576237196063,Mark as VIP
12696,344.0,2,851.91,219.4186579542623,At Risk,0.784576704544245,Offer Discount; Send Retention Campaign
12697,41.0,2,733.91,24.1930165314962,Loyal Customers,0.5649026038856102,Maintain Engagement
12698,500.0,1,339.75,19.36276135845469,At Risk,0.8143359700477092,Offer Discount; Send Retention Campaign
12699,327.0,1,638.11,125.86558382426068,At Risk,0.8100124945048051,Offer Discount; Send Retention Campaign
12700,66.0,2,2149.05,575.9146751576513,Loyal Customers,0.5248577687091914,Mark as VIP
12701,152.0,5,1985.78,407.74621032137793,Loyal Customers,0.4495371608078515,Mark as VIP
12703,543.0,3,722.98,-17.65783168456676,At Risk,0.7839639015910261,Offer Discount; Send Retention Campaign
12704,15.0,3,1100.92,435.35374495627747,Loyal Customers,0.48394851471425815,Mark as VIP
12705,68.0,9,9056.33,1955.7722083201925,Loyal Customers,0.3069643994789137,Mark as VIP
12707,201.0,1,603.42,324.1156522382483,Loyal Customers,0.5495288578778659,Maintain Engagement
12708,11.0,15,4632.96,912.3574877446788,Loyal Customers,0.1870313682915207,Mark as VIP
12709,6.0,30,28587.61,6232.4648076438025,Loyal Customers,0.0225241872331053,Mark as VIP
12710,6.0,3,1149.02,327.94762262910683,Loyal Customers,0.5009486381507398,Maintain Engagement
12711,521.0,2,1339.05,85.71434944898817,At Risk,0.8061995059774754,Offer Discount; Send Retention Campaign
12712,16.0,19,6710.61,1314.2657669325408,Loyal Customers,0.12157340477250331,Mark as VIP
12714,16.0,11,12774.55,2940.9963540462313,Loyal Customers,0.22746962772382745,Mark as VIP
12715,16.0,1,353.86,51.04504432331777,Loyal Customers,0.581682985965192,Maintain Engagement
12716,43.0,1,677.9,408.58770069477754,Loyal Customers,0.5394084341381618,Mark as VIP
12717,61.0,3,1308.91,-719.2582671076439,Loyal Customers,0.6529615856666797,Maintain Engagement
12720,4.0,22,6168.78,1139.073579688832,Loyal Customers,0.08961407108348823,Mark as VIP
12721,92.0,6,3055.86,791.2193286098575,Loyal Customers,0.39358564106417343,Mark as VIP
12722,24.0,3,929.65,420.8540658349818,Loyal Customers,0.481225324082232,Mark as VIP
12724,83.0,5,1566.47,493.5425877482566,Loyal Customers,0.4255766658723576,Mark as VIP
12725,281.0,4,2694.56,700.3819478632671,At Risk,0.7243446120771827,Offer Discount; Mark as VIP; Send Retention Campaign
12726,94.0,9,2872.8199999999997,713.8237703873201,Loyal Customers,0.31228731185034225,Mark as VIP
12727,5.0,9,5036.53,1236.1287506983415,Loyal Customers,0.29958374772759755,Mark as VIP
12728,167.0,4,851.15,320.38639361306105,Loyal Customers,0.4619088253329928,Maintain Engagement
12729,23.0,1,453.01,404.13758844203653,Loyal Customers,0.5337336214068599,Maintain Engagement
12730,431.0,1,829.25,85.78436532191739,At Risk,0.8168347127967392,Offer Discount; Send Retention Campaign
12731,54.0,13,18204.05,4141.720828313068,Loyal Customers,0.17319608802501443,Mark as VIP
12732,89.0,1,236.26000000000002,356.8549450988859,Loyal Customers,0.5344943945865507,Maintain Engagement
12733,143.0,4,2424.87,458.96730302126434,Loyal Customers,0.4861116280074474,Mark as VIP
12734,262.0,3,639.65,247.38963367726035,At Risk,0.7549249966369438,Offer Discount; Send Retention Campaign
12735,225.0,2,779.5699999999999,292.1453412032689,At Risk,0.7759094526184902,Offer Discount; Send Retention Campaign
12736,242.0,1,234.0,279.5709572925208,At Risk,0.7883247957506438,Offer Discount; Send Retention Campaign
12737,408.0,2,3710.5,810.6678804943786,At Risk,0.7809240834018156,Offer Discount; Mark as VIP; Send Retention Campaign
12738,281.0,1,310.7,127.89853016697373,At Risk,0.8040664393026489,Offer Discount; Send Retention Campaign
12739,8.0,3,2689.23,82.1515895156684,Loyal Customers,0.5795877437762379,Maintain Engagement
12741,439.0,2,406.07,-4.207587152815108,At Risk,0.7977781003931047,Offer Discount; Send Retention Campaign
12742,535.0,1,1201.52,-465.75010216226246,At Risk,0.8651224226941074,Offer Discount; Send Retention Campaign
12743,43.0,2,546.43,-30.24593056051333,Loyal Customers,0.5674902272728625,Maintain Engagement
12744,54.0,9,18249.74,7066.910351877119,Loyal Customers,0.059876541710219854,Mark as VIP
12745,396.0,3,925.41,61.13503465783032,At Risk,0.780036735089495,Offer Discount; Send Retention Campaign
12746,450.0,1,254.55,10.684243330336585,At Risk,0.8136438222849803,Offer Discount; Send Retention Campaign
12747,19.0,23,7849.93,1473.1654962662676,Loyal Customers,0.07942038684931765,Mark as VIP
12748,1.0,259,36987.41,3377.910834968964,Champions,5.07644904107055e-13,Mark as VIP
12749,40.0,7,5561.71,1182.0903007363972,Loyal Customers,0.37659083567956725,Mark as VIP
12750,38.0,1,275.88,14.577144160704563,Loyal Customers,0.5847063357738955,Maintain Engagement
12751,354.0,1,268.27,-159.5895849024676,At Risk,0.8284432154793862,Offer Discount; Send Retention Campaign
12753,45.0,5,16620.91,4524.335056797851,Loyal Customers,0.27940484014363093,Mark as VIP
12754,145.0,3,3010.74,1655.9647108725246,Loyal Customers,0.36362511522367563,Mark as VIP
12755,190.0,11,9030.66,2935.6060105088436,Loyal Customers,0.16211036668900763,Mark as VIP
12757,52.0,7,5281.08,1043.0130892804923,Loyal Customers,0.388240143284039,Mark as VIP
12758,26.0,7,9903.24,2043.1626573928568,Loyal Customers,0.37398321086357883,Mark as VIP
12759,81.0,7,4571.82,954.1703060314965,Loyal Customers,0.38152056640266485,Mark as VIP
12760,365.0,1,347.8,65.86553584475641,At Risk,0.8103438987522964,Offer Discount; Send Retention Campaign
12761,367.0,2,782.95,78.40648994873541,At Risk,0.7968813877044353,Offer Discount; Send Retention Campaign
12763,48.0,2,814.16,1300.8195708417384,Loyal Customers,0.38372838445523433,Mark as VIP
12764,226.0,1,1693.88,0.786654714775068,At Risk,0.8378460860435959,Offer Discount; Send Retention Campaign
12765,382.0,6,1404.58,138.69386289843933,At Risk,0.7095583649485867,Offer Discount; Send Retention Campaign
12766,59.0,7,8030.84,1624.8525476559878,Loyal Customers,0.38154132520114636,Mark as VIP
12767,285.0,1,949.82,42.27682589438433,At Risk,0.8225945630847332,Offer Discount; Send Retention Campaign
12768,360.0,1,168.69,-46.01636607375622,At Risk,0.8171565002983339,Offer Discount; Send Retention Campaign
12769,148.0,1,1143.6,0.8374824739659061,Loyal Customers,0.6102089870811769,Maintain Engagement
12770,120.0,2,3246.45,1635.3744097595854,Loyal Customers,0.4027956960040273,Mark as VIP
12771,395.0,1,282.3,-39.725282958973594,At Risk,0.8185230883397414,Offer Discount; Send Retention Campaign
12773,473.0,1,124.25,-89.26447654180254,At Risk,0.8201522115228254,Offer Discount; Send Retention Campaign
12774,445.0,1,98.7,9.433902550595803,At Risk,0.8110701819023022,Offer Discount; Send Retention Campaign
12775,99.0,6,1464.76,293.3786189332452,Loyal Customers,0.42019407607722564,Maintain Engagement
12776,577.0,1,55.5,-146.14107041220836,At Risk,0.8238644759416616,Offer Discount; Send Retention Campaign
12777,367.0,1,519.45,69.64945919708242,At Risk,0.8129721691204702,Offer Discount; Send Retention Campaign
12778,93.0,7,1445.51,275.5451755175535,Loyal Customers,0.39151240540479665,Maintain Engagement
12779,99.0,13,5740.32,921.0550149377381,Loyal Customers,0.25068839005914845,Mark as VIP
12780,508.0,1,337.4,-6.902803837081706,At Risk,0.8165991212114238,Offer Discount; Send Retention Campaign
12781,194.0,1,549.26,278.26618434280994,Loyal Customers,0.5546220630117685,Maintain Engagement
12782,59.0,10,4365.99,803.0956385203419,Loyal Customers,0.31004184716987354,Mark as VIP
12784,439.0,1,1230.33,-0.6423607024990474,At Risk,0.8307195659706447,Offer Discount; Send Retention Campaign
12785,274.0,3,1100.4,73.90270771619805,At Risk,0.7821459698191722,Offer Discount; Send Retention Campaign
12786,519.0,1,728.5,12.826145122908997,At Risk,0.8214460852807656,Offer Discount; Send Retention Campaign
12787,1.0,3,743.18,232.937580369357,Loyal Customers,0.5033235053211181,Maintain Engagement
12788,373.0,4,444.90000000000003,-19.753569543613935,At Risk,0.7561182060618411,Offer Discount; Send Retention Campaign
12789,422.0,2,181.5,-64.66471962585206,At Risk,0.7993626064740663,Offer Discount; Send Retention Campaign
12790,102.0,2,591.85,159.08263186609898,Loyal Customers,0.5415111107054015,Maintain Engagement
12791,283.0,6,1056.1100000000001,114.06652503686487,At Risk,0.7043731627945966,Offer Discount; Send Retention Campaign
12792,166.0,2,827.01,76.27229750407872,Loyal Customers,0.5600234953802342,Maintain Engagement
12793,244.0,3,1017.33,77.13232682314043,At Risk,0.7802195893771994,Offer Discount; Send Retention Campaign
12794,8.0,1,317.0,157.6308038388774,Loyal Customers,0.5654747882431287,Maintain Engagement
12796,538.0,1,381.0,-19.210241882757146,At Risk,0.8184041775600521,Offer Discount; Send Retention Campaign
12797,275.0,2,806.11,20.47811944947904,At Risk,0.802705218322822,Offer Discount; Send Retention Campaign
12798,80.0,2,3140.9300000000003,1639.4363607771077,Loyal Customers,0.39936263223611307,Mark as VIP
12799,438.0,1,219.35,1101.4129098580797,At Risk,0.6972643437989435,Mark as VIP; Send Retention Campaign
12800,380.0,3,584.25,-72.81678901588714,At Risk,0.7867392728162228,Offer Discount; Send Retention Campaign
12801,410.0,1,1071.82,-101.19962255872093,At Risk,0.8363638401529169,Offer Discount; Send Retention Campaign
12802,96.0,7,2416.42,483.1825212026886,Loyal Customers,0.3888307151818547,Mark as VIP
12803,303.0,1,1092.81,145.27027135498153,At Risk,0.816103709098729,Offer Discount; Send Retention Campaign
12804,375.0,2,327.02,-14.668866543710578,At Risk,0.797319945325032,Offer Discount; Send Retention Campaign
12805,291.0,4,1434.95,211.9378429681071,At Risk,0.7518288154872654,Offer Discount; Send Retention Campaign
12806,345.0,4,2878.96,469.4241722543946,At Risk,0.7542736184136641,Offer Discount; Mark as VIP; Send Retention Campaign
12807,293.0,1,330.34999999999997,-90.12924301036873,At Risk,0.8236353627604539,Offer Discount; Send Retention Campaign
12808,94.0,4,703.8,81.47504422931223,Loyal Customers,0.49247656654155353,Maintain Engagement
12809,87.0,3,1755.94,287.190878697529,Loyal Customers,0.5240144498254895,Maintain Engagement
12810,444.0,2,534.99,1059.0612502144286,At Risk,0.6829700685392174,Mark as VIP; Send Retention Campaign
12811,170.0,5,1033.9,96.5111908057716,Loyal Customers,0.46785634541944643,Maintain Engagement
12813,411.0,3,1687.8,198.48720595939196,At Risk,0.7810851123928416,Offer Discount; Send Retention Campaign
12814,11.0,1,125.92,18.498565167936988,Loyal Customers,0.5800288589939552,Maintain Engagement
12815,57.0,2,1063.46,44.833868161735325,Loyal Customers,0.571089598194321,Maintain Engagement
12816,5.0,2,572.2,-5.152038372933703,Loyal Customers,0.5646137639906229,Maintain Engagement
12817,190.0,3,690.98,105.85616898004972,Loyal Customers,0.5203504882815414,Maintain Engagement
12818,171.0,1,1542.08,217.6674390901421,Loyal Customers,0.590703281800922,Maintain Engagement
12819,368.0,1,540.52,70.50693714678101,At Risk,0.8132580720851306,Offer Discount; Send Retention Campaign
12820,236.0,8,1917.64,283.1224465627977,Loyal Customers,0.3730350208796588,Maintain Engagement
12821,124.0,2,220.8,84.75291403700965,Loyal Customers,0.5418538608385156,Maintain Engagement
12823,36.0,17,5966.0,1141.0988379100086,Loyal Customers,0.15362369845194457,Mark as VIP
12825,431.0,2,518.63,-23.610602633830922,At Risk,0.8016265689085774,Offer Discount; Send Retention Campaign
12826,88.0,9,2299.65,424.59292685569073,Loyal Customers,0.33499409779376804,Mark as VIP
12828,8.0,3,415.51,171.0648624214685,Loyal Customers,0.5030795430182123,Maintain Engagement
12829,246.0,3,385.3,38.468042547239634,At Risk,0.7717204114150253,Offer Discount; Send Retention Campaign
12830,1.0,5,6414.32,1368.5474271864216,Loyal Customers,0.4348859783830479,Mark as VIP
12831,172.0,3,451.11,87.81820413001822,Loyal Customers,0.5162068889044542,Maintain Engagement
12832,8.0,1,267.8,234.383448387996,Loyal Customers,0.5530809780362074,Maintain Engagement
12833,55.0,1,417.38,220.35407964980573,Loyal Customers,0.5592715127251633,Maintain Engagement
12834,192.0,1,312.38,144.49723782524933,Loyal Customers,0.567226137689428,Maintain Engagement
12835,337.0,41,6043.31,526.3223158405931,Loyal Customers,0.012221553338722695,Mark as VIP
12836,47.0,14,6085.29,1214.638761058768,Loyal Customers,0.20517920251345884,Mark as VIP
12837,82.0,2,688.41,177.23515701106044,Loyal Customers,0.5415941619550186,Maintain Engagement
12838,283.0,9,3106.14,506.48388451466843,At Risk,0.6200170081381455,Mark as VIP; Send Retention Campaign
12839,2.0,21,7577.7,1456.3597989543769,Loyal Customers,0.09824997919678846,Mark as VIP
12840,53.0,7,4041.97,848.0020723244184,Loyal Customers,0.3819896173314474,Mark as VIP
12841,16.0,32,6369.77,950.0951117723941,Loyal Customers,0.030545637656935472,Mark as VIP
12842,218.0,3,1109.73,183.6608457444696,Loyal Customers,0.5208459115433621,Maintain Engagement
12843,69.0,29,6578.46,1032.1409310493266,Loyal Customers,0.04310148444797896,Mark as VIP
12844,40.0,3,497.52,162.07200521399528,Loyal Customers,0.5067062195037614,Maintain Engagement
12845,177.0,4,354.09000000000003,65.27228113084658,Loyal Customers,0.48496077676361515,Maintain Engagement
12846,591.0,1,15.58,-75.8470796081184,At Risk,0.8171684246265418,Offer Discount; Send Retention Campaign
12847,297.0,1,765.36,120.83324380909482,At Risk,0.8126625219988576,Offer Discount; Send Retention Campaign
12848,585.0,1,208.0,-60.38693179069469,At Risk,0.819063628583483,Offer Discount; Send Retention Campaign
12849,178.0,5,2744.17,522.1186958883353,Loyal Customers,0.4542578099572384,Mark as VIP
12850,355.0,1,330.0,63.45629867692304,At Risk,0.8102504888726357,Offer Discount; Send Retention Campaign
12851,6.0,2,284.13,153.92151927817963,Loyal Customers,0.5336141358730168,Maintain Engagement
12852,204.0,1,311.55,138.39356497346301,Loyal Customers,0.5680760099624168,Maintain Engagement
12853,44.0,11,3907.5,772.1961318688976,Loyal Customers,0.2766918664725269,Mark as VIP
12854,151.0,6,2479.89,473.8250825730937,Loyal Customers,0.42252766727091245,Mark as VIP
12855,282.0,4,650.94,66.86752592294641,At Risk,0.7510693090912003,Offer Discount; Send Retention Campaign
12857,120.0,6,3688.0,744.4805931732271,Loyal Customers,0.41736695363623494,Mark as VIP
12858,293.0,1,177.92,84.88664775852345,At Risk,0.8056461865609796,Offer Discount; Send Retention Campaign
12859,368.0,1,575.1,72.74166753358924,At Risk,0.8136534702366081,Offer Discount; Send Retention Campaign
12860,603.0,1,55.47,-79.31922494831326,At Risk,0.8181421944310141,Offer Discount; Send Retention Campaign
12861,529.0,1,68.25,-41.18477428883739,At Risk,0.8150304006292435,Offer Discount; Send Retention Campaign
12862,335.0,2,1008.3199999999999,100.52234953466217,At Risk,0.7989102902571666,Offer Discount; Send Retention Campaign
12863,288.0,5,2271.35,370.345199088967,At Risk,0.7277835920368478,Offer Discount; Send Retention Campaign
12864,48.0,2,299.57,135.11434745750904,Loyal Customers,0.5367743963301439,Maintain Engagement
12865,33.0,3,2736.62,555.9113676192811,Loyal Customers,0.5125901911147869,Mark as VIP
12866,193.0,3,1227.35,425.97411108834984,Loyal Customers,0.4888831853339847,Mark as VIP
12867,6.0,12,6902.21,1450.4603558548208,Loyal Customers,0.24141611135118296,Mark as VIP
12868,95.0,8,2247.06,427.7858337788326,Loyal Customers,0.3620938319119353,Mark as VIP
12869,591.0,1,337.66999999999996,-55.03203304111207,At Risk,0.8207666023765879,Offer Discount; Send Retention Campaign
12870,285.0,3,1676.95,253.42912183907794,At Risk,0.7753480406941208,Offer Discount; Send Retention Campaign
12871,117.0,2,495.38,130.4611109281729,Loyal Customers,0.5429448253725934,Maintain Engagement
12872,236.0,12,3685.4900000000002,609.325244105238,Loyal Customers,0.2653562922501926,Mark as VIP
12873,192.0,3,2027.3,363.60931687759967,Loyal Customers,0.5205554382094425,Maintain Engagement
12874,295.0,2,948.42,317.8309990260598,At Risk,0.7766240158518012,Offer Discount; Send Retention Campaign
12875,53.0,5,1356.9900000000002,299.9177999674786,Loyal Customers,0.4475023625738382,Maintain Engagement
12876,106.0,3,2590.2,717.0508091037241,Loyal Customers,0.48498619138619853,Mark as VIP
12877,34.0,17,2478.63,339.88126448618027,Loyal Customers,0.16332613847768265,Maintain Engagement
12878,146.0,2,854.99,175.86810231760006,Loyal Customers,0.5464615197944411,Maintain Engagement
12879,1.0,1,140.5,229.68588025629094,Loyal Customers,0.5501998528729246,Maintain Engagement
12880,291.0,2,640.13,64.96308828490669,At Risk,0.7955335858907708,Offer Discount; Send Retention Campaign
12881,185.0,1,298.0,147.0971177929772,Loyal Customers,0.5664551520320521,Maintain Engagement
12885,33.0,1,645.35,246.17835624810442,Loyal Customers,0.5619108404817492,Maintain Engagement
12886,129.0,1,775.0,206.15670635510105,Loyal Customers,0.5712354449729046,Maintain Engagement
12887,293.0,1,222.4,87.76116504034047,At Risk,0.8061704518925477,Offer Discount; Send Retention Campaign
12888,123.0,2,354.12,109.34983299547707,Loyal Customers,0.5420359511617678,Maintain Engagement
12889,290.0,4,385.46000000000004,1.6666104808464297,At Risk,0.7525604442037509,Offer Discount; Send Retention Campaign
12890,297.0,1,336.8,93.13757999849457,At Risk,0.8076964881389882,Offer Discount; Send Retention Campaign
12891,95.0,11,840.5,58.54753389338424,Loyal Customers,0.29076330013583757,Maintain Engagement
12892,306.0,1,263.38,83.85529137082659,At Risk,0.8072474758536471,Offer Discount; Send Retention Campaign
12894,485.0,1,157.35,-13.243233674563498,At Risk,0.814091964540591,Offer Discount; Send Retention Campaign
12897,114.0,4,514.25,113.869133632527,Loyal Customers,0.48240891668228236,Maintain Engagement
12898,373.0,2,310.96,-26.58785712325073,At Risk,0.7981477580960015,Offer Discount; Send Retention Campaign
12899,323.0,1,366.4,81.94207085919817,At Risk,0.8092246914483816,Offer Discount; Send Retention Campaign
12900,332.0,1,340.33000000000004,75.71977308796096,At Risk,0.8093295932492579,Offer Discount; Send Retention Campaign
12901,18.0,19,11639.47,2431.4350569636254,Loyal Customers,0.11188860668400027,Mark as VIP
12902,174.0,1,138.68,142.34693716885766,Loyal Customers,0.5627095465324521,Maintain Engagement
12903,338.0,1,833.5300000000001,104.56777587214225,At Risk,0.8152642966115552,Offer Discount; Send Retention Campaign
12904,82.0,1,244.69,195.58142210978866,Loyal Customers,0.5580189095219924,Maintain Engagement
12905,486.0,2,1018.42,25.07805253995457,At Risk,0.8060587277896716,Offer Discount; Send Retention Campaign
12907,305.0,2,508.91,38.7543915752384,At Risk,0.7956056345408739,Offer Discount; Send Retention Campaign
12908,86.0,5,1776.0,369.4381964826166,Loyal Customers,0.4491945557730831,Maintain Engagement
12909,111.0,6,2452.89,488.37763985663827,Loyal Customers,0.41971661839038304,Mark as VIP
12910,44.0,9,4208.38,868.44288439275,Loyal Customers,0.32549877089796636,Mark as VIP
12911,461.0,1,1680.47,97.28837155224022,At Risk,0.8298465748972446,Offer Discount; Send Retention Campaign
12913,192.0,11,5083.62,961.7947525898169,Loyal Customers,0.2812035675902548,Mark as VIP
12914,310.0,1,223.98,79.29239072773379,At Risk,0.8069682207616558,Offer Discount; Send Retention Campaign
12915,58.0,4,1174.75,271.6071053819483,Loyal Customers,0.47809744353115785,Maintain Engagement
12916,48.0,7,4654.0199999999995,982.2362816403676,Loyal Customers,0.37985489492088986,Mark as VIP
12917,37.0,6,4359.2,927.7589365279847,Loyal Customers,0.4098614511986098,Mark as VIP
12918,536.0,1,10953.5,658.7446551720803,At Risk,0.9093162148716807,Offer Discount; Mark as VIP; Send Retention Campaign
12919,26.0,3,441.65,163.28606611915217,Loyal Customers,0.5049511366875818,Maintain Engagement
12920,481.0,3,323.86,-90.7051712358749,At Risk,0.783533602165192,Offer Discount; Send Retention Campaign
12921,8.0,61,29417.420000000002,5809.736140215926,Loyal Customers,0.0006273086414960277,Mark as VIP
12922,71.0,1,405.38,211.5118681797848,Loyal Customers,0.5602070504740004,Maintain Engagement
12923,300.0,2,612.9,56.31220764140323,At Risk,0.7958528188419428,Offer Discount; Send Retention Campaign
12924,108.0,11,2190.97,354.79033372206345,Loyal Customers,0.2866545650827693,Maintain Engagement
12925,502.0,1,35.28,-29.702881680890528,At Risk,0.8134548875514036,Offer Discount; Send Retention Campaign
12926,320.0,4,1548.46,213.23376782873078,At Risk,0.7540744874688613,Offer Discount; Send Retention Campaign
12927,304.0,1,197.31,80.59386068379746,At Risk,0.8063799197519027,Offer Discount; Send Retention Campaign
12928,57.0,10,3378.33,663.8165381324865,Loyal Customers,0.30356490876172243,Mark as VIP
12929,221.0,1,117.85,117.30483259446163,At Risk,0.8015937840152338,Offer Discount; Send Retention Campaign
12930,81.0,1,221.56,194.59081678597727,Loyal Customers,0.5575165376287214,Maintain Engagement
12931,11.0,53,82822.08,18628.817275864694,Loyal Customers,0.0004134980630268002,Mark as VIP
12932,449.0,8,1698.56,131.57499854635205,At Risk,0.662892978724574,Send Retention Campaign
12933,80.0,7,1436.99,273.6087832306875,Loyal Customers,0.39155183728048465,Maintain Engagement
12934,646.0,1,181.65,-92.84413920568807,At Risk,0.8214132323418688,Offer Discount; Send Retention Campaign
12935,19.0,12,3618.5,703.1627382809666,Loyal Customers,0.25339950232326397,Mark as VIP
12937,107.0,7,2021.57,385.8660585800078,Loyal Customers,0.3917065860183576,Maintain Engagement
12939,48.0,16,21673.08,4755.710199312509,Loyal Customers,0.12892636829016507,Mark as VIP
12941,634.0,1,377.49,-74.13795702100765,At Risk,0.8230548748801785,Offer Discount; Send Retention Campaign
12942,41.0,3,942.65,243.0285161923914,Loyal Customers,0.5074884726981661,Maintain Engagement
12943,468.0,2,496.5,-43.4127375395168,At Risk,0.8030598927662117,Offer Discount; Send Retention Campaign
12944,264.0,1,286.95,106.5536207142357,At Risk,0.8055985558163854,Offer Discount; Send Retention Campaign
12945,198.0,2,900.11,151.06803738029566,Loyal Customers,0.5513023361291884,Maintain Engagement
12946,346.0,1,324.45,67.63515588046556,At Risk,0.8097792335807241,Offer Discount; Send Retention Campaign
12947,53.0,6,1908.03,403.7267195098573,Loyal Customers,0.41673669639516053,Maintain Engagement
12948,15.0,6,1676.44,372.56692607891,Loyal Customers,0.41478989252273596,Maintain Engagement
12949,24.0,21,14808.9,3122.9038411430793,Loyal Customers,0.08543112978693536,Mark as VIP
12951,83.0,14,2901.4300000000003,471.4882574728988,Loyal Customers,0.21738054744927363,Mark as VIP
12953,432.0,1,498.96,35.55427587314716,At Risk,0.815626289735709,Offer Discount; Send Retention Campaign
12954,548.0,1,162.45,-44.67632578689154,At Risk,0.8169343642548742,Offer Discount; Send Retention Campaign
12955,2.0,6,1843.36,416.48509417502163,Loyal Customers,0.413157667030918,Mark as VIP
12956,215.0,4,521.89,64.25883285907918,Loyal Customers,0.4898460239521741,Maintain Engagement
12957,96.0,9,6404.72,1327.082906135367,Loyal Customers,0.3213308912974086,Mark as VIP
12958,309.0,2,539.49,40.590637514414425,At Risk,0.795993338309524,Offer Discount; Send Retention Campaign
12959,393.0,1,150.95,32.726761885768155,At Risk,0.8098923277551265,Offer Discount; Send Retention Campaign
12960,323.0,4,1322.0700000000002,167.55027069647895,At Risk,0.7542665724124406,Offer Discount; Send Retention Campaign
12961,288.0,1,211.99,89.60926699004295,At Risk,0.8058181027617785,Offer Discount; Send Retention Campaign
12962,23.0,1,170.54,220.53548414094212,Loyal Customers,0.5523586142947075,Maintain Engagement
12963,275.0,5,2110.76,344.70779711780654,At Risk,0.7271473790646295,Offer Discount; Send Retention Campaign
12964,346.0,1,132.24,55.213596376462704,At Risk,0.807538243962772,Offer Discount; Send Retention Campaign
12967,267.0,3,4306.92,749.8589370704526,At Risk,0.7767273945309848,Offer Discount; Mark as VIP; Send Retention Campaign
12968,22.0,1,135.95,218.80427701745384,Loyal Customers,0.5516414049431145,Maintain Engagement
12969,512.0,1,122.45,-29.111220884959152,At Risk,0.8148931309124071,Offer Discount; Send Retention Campaign
12970,232.0,8,1096.53,105.79278290851767,Loyal Customers,0.3755031097747548,Maintain Engagement
12971,2.0,94,12948.2,1195.9422415256681,Loyal Customers,2.158099505238599e-05,Mark as VIP
12972,323.0,4,1161.2,135.95168520218522,At Risk,0.7543097590113246,Offer Discount; Send Retention Campaign
12973,323.0,1,385.55,83.17963843893727,At Risk,0.8094473607096001,Offer Discount; Send Retention Campaign
12974,107.0,2,408.95,122.05028533368284,Loyal Customers,0.5417369673589955,Maintain Engagement
12975,346.0,6,2100.09,296.0324991985863,At Risk,0.7068546159323633,Offer Discount; Send Retention Campaign
12976,121.0,8,3156.38,611.458019911694,Loyal Customers,0.3611090279206908,Mark as VIP
12977,65.0,4,517.63,139.1916042451382,Loyal Customers,0.4788209014605584,Maintain Engagement
12978,295.0,5,2502.82,413.518089847173,At Risk,0.7279818549469409,Offer Discount; Mark as VIP; Send Retention Campaign
12979,639.0,1,517.7,-562.3755571955999,At Risk,0.8626563313701207,Offer Discount; Send Retention Campaign
12980,67.0,21,16245.78,3434.774036696318,Loyal Customers,0.08393140075664667,Mark as VIP
12981,43.0,1,187.18,211.52745286988824,Loyal Customers,0.5541207950852588,Maintain Engagement
12982,152.0,8,2744.81,506.32284967775445,Loyal Customers,0.3645194109782884,Mark as VIP
12983,508.0,1,490.08,-3.336476550076668,At Risk,0.818861067464846,Offer Discount; Send Retention Campaign
12986,338.0,10,2729.84,378.8486175922276,At Risk,0.5973103299127278,Send Retention Campaign
12987,107.0,4,1057.81,223.85185520937426,Loyal Customers,0.4817445872972447,Maintain Engagement
12988,202.0,1,535.32,153.86302657424517,Loyal Customers,0.5720645633228466,Maintain Engagement
12989,67.0,26,11096.78,2149.3043842298184,Loyal Customers,0.054222365197079486,Mark as VIP
12990,95.0,6,809.9,149.70763320756856,Loyal Customers,0.4225623587919874,Maintain Engagement
12991,22.0,2,564.62,188.79518074820857,Loyal Customers,0.5364443594141651,Maintain Engagement
12992,634.0,1,93.35,-92.50048715714729,At Risk,0.8199151511963162,Offer Discount; Send Retention Campaign
12993,30.0,7,1217.27,251.55831856820794,Loyal Customers,0.3887011388171025,Maintain Engagement
12994,29.0,2,645.47,198.13618889353546,Loyal Customers,0.5373627560989407,Maintain Engagement
12996,285.0,1,355.5,100.39610050824092,At Risk,0.8073675571270946,Offer Discount; Send Retention Campaign
12997,146.0,6,1492.49,268.2508925379648,Loyal Customers,0.42453089344705264,Maintain Engagement
12998,402.0,3,920.08,57.430625357572126,At Risk,0.7803036412114929,Offer Discount; Send Retention Campaign
12999,106.0,3,455.88,125.93669068834129,Loyal Customers,0.5107926333105677,Maintain Engagement
13000,16.0,4,1032.5,264.6158024273476,Loyal Customers,0.47510359940798197,Maintain Engagement
13001,67.0,31,22968.7,4838.672986731542,Loyal Customers,0.023651466130588078,Mark as VIP
13002,228.0,3,414.13,53.79688005080942,At Risk,0.7707192531134108,Offer Discount; Send Retention Campaign
13003,15.0,3,149.05,113.14191118437623,Loyal Customers,0.5039894601874828,Maintain Engagement
13004,24.0,30,9780.03,1784.8265080917106,Loyal Customers,0.035429796104185514,Mark as VIP
13005,83.0,4,999.68,225.04890245053696,Loyal Customers,0.479930562599649,Maintain Engagement
13007,489.0,1,175.25,-14.103125319272522,At Risk,0.8144736506390269,Offer Discount; Send Retention Campaign
13008,233.0,3,612.13,85.69036679871533,At Risk,0.7713885102366796,Offer Discount; Send Retention Campaign
13009,582.0,1,234.0,-57.19417484143389,At Risk,0.8192233007195209,Offer Discount; Send Retention Campaign
13010,284.0,2,330.12,20.950573187307782,At Risk,0.7940023809136544,Offer Discount; Send Retention Campaign
13011,281.0,1,101.10000000000001,85.97219410551912,At Risk,0.8041836505336365,Offer Discount; Send Retention Campaign
13012,58.0,7,2323.3,475.75818739717414,Loyal Customers,0.38735902129411626,Mark as VIP
13013,2.0,25,11500.92,2294.7763170785192,Loyal Customers,0.05892199247527384,Mark as VIP
13014,23.0,6,3937.2799999999997,846.5294468732352,Loyal Customers,0.4097773723040997,Mark as VIP
13015,106.0,10,5003.18,1001.0795849478378,Loyal Customers,0.30084386750214265,Mark as VIP
13016,33.0,1,425.25,231.95440719846584,Loyal Customers,0.5578240707355837,Maintain Engagement
13018,2.0,25,7561.17,1376.0053179327654,Loyal Customers,0.06412410898222429,Mark as VIP
13019,289.0,6,1229.95,140.8304665692167,At Risk,0.705215785999829,Offer Discount; Send Retention Campaign
13020,472.0,2,618.96,-28.642252166086223,At Risk,0.8038860806359893,Offer Discount; Send Retention Campaign
13021,76.0,12,3423.33,630.1165334206445,Loyal Customers,0.25729911100827235,Mark as VIP
13022,339.0,1,65.3,262.16817145200173,At Risk,0.786831842363537,Offer Discount; Send Retention Campaign
13023,39.0,2,1095.53,260.99414864141056,Loyal Customers,0.5408992016878401,Maintain Engagement
13024,380.0,2,555.87,7.897027210977512,At Risk,0.7993665861495918,Offer Discount; Send Retention Campaign
13025,641.0,1,323.39,-81.16335280390717,At Risk,0.8227604935963613,Offer Discount; Send Retention Campaign
13026,2.0,7,1361.92,296.6452885139593,Loyal Customers,0.38634524909300916,Maintain Engagement
13027,23.0,19,17335.2,3737.9949750173937,Loyal Customers,0.10071827081119215,Mark as VIP
13029,48.0,4,1453.0,331.41757167735557,Loyal Customers,0.4772473059202819,Maintain Engagement
13030,278.0,1,855.48,136.23646404331157,At Risk,0.8128464806100355,Offer Discount; Send Retention Campaign
13031,317.0,5,3419.27,592.1662998103889,At Risk,0.7278763384359894,Offer Discount; Mark as VIP; Send Retention Campaign
13032,302.0,7,1833.3700000000001,254.91059763978097,At Risk,0.678476177597244,Send Retention Campaign
13033,267.0,2,220.55,14.574637033829731,At Risk,0.7925811505389296,Offer Discount; Send Retention Campaign
13034,279.0,2,445.77,46.02870687690961,At Risk,0.7937497640533385,Offer Discount; Send Retention Campaign
13035,170.0,2,775.32,146.69873236259616,Loyal Customers,0.5484419828644547,Maintain Engagement
13036,594.0,1,307.1,-58.520125961099325,At Risk,0.8205572961558172,Offer Discount; Send Retention Campaign
13037,48.0,12,3914.95,755.1061285952777,Loyal Customers,0.2540117614507584,Mark as VIP
13038,93.0,2,591.76,158.13966593496502,Loyal Customers,0.5416450050002553,Maintain Engagement
13039,493.0,4,1010.73,21.78737504434389,At Risk,0.7633712239259519,Offer Discount; Send Retention Campaign
13041,360.0,4,799.13,47.26085286393305,At Risk,0.7562991142390301,Offer Discount; Send Retention Campaign
13042,508.0,3,1556.54,120.01105942595854,At Risk,0.7863220462426346,Offer Discount; Send Retention Campaign
13043,183.0,1,516.42,162.2208359706991,Loyal Customers,0.570348569948835,Maintain Engagement
13044,201.0,11,4853.9,905.9464762597236,Loyal Customers,0.2825360683786236,Mark as VIP
13045,9.0,3,808.92,234.41665570195102,Loyal Customers,0.5049652348110375,Maintain Engagement
13046,176.0,2,517.66,104.27651672099336,Loyal Customers,0.5473525420825686,Maintain Engagement
13047,36.0,22,8239.63,1574.340551945743,Loyal Customers,0.08802710051519212,Mark as VIP
13048,23.0,8,3623.35,762.5425334938916,Loyal Customers,0.3530131811347159,Mark as VIP
13049,227.0,3,905.34,144.47714476825104,At Risk,0.7711909035473494,Offer Discount; Send Retention Campaign
13050,16.0,31,11017.41,2059.272507255607,Loyal Customers,0.030726675024787074,Mark as VIP
13051,488.0,2,155.8,-104.80903039177451,At Risk,0.8026284032799093,Offer Discount; Send Retention Campaign
13052,122.0,7,3168.53,625.4313703484698,Loyal Customers,0.3893312001628696,Mark as VIP
13053,531.0,1,127.65,-38.3543919442028,At Risk,0.8157925312809916,Offer Discount; Send Retention Campaign
13055,123.0,2,1451.56,273.29928010452494,Loyal Customers,0.5490981726207473,Maintain Engagement
13056,461.0,1,209.48,2.225732694775729,At Risk,0.8136188830843283,Offer Discount; Send Retention Campaign
13057,440.0,3,722.09,3.2239563341940993,At Risk,0.7818787911644861,Offer Discount; Send Retention Campaign
13058,61.0,1,47.550000000000004,193.4288214239478,Loyal Customers,0.5528274496308297,Maintain Engagement
13059,159.0,10,2303.17,373.05651626994677,Loyal Customers,0.3137913975175319,Maintain Engagement
13060,163.0,1,307.53000000000003,158.80472274019445,Loyal Customers,0.5650436949917229,Maintain Engagement
13062,101.0,1,346.98,192.6126863673528,Loyal Customers,0.5612940171550447,Maintain Engagement
13063,390.0,1,188.4,36.65947438531714,At Risk,0.8101909314820777,Offer Discount; Send Retention Campaign
13064,62.0,4,1220.5,278.57856586701814,Loyal Customers,0.47837387783529284,Maintain Engagement
13065,282.0,5,1260.91,166.44191606640703,At Risk,0.7286993884853332,Offer Discount; Send Retention Campaign
13067,319.0,2,393.05,17.051848031819986,At Risk,0.7955329410531874,Offer Discount; Send Retention Campaign
13068,229.0,1,165.0,116.31854236144244,At Risk,0.8025309527466599,Offer Discount; Send Retention Campaign
13069,9.0,34,9121.71,1558.9762354099514,Loyal Customers,0.02284940003613088,Mark as VIP
13070,102.0,4,751.7,166.18321865752102,Loyal Customers,0.48149762884587355,Maintain Engagement
13071,522.0,1,129.22,-33.71540517576523,At Risk,0.8154126686660482,Offer Discount; Send Retention Campaign
13072,176.0,1,177.15,143.8247195425293,Loyal Customers,0.563567237419961,Maintain Engagement
13073,321.0,2,418.08,21.698369641032286,At Risk,0.795552629894605,Offer Discount; Send Retention Campaign
13074,420.0,4,1378.74,130.0071069750722,At Risk,0.7594706620830939,Offer Discount; Send Retention Campaign
13075,39.0,1,919.61,260.8773749117592,Loyal Customers,0.5674241644691013,Maintain Engagement
13076,367.0,1,135.4,44.830251416465956,At Risk,0.8085321537618273,Offer Discount; Send Retention Campaign
13077,199.0,10,2912.84,488.3401190163894,Loyal Customers,0.3141621878096608,Mark as VIP
13078,16.0,46,23821.66,4781.379520617948,Loyal Customers,0.004075817310175383,Mark as VIP
13079,1.0,3,258.58,138.53460266034926,Loyal Customers,0.5033848230532663,Maintain Engagement
13080,89.0,4,280.73,80.38984882898251,Loyal Customers,0.4806909547129022,Maintain Engagement
13081,53.0,25,49737.89,11191.031960052484,Loyal Customers,0.025740291305761043,Mark as VIP
13082,35.0,21,7335.75,1383.826798394052,Loyal Customers,0.09958007528341219,Mark as VIP
13083,335.0,1,91.67999999999999,58.13827349489242,At Risk,0.8065590849748773,Offer Discount; Send Retention Campaign
13084,401.0,1,122.39999999999999,26.84836377879344,At Risk,0.8099229634221954,Offer Discount; Send Retention Campaign
13085,67.0,8,2433.28,480.4310726710233,Loyal Customers,0.3598719010372327,Mark as VIP
13086,292.0,1,439.33000000000004,102.2844225464076,At Risk,0.8086664571533025,Offer Discount; Send Retention Campaign
13087,636.0,1,313.64,-79.27259839453745,At Risk,0.8224389223892911,Offer Discount; Send Retention Campaign
13088,327.0,1,236.11,71.50540952041405,At Risk,0.807886901947428,Offer Discount; Send Retention Campaign
13089,9.0,177,101236.52,20528.124584501802,Champions,1.1181947831389968e-09,Mark as VIP
13090,46.0,19,10104.29,2057.0042812645024,Loyal Customers,0.11640758201005846,Mark as VIP
13091,639.0,2,1976.0,264.36265173385493,At Risk,0.8011317670025251,Offer Discount; Send Retention Campaign
13092,121.0,11,2102.2,328.6143247244607,Loyal Customers,0.28772340521869705,Maintain Engagement
13093,185.0,55,54943.65,11898.689072127352,Loyal Customers,0.0006930972889398323,Mark as VIP
13094,39.0,11,2051.52,360.16293978383993,Loyal Customers,0.28280751314308417,Maintain Engagement
13096,304.0,1,419.7000000000001,94.9658008434937,At Risk,0.8089828661663322,Offer Discount; Send Retention Campaign
13097,32.0,26,12022.51,2382.917794494353,Loyal Customers,0.05262882765955362,Mark as VIP
13098,4.0,18,15169.46,3265.282160097947,Loyal Customers,0.11594900161643731,Mark as VIP
13099,8.0,1,207.36,230.47751708149815,Loyal Customers,0.5519549731242953,Maintain Engagement
13101,144.0,4,695.4,134.0825900062576,Loyal Customers,0.4845798116138703,Maintain Engagement
13102,43.0,32,10234.53,1843.639584048589,Loyal Customers,0.028155982104079425,Mark as VIP
13103,347.0,2,465.70000000000005,10.472352350815413,At Risk,0.7974850649131815,Offer Discount; Send Retention Campaign
13104,43.0,6,987.06,213.12046227151683,Loyal Customers,0.418436736516641,Maintain Engagement
13105,346.0,1,72.0,51.32059005774289,At Risk,0.8068317760111371,Offer Discount; Send Retention Campaign
13106,43.0,2,603.46,184.1236931185926,Loyal Customers,0.5382123040981047,Maintain Engagement
13107,85.0,7,4656.67,964.2591307299986,Loyal Customers,0.3823963684109609,Mark as VIP
13108,282.0,2,1098.52,141.27947063950768,At Risk,0.7967236256690722,Offer Discount; Send Retention Campaign
13109,67.0,2,717.34,189.21145184417952,Loyal Customers,0.5406730982470609,Maintain Engagement
13110,46.0,10,2511.04,475.43130501292455,Loyal Customers,0.3060573259152372,Mark as VIP
13111,628.0,1,321.88000000000005,-74.7067327964138,At Risk,0.822186234088338,Offer Discount; Send Retention Campaign
13112,450.0,1,20.599999999999998,-4.434761122925352,At Risk,0.8109560541555387,Offer Discount; Send Retention Campaign
13113,23.0,33,17166.83,3462.2598637491665,Loyal Customers,0.021281474818764908,Mark as VIP
13114,640.0,1,234.38,-86.41144910177661,At Risk,0.8217372813732933,Offer Discount; Send Retention Campaign
13115,93.0,7,4078.4700000000003,836.0067937952899,Loyal Customers,0.38461690867362214,Mark as VIP
13116,48.0,1,501.14,229.29625112017584,Loyal Customers,0.5603200419864887,Maintain Engagement
13117,31.0,17,2500.67,346.7985869247989,Loyal Customers,0.1631157953904342,Maintain Engagement
13118,118.0,7,2017.3,380.8998446094347,Loyal Customers,0.3922812872102741,Maintain Engagement
13119,578.0,1,134.9,-61.58182823457423,At Risk,0.817939842144987,Offer Discount; Send Retention Campaign
13120,148.0,1,30.6,148.47068110408475,Loyal Customers,0.5588222310494734,Maintain Engagement
13121,178.0,1,283.73,149.70410650398316,Loyal Customers,0.5656858809546353,Maintain Engagement
13122,4.0,2,922.39,252.98398790540887,Loyal Customers,0.5371972204659863,Maintain Engagement
13123,382.0,2,506.75,0.9205868578773106,At Risk,0.7991281918048885,Offer Discount; Send Retention Campaign
13124,162.0,3,3490.24,645.9742062813015,Loyal Customers,0.520752325632735,Mark as VIP
13125,433.0,1,158.57,13.052423411749032,At Risk,0.8117828155561069,Offer Discount; Send Retention Campaign
13126,162.0,10,2976.03,521.2913533419714,Loyal Customers,0.3115695312563088,Mark as VIP
13128,541.0,1,263.5,-34.616789123117314,At Risk,0.817764085240189,Offer Discount; Send Retention Campaign
13129,362.0,2,233.25,-31.539996841918423,At Risk,0.7971961466574661,Offer Discount; Send Retention Campaign
13130,4.0,1,64.0,223.22956389309655,Loyal Customers,0.5489910990757726,Maintain Engagement
13131,97.0,5,2565.37,525.8234068070924,Loyal Customers,0.44871927922670574,Mark as VIP
13132,171.0,1,77.3,139.89276695793058,Loyal Customers,0.5613541224615848,Maintain Engagement
13133,183.0,3,200.45,36.81226700748664,Loyal Customers,0.5165552090117305,Maintain Engagement
13134,93.0,5,1567.39,324.0046514098,Loyal Customers,0.4499121092265715,Maintain Engagement
13135,106.0,2,3371.45,574.4236173803631,Loyal Customers,0.5593500971544735,Mark as VIP
13136,52.0,11,4893.63,989.2780872038963,Loyal Customers,0.2736891941046965,Mark as VIP
13137,2.0,13,5993.33,1233.2449244118807,Loyal Customers,0.22300002942760364,Mark as VIP
13138,43.0,4,994.3,244.25138482144018,Loyal Customers,0.47698666974435716,Maintain Engagement
13139,19.0,4,4848.9800000000005,1013.2404182469179,Loyal Customers,0.47387342129086013,Mark as VIP
13140,18.0,5,1215.68,288.91511773618663,Loyal Customers,0.4451404097340729,Maintain Engagement
13141,124.0,16,6680.86,1278.7888312105542,Loyal Customers,0.17097873531930718,Mark as VIP
13143,494.0,1,405.1,-1.769930679003778,At Risk,0.8172959613006225,Offer Discount; Send Retention Campaign
13144,242.0,2,135.35,13.55276249822441,At Risk,0.791092241106523,Offer Discount; Send Retention Campaign
13145,1.0,6,1304.72,301.36868572935225,Loyal Customers,0.41466370532545455,Maintain Engagement
13147,9.0,1,118.8,224.25016298071102,Loyal Customers,0.5503768314270001,Maintain Engagement
13148,43.0,24,7704.56,1408.0359619445474,Loyal Customers,0.07202952913172554,Mark as VIP
13149,16.0,3,1132.62,290.4803757083182,Loyal Customers,0.5059431712431812,Maintain Engagement
13150,394.0,3,449.96999999999997,-23.837423405172103,At Risk,0.7793127043607216,Offer Discount; Send Retention Campaign
13151,205.0,3,2580.7400000000002,457.789331373795,Loyal Customers,0.522467944371625,Mark as VIP
13152,327.0,7,2146.38,302.86886209654506,At Risk,0.6800942594680773,Send Retention Campaign
13154,308.0,3,1624.84,232.0881986258463,At Risk,0.7764863076645286,Offer Discount; Send Retention Campaign
13155,236.0,4,1347.6200000000001,217.1239226494493,At Risk,0.749415761897546,Offer Discount; Send Retention Campaign
13156,295.0,3,1586.54,231.8020974931124,At Risk,0.775763217158652,Offer Discount; Send Retention Campaign
13157,51.0,8,4819.34,1009.780042978234,Loyal Customers,0.35098088651933523,Mark as VIP
13158,4.0,5,1508.18,356.33931490408264,Loyal Customers,0.44360130901450345,Maintain Engagement
13159,16.0,2,851.59,254.07475675628677,Loyal Customers,0.5350493233094552,Maintain Engagement
13161,223.0,2,478.88,74.68149873041511,At Risk,0.7916208858254957,Offer Discount; Send Retention Campaign
13162,31.0,16,9275.49,1920.391692927439,Loyal Customers,0.15984818447851246,Mark as VIP
13163,519.0,1,17.65,-39.41310106956996,At Risk,0.8140105342172158,Offer Discount; Send Retention Campaign
13164,479.0,2,372.2,-69.81806422696025,At Risk,0.8032716713205371,Offer Discount; Send Retention Campaign
13165,261.0,2,784.32,104.00004027092444,At Risk,0.7944820312108554,Offer Discount; Send Retention Campaign
13166,193.0,2,884.18,152.00421807490108,Loyal Customers,0.5507219989351076,Maintain Engagement
13167,40.0,3,751.37,208.65557451217597,Loyal Customers,0.5070918182115826,Maintain Engagement
13168,109.0,4,1528.78,315.6582143100111,Loyal Customers,0.48167654786554065,Maintain Engagement
13169,162.0,2,632.4000000000001,128.48292829077207,Loyal Customers,0.5470704197261054,Maintain Engagement
13171,209.0,1,140.35,124.80892787198928,Loyal Customers,0.5652690047059407,Maintain Engagement
13172,310.0,1,69.6,69.3155926619309,At Risk,0.8051496969792171,Offer Discount; Send Retention Campaign
13173,277.0,10,2451.64,346.679810498193,At Risk,0.5942532683935136,Send Retention Campaign
13174,226.0,11,8786.08,1775.5961397180247,Loyal Customers,0.27006407213863654,Mark as VIP
13175,492.0,2,831.45,-6.972121434922542,At Risk,0.805674906384834,Offer Discount; Send Retention Campaign
13177,340.0,1,229.75,64.54019124385826,At Risk,0.8084047517252664,Offer Discount; Send Retention Campaign
13178,43.0,18,12725.45,2677.733434756924,Loyal Customers,0.12290654307656504,Mark as VIP
13179,528.0,1,572.3100000000001,-8.10575807935038,At Risk,0.820644775137472,Offer Discount; Send Retention Campaign
13180,517.0,1,86.10000000000001,-33.98118497714711,At Risk,0.8147014675108277,Offer Discount; Send Retention Campaign
13181,291.0,1,359.69,97.64186192593519,At Risk,0.8076905999787823,Offer Discount; Send Retention Campaign
13183,10.0,12,5473.38,1126.2242722314015,Loyal Customers,0.24648149704412156,Mark as VIP
13184,40.0,9,1504.44,276.62736371188777,Loyal Customers,0.33418256217164405,Maintain Engagement
13185,177.0,1,71.4,136.48646274222705,Loyal Customers,0.5616786685027103,Maintain Engagement
13186,3.0,2,1301.94,315.10293954833855,Loyal Customers,0.5388613716100686,Maintain Engagement
13187,246.0,4,367.01,18.581318408258085,At Risk,0.7503300927922982,Offer Discount; Send Retention Campaign
13189,25.0,1,127.0,216.7133752762635,Loyal Customers,0.5516925917922983,Maintain Engagement
13190,454.0,3,570.66,-32.54357561218569,At Risk,0.7825141030150623,Offer Discount; Send Retention Campaign
13191,567.0,1,164.69,-54.110786665249066,At Risk,0.8177928313116658,Offer Discount; Send Retention Campaign
13192,5.0,6,2558.58,563.8562268151583,Loyal Customers,0.41193423257029144,Mark as VIP
13194,45.0,2,472.78,163.1771311241364,Loyal Customers,0.5375754124748156,Maintain Engagement
13195,324.0,1,172.38,68.89937070309583,At Risk,0.8070032418739729,Offer Discount; Send Retention Campaign
13196,172.0,4,1783.19,333.8306958137497,Loyal Customers,0.4862121969643634,Maintain Engagement
13197,519.0,1,373.01000000000005,-16.447982785700788,At Risk,0.8180304670692696,Offer Discount; Send Retention Campaign
13198,30.0,7,4582.17,976.6644408499831,Loyal Customers,0.3787076690162471,Mark as VIP
13199,2.0,51,11355.93,1735.0550759975706,Loyal Customers,0.003115602617930947,Mark as VIP
13200,36.0,1,319.32,223.59617888374555,Loyal Customers,0.5560719339449811,Maintain Engagement
13201,412.0,4,1240.61,107.74323090395944,At Risk,0.7589886934396917,Offer Discount; Send Retention Campaign
13202,303.0,7,1580.3,192.73770168868026,At Risk,0.6801382623995647,Send Retention Campaign
13203,30.0,8,2088.65,423.7823659935809,Loyal Customers,0.3585054565572613,Mark as VIP
13204,641.0,1,966.6600000000001,-39.592068364284046,At Risk,0.8297186751070864,Offer Discount; Send Retention Campaign
13205,352.0,1,2803.2,224.79920607723187,At Risk,0.837142331604849,Offer Discount; Send Retention Campaign
13206,309.0,13,8377.32,1619.8786950229967,At Risk,0.48194046079024405,Mark as VIP; Send Retention Campaign
13207,60.0,3,483.12000000000006,149.3734173254806,Loyal Customers,0.5081489696246448,Maintain Engagement
13208,65.0,7,1599.67,316.14377114987303,Loyal Customers,0.39002787574892084,Maintain Engagement
13209,38.0,10,6773.98,1429.2927542479874,Loyal Customers,0.290554987953101,Mark as VIP
13210,3.0,1,353.48,242.44136071561644,Loyal Customers,0.5543134024070644,Maintain Engagement
13211,4.0,9,2418.54,492.9827385025141,Loyal Customers,0.32913523918472853,Mark as VIP
13213,38.0,10,3294.82,654.6054889796518,Loyal Customers,0.3027051362234357,Mark as VIP
13214,327.0,7,3264.23,543.9548327324586,At Risk,0.6770066028255252,Mark as VIP; Send Retention Campaign
13215,311.0,1,81.6,69.5869224158991,At Risk,0.8053375761398508,Offer Discount; Send Retention Campaign
13216,177.0,1,333.74,153.44016921056948,Loyal Customers,0.56653933419233,Maintain Engagement
13217,32.0,4,666.48,184.74309331803323,Loyal Customers,0.4763953028657222,Maintain Engagement
13218,36.0,1,62.63999999999999,207.00824956951902,Loyal Customers,0.5512923804840727,Maintain Engagement
13219,528.0,1,76.23,-40.16489776378796,At Risk,0.815076756938561,Offer Discount; Send Retention Campaign
13220,95.0,4,1243.29,266.5159292603659,Loyal Customers,0.4807709974285035,Maintain Engagement
13221,149.0,2,847.41,168.71303643591506,Loyal Customers,0.5472824236672815,Maintain Engagement
13222,487.0,1,88.5,-18.700999742542194,At Risk,0.8133947042663744,Offer Discount; Send Retention Campaign
13223,110.0,6,969.12,175.67434527483903,Loyal Customers,0.42326091850401837,Maintain Engagement
13224,61.0,1,1212.26,268.69813399825307,Loyal Customers,0.5744093828363539,Maintain Engagement
13225,52.0,14,14095.79,3037.0149909035954,Loyal Customers,0.18080697396483436,Mark as VIP
13226,183.0,2,312.46,69.98449375585301,Loyal Customers,0.5465578132091983,Maintain Engagement
13227,111.0,1,257.7,181.80127669618406,Loyal Customers,0.5603606487442464,Maintain Engagement
13229,135.0,1,160.95,163.44874555358314,Loyal Customers,0.5603016599487909,Maintain Engagement
13230,47.0,28,5787.99,879.1957046998464,Loyal Customers,0.04865377303406293,Mark as VIP
13232,8.0,5,1048.3,261.4697024138778,Loyal Customers,0.4444186279434498,Maintain Engagement
13233,246.0,3,875.58,127.09987655518592,At Risk,0.7723820429276098,Offer Discount; Send Retention Campaign
13234,582.0,2,356.95,-122.91258540221725,At Risk,0.8078476042488985,Offer Discount; Send Retention Campaign
13235,121.0,1,1031.07,226.73857055827654,Loyal Customers,0.5753806217885599,Maintain Engagement
13236,16.0,1,439.23,241.42874556019757,Loyal Customers,0.5568517938604168,Maintain Engagement
13237,297.0,1,643.0,112.92573628654236,At Risk,0.8112547929317303,Offer Discount; Send Retention Campaign
13238,73.0,4,624.75,156.03755233414392,Loyal Customers,0.47939221561838985,Maintain Engagement
13239,171.0,5,1594.69,290.2198572432602,Loyal Customers,0.45555415991493703,Maintain Engagement
13240,6.0,8,1738.52,359.5104015409522,Loyal Customers,0.3580189627035739,Maintain Engagement
13241,321.0,1,115.58,66.74118271228366,At Risk,0.80619809387958,Offer Discount; Send Retention Campaign
13242,22.0,7,699.4,144.08721670834706,Loyal Customers,0.3896758894854397,Maintain Engagement
13243,113.0,5,1278.04,253.6948788428782,Loyal Customers,0.4519599477762043,Maintain Engagement
13244,2.0,1,121.74000000000001,227.96934689000977,Loyal Customers,0.5499227054026627,Maintain Engagement
13245,342.0,1,558.72,84.79151836500836,At Risk,0.812304434764572,Offer Discount; Send Retention Campaign
13246,86.0,10,3261.12,623.4099575175766,Loyal Customers,0.3057467622584349,Mark as VIP
13248,34.0,2,465.68,169.724780944876,Loyal Customers,0.536427295068874,Maintain Engagement
13249,2.0,9,1608.9299999999998,315.29904559741294,Loyal Customers,0.33180022200810816,Maintain Engagement
13250,370.0,2,256.04,-30.13629364568351,At Risk,0.797480146575929,Offer Discount; Send Retention Campaign
13251,312.0,1,252.68,80.1387874484522,At Risk,0.807396254459653,Offer Discount; Send Retention Campaign
13252,303.0,2,399.3,22.037515499926712,At Risk,0.7951750353948756,Offer Discount; Send Retention Campaign
13253,66.0,4,2951.11,616.3400864282266,Loyal Customers,0.47806394266746,Mark as VIP
13254,286.0,1,51.41,80.24013332854139,At Risk,0.803825104723519,Offer Discount; Send Retention Campaign
13255,283.0,2,730.65,83.15049756773936,At Risk,0.7954736570996104,Offer Discount; Send Retention Campaign
13257,346.0,1,149.75,56.34517905642264,At Risk,0.8077432239471647,Offer Discount; Send Retention Campaign
13258,115.0,3,561.22,136.60462193875617,Loyal Customers,0.5122139047040591,Maintain Engagement
13259,307.0,8,1141.06,78.32494877747877,At Risk,0.6557112199820366,Send Retention Campaign
13261,178.0,2,944.1,177.51066436299902,Loyal Customers,0.5487191617805485,Maintain Engagement
13262,173.0,3,573.45,109.02832021039393,Loyal Customers,0.5165730470448178,Maintain Engagement
13263,17.0,27,6121.3,995.5623525781723,Loyal Customers,0.053348215741202416,Mark as VIP
13264,352.0,1,722.5600000000001,90.33797322561855,At Risk,0.8146235342421171,Offer Discount; Send Retention Campaign
13265,93.0,3,1465.66,313.6805893996791,Loyal Customers,0.5119705814838375,Maintain Engagement
13266,22.0,15,4836.36,924.9703674936836,Loyal Customers,0.18942054755848906,Mark as VIP
13267,2.0,32,8356.11,1421.3002984796206,Loyal Customers,0.029096396091203205,Mark as VIP
13268,79.0,6,2150.25,444.8100580742972,Loyal Customers,0.4175714900341859,Mark as VIP
13269,19.0,21,6526.92,1204.0748214274797,Loyal Customers,0.10078242036592215,Mark as VIP
13270,276.0,1,1180.0,158.21688823723804,At Risk,0.8164500112245484,Offer Discount; Send Retention Campaign
13273,23.0,1,138.98,218.4959210695809,Loyal Customers,0.5517705345122127,Maintain Engagement
13274,319.0,1,360.85,83.60008049919583,At Risk,0.8089785895266269,Offer Discount; Send Retention Campaign
13275,293.0,2,241.66,2.989574261426469,At Risk,0.7940791233302498,Offer Discount; Send Retention Campaign
13276,9.0,4,1485.71,357.2439759625503,Loyal Customers,0.47441574351288196,Maintain Engagement
13277,26.0,5,390.8,115.49929189699174,Loyal Customers,0.4470756843307438,Maintain Engagement
13278,309.0,3,893.12,99.03361556257431,At Risk,0.7755896760612393,Offer Discount; Send Retention Campaign
13280,32.0,7,2322.63,488.51666955987815,Loyal Customers,0.38557826745010965,Mark as VIP
13281,348.0,1,350.85,68.33291524173768,At Risk,0.8101758481393223,Offer Discount; Send Retention Campaign
13282,72.0,3,954.15,229.44887324717075,Loyal Customers,0.5097909378205421,Maintain Engagement
13283,95.0,3,305.2,99.39401923729332,Loyal Customers,0.5104024194748238,Maintain Engagement
13284,240.0,1,201.19,113.11145426006465,At Risk,0.8034735439288039,Offer Discount; Send Retention Campaign
13285,71.0,5,2625.57,551.3201980095935,Loyal Customers,0.4467277667645254,Mark as VIP
13286,510.0,1,734.91,11.477308212888147,At Risk,0.8216675080100501,Offer Discount; Send Retention Campaign
13287,513.0,3,781.59,-22.764575471516082,At Risk,0.7855852419755239,Offer Discount; Send Retention Campaign
13288,352.0,5,927.61,62.210535524616375,At Risk,0.7332362594331193,Offer Discount; Send Retention Campaign
13289,633.0,1,307.95,-78.1278057586934,At Risk,0.8222475222889692,Offer Discount; Send Retention Campaign
13290,347.0,1,208.63,59.646125945543474,At Risk,0.8084767740010036,Offer Discount; Send Retention Campaign
13291,65.0,11,3320.84,630.066912037778,Loyal Customers,0.28001067436187166,Mark as VIP
13292,194.0,4,665.14,103.58068666779553,Loyal Customers,0.4881656674106953,Maintain Engagement
13293,302.0,6,1192.94,126.87256221826726,At Risk,0.7060364686672147,Offer Discount; Send Retention Campaign
13294,99.0,3,1689.53,349.01678793400094,Loyal Customers,0.5131469973894266,Maintain Engagement
13295,269.0,4,1101.97,151.73528301577863,At Risk,0.751352876468576,Offer Discount; Send Retention Campaign
13296,47.0,6,792.51,170.2237640551586,Loyal Customers,0.4191694880896191,Maintain Engagement
13297,295.0,3,2278.77,358.3887119683926,At Risk,0.7765389879321426,Offer Discount; Send Retention Campaign
13299,178.0,3,1218.7,224.02706777427056,Loyal Customers,0.5180483529327572,Maintain Engagement
13300,79.0,3,1285.51,285.7307211119879,Loyal Customers,0.5109531270225158,Maintain Engagement
13301,13.0,4,618.09,186.00205403317597,Loyal Customers,0.47484845384507174,Maintain Engagement
13302,64.0,2,159.2,105.64004647771299,Loyal Customers,0.5371005731260933,Maintain Engagement
13303,310.0,1,61.72,68.8063481434794,At Risk,0.805056526862834,Offer Discount; Send Retention Campaign
13304,261.0,4,1217.99,178.05404081066456,At Risk,0.7509369885186892,Offer Discount; Send Retention Campaign
13305,2.0,14,3225.1,585.9665845533341,Loyal Customers,0.21229829590682506,Mark as VIP
13306,340.0,1,53.65,53.1597395053696,At Risk,0.8063410757676303,Offer Discount; Send Retention Campaign
13307,29.0,3,273.34,126.85605563882632,Loyal Customers,0.505502964500527,Maintain Engagement
13308,113.0,2,1099.81,224.34376303462363,Loyal Customers,0.5463176857295223,Maintain Engagement
13309,116.0,3,796.22,178.88252077564835,Loyal Customers,0.5126939623524844,Maintain Engagement
13310,116.0,4,1226.82,253.5755335114477,Loyal Customers,0.48218886171595254,Maintain Engagement
13311,60.0,1,490.11,222.53340389171387,Loyal Customers,0.5609837042200616,Maintain Engagement
13312,361.0,1,124.75,47.1670128935437,At Risk,0.8081347245827933,Offer Discount; Send Retention Campaign
13313,50.0,10,2808.34,539.659943691458,Loyal Customers,0.30524469618578776,Mark as VIP
13315,599.0,1,310.26000000000005,-60.836758717752446,At Risk,0.8208085082615224,Offer Discount; Send Retention Campaign
13316,41.0,8,10993.82,2363.241480560181,Loyal Customers,0.3305645289725734,Mark as VIP
13317,108.0,18,5526.391,985.2190402436584,Loyal Customers,0.14276601127624783,Mark as VIP
13319,1.0,51,18627.420000000002,3458.259533795079,Loyal Customers,0.0025975240457209274,Mark as VIP
13320,16.0,5,1660.55,381.2453416777306,Loyal Customers,0.44426936133677525,Maintain Engagement
13324,113.0,15,7190.51,1418.810272654286,Loyal Customers,0.18610739613091565,Mark as VIP
13326,341.0,1,281.76,67.39716480280634,At Risk,0.8090564155576216,Offer Discount; Send Retention Campaign
13327,22.0,19,8990.460000000001,1809.8134464744528,Loyal Customers,0.11828930021662788,Mark as VIP
13328,226.0,1,1308.48,191.7283760212449,At Risk,0.8156983156729448,Offer Discount; Send Retention Campaign
13329,276.0,7,4628.17,862.2527872495876,At Risk,0.670116380165452,Mark as VIP; Send Retention Campaign
13330,2.0,6,2806.18,617.6740744606446,Loyal Customers,0.4111159038680076,Mark as VIP
13331,311.0,1,262.4,81.27111136716968,At Risk,0.8074644562598219,Offer Discount; Send Retention Campaign
13333,321.0,3,1015.74,115.0892271311742,At Risk,0.7763721813074608,Offer Discount; Send Retention Campaign
13334,100.0,4,5458.77,1091.8768895140188,Loyal Customers,0.47963330792736786,Mark as VIP
13337,456.0,1,1575.26,93.01002929519228,At Risk,0.8285156341866138,Offer Discount; Send Retention Campaign
13338,67.0,4,2445.62,516.547156000292,Loyal Customers,0.4783197801864605,Mark as VIP
13339,110.0,1,860.12,221.23680189486902,Loyal Customers,0.5714392174126305,Maintain Engagement
13340,15.0,10,20593.62,4519.682893441168,Loyal Customers,0.24383919689035893,Mark as VIP
13341,170.0,1,775.85,185.54068753208907,Loyal Customers,0.5741987179198111,Maintain Engagement
13343,87.0,1,353.43,200.08789040111748,Loyal Customers,0.5604007015965418,Maintain Engagement
13344,187.0,1,1656.15,233.8591395207019,Loyal Customers,0.5915385642355152,Maintain Engagement
13345,197.0,1,389.5,146.9602655488835,Loyal Customers,0.5690123702795931,Maintain Engagement
13346,372.0,6,299.4,-95.00583052716956,At Risk,0.7118782449092703,Offer Discount; Send Retention Campaign
13355,32.0,1,674.7,248.57926771722816,Loyal Customers,0.5623828814370953,Maintain Engagement
13357,167.0,5,3838.36,752.032780216451,Loyal Customers,0.45170071057030053,Mark as VIP
13358,178.0,1,439.03,159.7403595135645,Loyal Customers,0.5685586856961725,Maintain Engagement
13359,313.0,1,603.75,102.32249523177518,At Risk,0.8115215381889658,Offer Discount; Send Retention Campaign
13360,341.0,4,1553.65,203.84895483633534,At Risk,0.7551956653654917,Offer Discount; Send Retention Campaign
13361,382.0,2,1450.5,142.94773610513766,At Risk,0.8029359810050217,Offer Discount; Send Retention Campaign
13362,155.0,5,3884.86,768.8622685715412,Loyal Customers,0.45057363006461104,Mark as VIP
13363,319.0,1,731.36,107.54426660724499,At Risk,0.8132557425715647,Offer Discount; Send Retention Campaign
13365,127.0,1,700.6,202.35694992711996,Loyal Customers,0.5697177728470119,Maintain Engagement
13367,341.0,1,510.2,82.16008584278558,At Risk,0.8117014729351273,Offer Discount; Send Retention Campaign
13368,166.0,4,1121.5,207.9880330080328,Loyal Customers,0.4858506517403534,Maintain Engagement
13369,275.0,1,616.5600000000001,122.30878218189434,At Risk,0.8099566612987289,Offer Discount; Send Retention Campaign
13370,281.0,1,1509.74,177.00546802320622,At Risk,0.8203608356568541,Offer Discount; Send Retention Campaign
13371,414.0,2,2297.66,256.16622879912734,At Risk,0.8076030208156891,Offer Discount; Send Retention Campaign
13373,68.0,5,6330.52,1312.9445739091543,Loyal Customers,0.4405294950713626,Mark as VIP
13374,324.0,2,422.8,19.348699337337393,At Risk,0.795861908866832,Offer Discount; Send Retention Campaign
13375,354.0,1,1013.58,108.13678391590179,At Risk,0.8179997319809889,Offer Discount; Send Retention Campaign
13376,8.0,3,1019.76,274.49181015874774,Loyal Customers,0.5050838919294596,Maintain Engagement
13377,306.0,2,1552.88,196.38102779660574,At Risk,0.7998216513891687,Offer Discount; Send Retention Campaign
13379,46.0,1,136.29,206.72618119166083,Loyal Customers,0.5533910043560639,Maintain Engagement
13380,342.0,1,62.4,52.71686869523711,At Risk,0.8065357112190298,Offer Discount; Send Retention Campaign
13381,23.0,10,7046.39,1497.3721603303486,Loyal Customers,0.2887267621460959,Mark as VIP
13382,190.0,5,1387.58,237.3012440058431,Loyal Customers,0.4573978019981731,Maintain Engagement
13383,453.0,1,305.28000000000003,12.450157942087799,At Risk,0.8143560196603388,Offer Discount; Send Retention Campaign
13384,38.0,6,4284.74,912.0725066935178,Loyal Customers,0.41003705758992876,Mark as VIP
13385,239.0,1,534.57,135.16028589984546,At Risk,0.8073643106967892,Offer Discount; Send Retention Campaign
13386,324.0,2,835.46,85.03536992156586,At Risk,0.7972164624078598,Offer Discount; Send Retention Campaign
13387,327.0,1,189.44,68.48936362242836,At Risk,0.8073405035786074,Offer Discount; Send Retention Campaign
13388,41.0,3,1185.65,286.64470018410486,Loyal Customers,0.5079997662089829,Maintain Engagement
13389,142.0,1,257.89,166.18430054059468,Loyal Customers,0.5626065794138367,Maintain Engagement
13391,113.0,1,59.8,168.0036622644805,Loyal Customers,0.5568287046343937,Maintain Engagement
13392,587.0,1,91.14,-68.94734117477151,At Risk,0.817842532042511,Offer Discount; Send Retention Campaign
13393,493.0,4,1131.45,45.33110498056527,At Risk,0.7633573704136425,Offer Discount; Send Retention Campaign
13394,25.0,16,5645.13,1090.6789252599044,Loyal Customers,0.1699276409865223,Mark as VIP
13395,95.0,3,1180.23,258.9810399735199,Loyal Customers,0.5118750722766467,Maintain Engagement
13396,229.0,1,387.27000000000004,130.68272752847196,At Risk,0.80517172291954,Offer Discount; Send Retention Campaign
13397,20.0,9,2875.93,586.0475039808186,Loyal Customers,0.3285745314667586,Mark as VIP
13398,102.0,2,670.34,164.63385127666146,Loyal Customers,0.5429099093398309,Maintain Engagement
13399,374.0,3,275.4,-42.475828368955604,At Risk,0.7777838966231707,Offer Discount; Send Retention Campaign
13400,492.0,1,310.83,-6.853784642724349,At Risk,0.8161447135412028,Offer Discount; Send Retention Campaign
13402,37.0,4,1535.13,352.9869934550233,Loyal Customers,0.4764272501067057,Maintain Engagement
13403,297.0,2,154.5,-12.498322446896736,At Risk,0.7939441992301802,Offer Discount; Send Retention Campaign
13404,122.0,1,217.81,173.67752324407235,Loyal Customers,0.5604162887174541,Maintain Engagement
13405,113.0,5,1198.81,237.25832761559946,Loyal Customers,0.45211451788375345,Maintain Engagement
13406,337.0,2,568.92,30.859742247724625,At Risk,0.7974503197884331,Offer Discount; Send Retention Campaign
13407,488.0,3,2244.7,256.35624605646393,At Risk,0.7860394238303596,Offer Discount; Send Retention Campaign
13408,9.0,85,41453.102,8178.23495881374,Loyal Customers,2.9056979865168806e-05,Mark as VIP
13410,97.0,7,1743.94,331.1351580676358,Loyal Customers,0.39182989638175963,Maintain Engagement
13411,17.0,1,213.55,226.34001983884508,Loyal Customers,0.5527240763598766,Maintain Engagement
13412,529.0,1,487.35,-14.100462400134347,At Risk,0.8197439798815639,Offer Discount; Send Retention Campaign
13413,549.0,6,429.44,-149.69599154107277,At Risk,0.7213339520941519,Offer Discount; Send Retention Campaign
13414,43.0,6,2494.14,531.3237739270802,Loyal Customers,0.41476524324010283,Mark as VIP
13415,382.0,4,800.67,35.34555766178016,At Risk,0.7576084999389794,Offer Discount; Send Retention Campaign
13416,646.0,1,228.3,-89.82938580648022,At Risk,0.8219283017926928,Offer Discount; Send Retention Campaign
13417,114.0,5,1264.66,250.36703761673823,Loyal Customers,0.4520657402541716,Maintain Engagement
13418,8.0,28,10850.3,2082.7762133421047,Loyal Customers,0.043008379031773535,Mark as VIP
13420,59.0,2,159.85,116.398258134211,Loyal Customers,0.5355598817057093,Maintain Engagement
13421,200.0,7,3077.08,566.6734136993748,Loyal Customers,0.395029290161884,Mark as VIP
13423,338.0,1,217.03,64.72650104659846,At Risk,0.808165175759741,Offer Discount; Send Retention Campaign
13424,359.0,1,572.77,77.1286170403568,At Risk,0.8132255741536318,Offer Discount; Send Retention Campaign
13425,17.0,5,3403.63,738.1949964378734,Loyal Customers,0.4415517605637262,Mark as VIP
13426,92.0,17,6084.74,1140.201983395058,Loyal Customers,0.15544516922290888,Mark as VIP
13427,30.0,5,888.79,215.37382613585186,Loyal Customers,0.4466010058121254,Maintain Engagement
13428,424.0,2,281.51,114.36566377511201,At Risk,0.7840277323472413,Offer Discount; Send Retention Campaign
13431,316.0,6,2047.14,300.27791848684126,At Risk,0.7050990224156449,Offer Discount; Send Retention Campaign
13432,481.0,2,439.1,-58.07931761318571,At Risk,0.8033854309825706,Offer Discount; Send Retention Campaign
13433,410.0,4,658.32,-6.316840512902218,At Risk,0.7591093658270228,Offer Discount; Send Retention Campaign
13434,6.0,4,1205.46,303.6896021541968,Loyal Customers,0.47430000575286574,Maintain Engagement
13435,20.0,5,1753.46,398.24416546709085,Loyal Customers,0.4444160967582351,Maintain Engagement
13437,8.0,4,2173.6,496.01188913824507,Loyal Customers,0.47363696749970086,Mark as VIP
13438,456.0,1,46.5,-5.785992281934227,At Risk,0.8115248263182543,Offer Discount; Send Retention Campaign
13439,165.0,3,986.61,188.35545353305503,Loyal Customers,0.5166894644234701,Maintain Engagement
13440,333.0,7,1295.25,135.96803135334227,At Risk,0.6803268431360724,Send Retention Campaign
13441,1.0,2,720.9,223.100348029739,Loyal Customers,0.5358651820059653,Maintain Engagement
13442,577.0,3,419.87,-119.65295921225788,At Risk,0.7881979053543471,Offer Discount; Send Retention Campaign
13443,358.0,6,1280.16,117.44204627222103,At Risk,0.7092126449671244,Offer Discount; Send Retention Campaign
13444,284.0,2,631.68,67.62097009970881,At Risk,0.7951260313472551,Offer Discount; Send Retention Campaign
13445,536.0,1,241.89999999999998,-33.4918402395914,At Risk,0.817302167991155,Offer Discount; Send Retention Campaign
13446,339.0,11,3881.89,620.0187179775987,At Risk,0.5638327048328606,Mark as VIP; Send Retention Campaign
13448,128.0,11,7124.76,1451.814490798416,Loyal Customers,0.27024671128750094,Mark as VIP
13450,34.0,11,3497.7799999999997,685.5222224263732,Loyal Customers,0.2775339408433371,Mark as VIP
13451,35.0,10,6678.16,1409.6218555893254,Loyal Customers,0.29068566995155987,Mark as VIP
13452,169.0,3,729.8,139.91191491313646,Loyal Customers,0.5164913400427565,Maintain Engagement
13453,75.0,3,781.6899999999999,196.61828033543065,Loyal Customers,0.5097012569384672,Maintain Engagement
13454,551.0,1,219.87,-42.478070333967935,At Risk,0.8177119580517342,Offer Discount; Send Retention Campaign
13455,276.0,5,2540.53,430.7670696202573,At Risk,0.7268338631799472,Offer Discount; Mark as VIP; Send Retention Campaign
13456,65.0,3,855.0600000000001,218.96359935243254,Loyal Customers,0.5085193082697709,Maintain Engagement
13457,598.0,2,148.22,-162.14038416339667,At Risk,0.8077342624945347,Offer Discount; Send Retention Campaign
13458,9.0,12,9991.12,2148.085850110142,Loyal Customers,0.2310539650519454,Mark as VIP
13459,534.0,2,1160.4099999999999,23.909789248633047,At Risk,0.8086602467222547,Offer Discount; Send Retention Campaign
13461,48.0,5,3599.2,762.7245128234579,Loyal Customers,0.44347786877551437,Mark as VIP
13462,162.0,5,1153.8500000000001,203.40998206644042,Loyal Customers,0.45574415098598153,Maintain Engagement
13464,304.0,5,2422.96,393.2709272550147,At Risk,0.7285306911639432,Offer Discount; Send Retention Campaign
13465,356.0,2,931.12,76.90690191884119,At Risk,0.7997182247756323,Offer Discount; Send Retention Campaign
13466,93.0,5,1013.35,209.4251132620692,Loyal Customers,0.45094065158940405,Maintain Engagement
13468,2.0,64,12424.56,1713.6381012285563,Loyal Customers,0.0006828497588213857,Mark as VIP
13469,563.0,1,82.4,-57.4120948356524,At Risk,0.8166911959490255,Offer Discount; Send Retention Campaign
13470,9.0,2,165.0,145.25938026316186,Loyal Customers,0.5315192389599223,Maintain Engagement
13472,373.0,2,592.24,17.31292719414205,At Risk,0.7991457170039793,Offer Discount; Send Retention Campaign
13473,242.0,7,2476.38,416.1224509440513,Loyal Customers,0.3997811253764601,Mark as VIP
13474,146.0,3,663.79,139.29727482601254,Loyal Customers,0.5147176701036992,Maintain Engagement
13475,101.0,4,1431.78,302.84813843471574,Loyal Customers,0.48080344207872183,Maintain Engagement
13476,88.0,5,2061.47,426.98457055948165,Loyal Customers,0.44887983380839575,Mark as VIP
13477,48.0,9,2279.14,440.2226178418629,Loyal Customers,0.33245363677018036,Mark as VIP
13478,379.0,5,2215.78,313.0919554085026,At Risk,0.7331157518463727,Offer Discount; Send Retention Campaign
13479,110.0,4,851.37,182.3356505036246,Loyal Customers,0.4819598739644246,Maintain Engagement
13480,326.0,2,627.82,45.2005992792956,At Risk,0.7971755393113722,Offer Discount; Send Retention Campaign
13481,18.0,10,3387.61,684.7733689708382,Loyal Customers,0.3012100775654947,Mark as VIP
13482,141.0,2,336.09,93.76484302450734,Loyal Customers,0.5437839779315723,Maintain Engagement
13484,150.0,3,790.72,160.0019493533017,Loyal Customers,0.5152870192028995,Maintain Engagement
13485,143.0,11,3019.2200000000003,523.0899247382918,Loyal Customers,0.28574140241641854,Mark as VIP
13486,38.0,2,819.61,225.6078061955654,Loyal Customers,0.5382753681147151,Maintain Engagement
13487,122.0,4,680.27,142.0913805730478,Loyal Customers,0.48298732705847486,Maintain Engagement
13488,30.0,19,13215.95,2782.5345795875237,Loyal Customers,0.10928884535249679,Mark as VIP
13489,15.0,4,449.52,151.87298795277843,Loyal Customers,0.4750572742362439,Maintain Engagement
13490,564.0,1,154.25,-53.27296248913137,At Risk,0.8175441502098686,Offer Discount; Send Retention Campaign
13491,57.0,26,4439.19,599.0596152388205,Loyal Customers,0.06250647925949611,Mark as VIP
13492,46.0,3,1269.84,601.3153298336947,Loyal Customers,0.4645977894809664,Mark as VIP
13493,185.0,2,618.63,428.9962102750299,Loyal Customers,0.5030429904649284,Mark as VIP
13494,221.0,1,316.26000000000005,130.1270667195812,At Risk,0.8039608224255993,Offer Discount; Send Retention Campaign
13495,142.0,8,4401.82,872.7186456743209,Loyal Customers,0.3584617443156019,Mark as VIP
13496,269.0,1,501.01,117.86638756943529,At Risk,0.8083398733826412,Offer Discount; Send Retention Campaign
13497,192.0,6,1320.33,208.68617904018754,Loyal Customers,0.4282615712705271,Maintain Engagement
13498,640.0,1,327.38,-80.40132978502788,At Risk,0.8227614951913557,Offer Discount; Send Retention Campaign
13499,135.0,2,463.79,119.73732308080122,Loyal Customers,0.5436095340375163,Maintain Engagement
13500,32.0,2,625.93,193.10043704922447,Loyal Customers,0.5375432835982272,Maintain Engagement
13501,197.0,3,2885.11,816.4143400106442,Loyal Customers,0.47885114219186703,Mark as VIP
13502,184.0,4,677.66,110.92014792815394,Loyal Customers,0.48745061535256207,Maintain Engagement
13503,389.0,5,1688.54,200.15398668823815,At Risk,0.7343323598696808,Offer Discount; Send Retention Campaign
13505,76.0,3,2583.12,825.5183315666693,Loyal Customers,0.46902006076804165,Mark as VIP
13506,226.0,5,1639.2,272.81913280129294,Loyal Customers,0.45931907514856957,Maintain Engagement
13507,8.0,3,2022.79,460.4005350832059,Loyal Customers,0.50633892756175,Mark as VIP
13508,153.0,2,287.05,80.23231403081132,Loyal Customers,0.5443653187485752,Maintain Engagement
13509,9.0,6,840.02,199.50245105488773,Loyal Customers,0.4163256109404694,Maintain Engagement
13510,5.0,9,3664.54,767.6621858644465,Loyal Customers,0.3248990218465204,Mark as VIP
13511,586.0,1,282.76,-56.059740872004454,At Risk,0.8199403534439152,Offer Discount; Send Retention Campaign
13512,170.0,4,713.39,124.80492473202821,Loyal Customers,0.48643805897903836,Maintain Engagement
13513,36.0,3,824.59,223.4744827740446,Loyal Customers,0.5070016884862423,Maintain Engagement
13514,338.0,3,663.7,42.50013564469782,At Risk,0.7768084629137245,Offer Discount; Send Retention Campaign
13515,27.0,5,898.66,219.01224195375795,Loyal Customers,0.4463526983638953,Maintain Engagement
13516,148.0,2,441.85,106.88861035316762,Loyal Customers,0.5448516530476326,Maintain Engagement
13517,16.0,2,1612.18,353.2986478115232,Loyal Customers,0.5420411618598026,Maintain Engagement
13519,352.0,1,220.46,57.88979140906446,At Risk,0.8088419878781977,Offer Discount; Send Retention Campaign
13520,47.0,10,6233.03,1603.2872237525014,Loyal Customers,0.25822564525566993,Mark as VIP
13523,109.0,4,3505.88,704.7036239609474,Loyal Customers,0.4808601726432477,Mark as VIP
13524,11.0,3,408.86,162.2059838186217,Loyal Customers,0.5041821491389169,Maintain Engagement
13525,158.0,1,282.88,159.73256556010648,Loyal Customers,0.5642260038194129,Maintain Engagement
13526,648.0,2,1182.0,138.7477600956014,At Risk,0.7984847236202406,Offer Discount; Send Retention Campaign
13527,15.0,9,3762.65,784.3736807019724,Loyal Customers,0.32519506547800187,Mark as VIP
13529,114.0,1,181.1,175.33849783910068,Loyal Customers,0.5591554646817974,Maintain Engagement
13530,544.0,1,402.98,-27.115411184899017,At Risk,0.8194555639700639,Offer Discount; Send Retention Campaign
13531,114.0,6,1738.52,335.9125365585521,Loyal Customers,0.4216937447949932,Maintain Engagement
13533,92.0,3,270.79,97.15523493976599,Loyal Customers,0.5097566586836397,Maintain Engagement
13534,17.0,31,6222.35,935.5801002684857,Loyal Customers,0.03427329436469941,Mark as VIP
13535,312.0,1,89.5,69.5932899204193,At Risk,0.8054769161421609,Offer Discount; Send Retention Campaign
13537,335.0,2,717.85,60.35203930060834,At Risk,0.7973929743651064,Offer Discount; Send Retention Campaign
13538,4.0,11,2822.63,548.8060184272728,Loyal Customers,0.27820970428379915,Mark as VIP
13539,150.0,6,1253.67,215.92907857269205,Loyal Customers,0.42538608319915083,Maintain Engagement
13540,377.0,3,632.39,17.498686363193542,At Risk,0.7787150248613098,Offer Discount; Send Retention Campaign
13541,336.0,2,785.25,64.71189888189576,At Risk,0.7982118509815419,Offer Discount; Send Retention Campaign
13542,286.0,17,4006.17,565.7640724131757,At Risk,0.3867955708184536,Mark as VIP; Send Retention Campaign
13543,544.0,2,1439.61,61.73362440792772,At Risk,0.8101276898090684,Offer Discount; Send Retention Campaign
13544,150.0,5,660.5,108.37513471146457,Loyal Customers,0.4556510492005164,Maintain Engagement
13545,300.0,2,374.64,20.169292041265635,At Risk,0.7948983112177488,Offer Discount; Send Retention Campaign
13546,110.0,3,653.31,155.69932124913453,Loyal Customers,0.5120340971310483,Maintain Engagement
13547,318.0,1,175.53,72.12795633685249,At Risk,0.806765558151139,Offer Discount; Send Retention Campaign
13548,6.0,3,908.99,254.1411137234046,Loyal Customers,0.5049190381257735,Maintain Engagement
13549,52.0,6,849.65,180.6942411193499,Loyal Customers,0.4192561883388435,Maintain Engagement
13550,293.0,1,349.51,95.97564102261941,At Risk,0.8076627156211801,Offer Discount; Send Retention Campaign
13551,229.0,2,244.2,35.44726525443036,At Risk,0.7910166897303061,Offer Discount; Send Retention Campaign
13552,33.0,19,6001.76,1113.931086463555,Loyal Customers,0.1255398395659935,Mark as VIP
13553,584.0,1,517.8,-39.86195620993465,At Risk,0.8224545461602107,Offer Discount; Send Retention Campaign
13554,290.0,7,1638.28,219.10340109547678,At Risk,0.6782183256911497,Send Retention Campaign
13555,111.0,11,6439.96,1306.8318071626559,Loyal Customers,0.27164805166219025,Mark as VIP
13556,338.0,2,200.82,2.0537422391871587,At Risk,0.7934128121411284,Offer Discount; Send Retention Campaign
13557,190.0,12,2688.88,407.3406665942395,Loyal Customers,0.2663462761674272,Mark as VIP
13559,422.0,2,990.0,57.10729746908794,At Risk,0.8026160536201441,Offer Discount; Send Retention Campaign
13561,125.0,11,1820.72,263.549302149577,Loyal Customers,0.2889760143133304,Maintain Engagement
13562,51.0,7,4248.58,893.4382272789164,Loyal Customers,0.3812516240842408,Mark as VIP
13563,49.0,1,310.88,216.49654073429906,Loyal Customers,0.5568575951523853,Maintain Engagement
13564,54.0,37,17249.55,3388.0754443697506,Loyal Customers,0.013591493609461429,Mark as VIP
13565,244.0,2,284.76,35.83618378062715,At Risk,0.7917360358313721,Offer Discount; Send Retention Campaign
13566,344.0,3,833.41,70.56363843012463,At Risk,0.777298029877197,Offer Discount; Send Retention Campaign
13567,338.0,4,1083.69,114.81629957177961,At Risk,0.7549682700962136,Offer Discount; Send Retention Campaign
13568,83.0,1,192.85,191.72709576503394,Loyal Customers,0.5571277701186496,Maintain Engagement
13569,277.0,3,638.35,71.92736752352846,At Risk,0.7733195632709137,Offer Discount; Send Retention Campaign
13570,153.0,1,239.49,159.44933702522417,Loyal Customers,0.563060586072527,Maintain Engagement
13571,2.0,21,3538.05,519.2195581566497,Loyal Customers,0.10647550167898354,Mark as VIP
13572,115.0,1,1384.25,252.5878235516198,Loyal Customers,0.5814402698478602,Maintain Engagement
13573,163.0,5,653.84,100.5126070450155,Loyal Customers,0.45660091430098687,Maintain Engagement
13574,321.0,1,421.25,86.49508778272008,At Risk,0.8097714428001102,Offer Discount; Send Retention Campaign
13575,43.0,2,218.75,128.94086388247177,Loyal Customers,0.5353975881142523,Maintain Engagement
13576,6.0,23,9675.34,1904.4604379679752,Loyal Customers,0.07618971851310131,Mark as VIP
13577,2.0,10,2995.48,605.4694304722284,Loyal Customers,0.3016094903786306,Mark as VIP
13578,319.0,1,147.66,69.82268977728558,At Risk,0.8064838136833926,Offer Discount; Send Retention Campaign
13579,278.0,4,1236.7,173.2627051890812,At Risk,0.7518535009920126,Offer Discount; Send Retention Campaign
13580,316.0,1,107.75,68.75601700432168,At Risk,0.8058761978147363,Offer Discount; Send Retention Campaign
13581,219.0,2,280.53000000000003,47.185936446360074,Loyal Customers,0.5489548870884681,Maintain Engagement
13582,299.0,2,241.68,0.03178250216808465,At Risk,0.794361178586755,Offer Discount; Send Retention Campaign
13583,65.0,2,1445.031,301.07797101812685,Loyal Customers,0.5449043850531511,Maintain Engagement
13584,216.0,3,392.45,54.380649331155496,Loyal Customers,0.5194166278129343,Maintain Engagement
13585,440.0,3,684.54,-4.910217358510067,At Risk,0.7819634322224195,Offer Discount; Send Retention Campaign
13586,451.0,1,131.53,2.2299138354080696,At Risk,0.812278979959984,Offer Discount; Send Retention Campaign
13587,359.0,3,961.1,86.15949815273649,At Risk,0.7782214432755166,Offer Discount; Send Retention Campaign
13588,9.0,4,1420.72,346.0634683354456,Loyal Customers,0.4742089210008981,Maintain Engagement
13589,89.0,5,888.09,185.5448910593314,Loyal Customers,0.450881157162313,Maintain Engagement
13590,60.0,16,5484.05,1036.217579786599,Loyal Customers,0.17184484891719154,Mark as VIP
13591,114.0,6,1753.04,338.9977954493054,Loyal Customers,0.4216554780866298,Maintain Engagement
13592,115.0,3,205.51,75.0699732388644,Loyal Customers,0.5111290778921085,Maintain Engagement
13593,18.0,14,5523.6900000000005,1101.5598049325415,Loyal Customers,0.2055751611289627,Mark as VIP
13594,395.0,1,136.35000000000002,30.77489875255958,At Risk,0.8098133970588529,Offer Discount; Send Retention Campaign
13595,426.0,3,818.22,27.202150049373813,At Risk,0.7813481444198433,Offer Discount; Send Retention Campaign
13597,310.0,2,396.71,103.38825036678634,At Risk,0.7872971710470076,Offer Discount; Send Retention Campaign
13598,405.0,4,609.42,-12.959956655082465,At Risk,0.7588065720670251,Offer Discount; Send Retention Campaign
13599,66.0,20,7327.8,1385.115700420181,Loyal Customers,0.11141684338406681,Mark as VIP
13600,222.0,2,518.42,80.83108988918696,At Risk,0.7917668286852189,Offer Discount; Send Retention Campaign
13601,120.0,3,865.02,188.75514047134516,Loyal Customers,0.5131991652536685,Maintain Engagement
13602,291.0,3,596.28,54.36224565375386,At Risk,0.7742789390321196,Offer Discount; Send Retention Campaign
13604,568.0,1,717.62,-18.88188871763691,At Risk,0.823961749738405,Offer Discount; Send Retention Campaign
13605,296.0,2,522.67,44.5696782157479,At Risk,0.7953072939150716,Offer Discount; Send Retention Campaign
13606,153.0,2,250.42,76.74540424656504,Loyal Customers,0.5438424991669338,Maintain Engagement
13607,312.0,1,400.3,89.67872092736019,At Risk,0.80912012148451,Offer Discount; Send Retention Campaign
13608,450.0,1,236.2,9.498375701709278,At Risk,0.813434074913685,Offer Discount; Send Retention Campaign
13609,503.0,1,167.35,-21.672035514427535,At Risk,0.8150046120305294,Offer Discount; Send Retention Campaign
13610,20.0,12,1820.21,296.4274400940691,Loyal Customers,0.2598443912032372,Maintain Engagement
13611,80.0,9,2784.4500000000003,535.6241859115898,Loyal Customers,0.33278955609253047,Mark as VIP
13612,542.0,1,818.29,0.732311210829721,At Risk,0.8239540982313115,Offer Discount; Send Retention Campaign
13613,362.0,5,1039.8500000000001,80.35064947370864,At Risk,0.7336495044242525,Offer Discount; Send Retention Campaign
13614,74.0,4,1543.71,336.11975850624106,Loyal Customers,0.4791214988569273,Maintain Engagement
13615,228.0,8,6272.53,1238.433371710892,Loyal Customers,0.3580713275204217,Mark as VIP
13616,478.0,2,288.1,-82.4836809133576,At Risk,0.8029358544132091,Offer Discount; Send Retention Campaign
13617,23.0,7,1100.27,230.36636427337947,Loyal Customers,0.38849364718358015,Maintain Engagement
13618,83.0,1,177.34,190.72476296285362,Loyal Customers,0.5568393882060511,Maintain Engagement
13619,454.0,2,231.69,-79.06211544457528,At Risk,0.8016083252204604,Offer Discount; Send Retention Campaign
13620,438.0,1,112.34,7.543964923330009,At Risk,0.8114748101180912,Offer Discount; Send Retention Campaign
13621,26.0,1,213.85,221.82188170613108,Loyal Customers,0.5533832391427055,Maintain Engagement
13622,606.0,1,658.95,-41.83187536524122,At Risk,0.8249376715623946,Offer Discount; Send Retention Campaign
13623,119.0,9,2370.63,424.6788536365468,Loyal Customers,0.3367722289943354,Mark as VIP
13624,298.0,1,462.08,100.72962282989602,At Risk,0.8092038537916796,Offer Discount; Send Retention Campaign
13625,506.0,1,301.26,-14.53061848582513,At Risk,0.8166531279401075,Offer Discount; Send Retention Campaign
13626,162.0,2,707.04,140.67344025413695,Loyal Customers,0.5474003190530897,Maintain Engagement
13627,86.0,5,1634.43,340.36615950861284,Loyal Customers,0.44942759863409276,Maintain Engagement
13628,586.0,1,310.14,-54.29031004520266,At Risk,0.8202447497561505,Offer Discount; Send Retention Campaign
13629,8.0,16,11296.86,2395.8167386669584,Loyal Customers,0.1534285425344643,Mark as VIP
13630,15.0,5,1361.46,321.61996111534563,Loyal Customers,0.4445025341064599,Maintain Engagement
13631,9.0,11,3070.42,605.921729281644,Loyal Customers,0.2771508048942236,Mark as VIP
13632,83.0,6,2341.48,479.0133385486182,Loyal Customers,0.417980172824122,Mark as VIP
13634,16.0,14,4282.08,819.5241457609977,Loyal Customers,0.2095276448970873,Mark as VIP
13635,352.0,3,1928.13,265.1402409841882,At Risk,0.77908139480767,Offer Discount; Send Retention Campaign
13636,32.0,4,646.55,182.2937412377725,Loyal Customers,0.4761895129003601,Maintain Engagement
13637,97.0,2,684.85,173.10656906140315,Loyal Customers,0.5420915198441687,Maintain Engagement
13639,346.0,1,312.93,66.89067658445543,At Risk,0.8096454854161034,Offer Discount; Send Retention Campaign
13640,521.0,1,405.0,-15.388970016035046,At Risk,0.8184763252644963,Offer Discount; Send Retention Campaign
13641,550.0,5,1016.47,-16.684078153274186,At Risk,0.7440487227256367,Offer Discount; Send Retention Campaign
13642,125.0,4,514.72,108.98622227010281,Loyal Customers,0.48313266723119996,Maintain Engagement
13643,8.0,9,1896.73,375.7461857334191,Loyal Customers,0.33120207923163375,Maintain Engagement
13644,15.0,1,851.09,268.54934240404765,Loyal Customers,0.5644237653434211,Maintain Engagement
13645,29.0,1,252.1,222.78127708053796,Loyal Customers,0.5543132172527905,Maintain Engagement
13646,309.0,2,326.25,179.16757758035772,At Risk,0.7784384671626313,Offer Discount; Send Retention Campaign
13647,85.0,6,2197.42,447.6261686824565,Loyal Customers,0.4184691128917513,Mark as VIP
13648,310.0,8,1764.02,212.61611767573908,At Risk,0.6539363042081014,Send Retention Campaign
13649,166.0,6,1678.88,298.04723927295316,Loyal Customers,0.42543535823564355,Maintain Engagement
13650,117.0,6,2197.18,431.32276919528294,Loyal Customers,0.4207761723413145,Mark as VIP
13651,291.0,1,132.65,82.96941580040158,At Risk,0.8050192952985538,Offer Discount; Send Retention Campaign
13652,166.0,4,2114.01,401.73825529831856,Loyal Customers,0.4856664530433641,Maintain Engagement
13653,397.0,1,152.2,30.79086500854453,At Risk,0.8100876857701925,Offer Discount; Send Retention Campaign
13654,55.0,9,5314.94,1106.9769063050765,Loyal Customers,0.32244470342310655,Mark as VIP
13655,24.0,6,2280.51,495.79422031105787,Loyal Customers,0.4139307839992957,Mark as VIP
13656,74.0,4,1078.85,244.721603023973,Loyal Customers,0.47930247195027925,Maintain Engagement
13657,111.0,1,152.34,174.99239313475795,Loyal Customers,0.5584038784271849,Maintain Engagement
13658,113.0,5,4319.63,877.772619263173,Loyal Customers,0.44702866825912624,Mark as VIP
13659,115.0,12,4894.88,943.0479422730134,Loyal Customers,0.2542440652809688,Mark as VIP
13660,309.0,1,314.59,85.65222595324491,At Risk,0.807983960611342,Offer Discount; Send Retention Campaign
13661,513.0,1,325.24,-16.510099040211458,At Risk,0.8172308957807273,Offer Discount; Send Retention Campaign
13662,122.0,10,1885.29,298.2055370523848,Loyal Customers,0.31301504439070743,Maintain Engagement
13663,89.0,5,2047.51,423.6136979319724,Loyal Customers,0.4489754836562139,Mark as VIP
13665,296.0,3,1711.6599999999999,255.35787319521273,At Risk,0.7758351446530085,Offer Discount; Send Retention Campaign
13666,197.0,4,107.3,-8.158268477008846,Loyal Customers,0.48868297445989445,Maintain Engagement
13667,59.0,1,305.02,211.0761434653151,Loyal Customers,0.5574735106792306,Maintain Engagement
13668,23.0,30,11661.220000000001,2226.438665066732,Loyal Customers,0.03393220157335914,Mark as VIP
13669,59.0,2,243.15,121.16815767901875,Loyal Customers,0.5372096527828979,Maintain Engagement
13671,304.0,1,194.95,80.44134582801752,At Risk,0.8063521533387221,Offer Discount; Send Retention Campaign
13672,211.0,3,419.92,61.79715167606821,Loyal Customers,0.5191127521311921,Maintain Engagement
13674,342.0,1,240.68,64.23820280050546,At Risk,0.8086232273197347,Offer Discount; Send Retention Campaign
13675,61.0,2,486.82000000000005,157.94126567852328,Loyal Customers,0.5387280752648106,Maintain Engagement
13676,448.0,2,243.9,-73.35833768430962,At Risk,0.8012990149656306,Offer Discount; Send Retention Campaign
13677,314.0,2,556.1899999999999,41.16710229491764,At Risk,0.7962451427067668,Offer Discount; Send Retention Campaign
13678,61.0,1,232.6,205.3876663654999,Loyal Customers,0.5562719086261981,Maintain Engagement
13679,403.0,3,281.26,-59.73960464189918,At Risk,0.779631531763398,Offer Discount; Send Retention Campaign
13680,247.0,10,10104.84,2066.5962903270074,Loyal Customers,0.29159805625262736,Mark as VIP
13681,65.0,1,203.46,201.48781759541617,Loyal Customers,0.5560199731152689,Maintain Engagement
13682,97.0,1,59.5,176.05098698615723,Loyal Customers,0.5556628540089478,Maintain Engagement
13683,367.0,1,258.6,52.792043887685566,At Risk,0.8099651750075125,Offer Discount; Send Retention Campaign
13684,195.0,4,596.98,89.29360605946232,Loyal Customers,0.4883212105599284,Maintain Engagement
13686,92.0,3,409.04,120.39779011274169,Loyal Customers,0.5102764160529764,Maintain Engagement
13687,347.0,1,11880.84,813.9619839041181,At Risk,0.9104926988000204,Offer Discount; Mark as VIP; Send Retention Campaign
13688,545.0,1,375.5,-29.39547401829884,At Risk,0.819192528071161,Offer Discount; Send Retention Campaign
13689,354.0,1,349.5,65.2206544979826,At Risk,0.8104311614450668,Offer Discount; Send Retention Campaign
13691,305.0,1,212.78,81.08943897571322,At Risk,0.8066076882630324,Offer Discount; Send Retention Campaign
13692,123.0,4,2497.66,499.5744692114372,Loyal Customers,0.482256432208007,Mark as VIP
13693,283.0,9,2011.82,263.45245641072347,At Risk,0.6242364284249173,Send Retention Campaign
13694,17.0,132,177354.83,39664.753446939496,Champions,2.675244779344697e-08,Mark as VIP
13695,8.0,13,2033.67,331.6187130447954,Loyal Customers,0.23678996645022346,Maintain Engagement
13696,331.0,3,2020.4,292.68633469216053,At Risk,0.7781119023229441,Offer Discount; Send Retention Campaign
13698,506.0,2,465.53000000000003,-68.93022475694738,At Risk,0.8048518283703727,Offer Discount; Send Retention Campaign
13699,64.0,2,764.15,197.86092988619583,Loyal Customers,0.540735140813766,Maintain Engagement
13700,2.0,11,1999.6,365.1510951913107,Loyal Customers,0.2810312785281815,Maintain Engagement
13701,356.0,1,161.0,52.03051449184278,At Risk,0.8083304148761651,Offer Discount; Send Retention Campaign
13702,355.0,1,135.18,50.86606808241771,At Risk,0.8079832243214087,Offer Discount; Send Retention Campaign
13703,228.0,2,425.56,64.90194340108008,At Risk,0.7915669381750554,Offer Discount; Send Retention Campaign
13705,54.0,6,1846.15,388.98540310341485,Loyal Customers,0.4171249033015812,Maintain Engagement
13706,212.0,2,631.17,103.06111349232572,Loyal Customers,0.5507039783282741,Maintain Engagement
13707,176.0,5,3365.86,650.9669936394882,Loyal Customers,0.45306204785139687,Mark as VIP
13708,181.0,1,296.88,149.0414159122567,Loyal Customers,0.5661458046372249,Maintain Engagement
13709,11.0,10,4202.91,870.0111097823323,Loyal Customers,0.29789420296075414,Mark as VIP
13710,333.0,2,329.04,-3.6312006149667013,At Risk,0.7963156055436835,Offer Discount; Send Retention Campaign
13711,128.0,9,1792.26,292.4837756241355,Loyal Customers,0.3393838080859856,Maintain Engagement
13712,156.0,2,766.42,151.86058079127577,Loyal Customers,0.5474477957191465,Maintain Engagement
13713,317.0,3,743.26,68.01312357533982,At Risk,0.775788098851922,Offer Discount; Send Retention Campaign
13714,375.0,1,161.35,42.473912478983436,At Risk,0.809197819422408,Offer Discount; Send Retention Campaign
13715,190.0,17,8483.29,1643.9275757083008,Loyal Customers,0.1525183468999137,Mark as VIP
13716,179.0,1,138.28,139.80023962975702,Loyal Customers,0.5630635531998148,Maintain Engagement
13717,38.0,6,1274.28,276.72130889124446,Loyal Customers,0.41731718892549274,Maintain Engagement
13718,156.0,2,306.55,84.77319723350365,Loyal Customers,0.5442556024497734,Maintain Engagement
13719,115.0,8,2112.31,386.83539400341783,Loyal Customers,0.364090555039112,Maintain Engagement
13720,26.0,4,799.9,215.82265347519916,Loyal Customers,0.47563887568084173,Maintain Engagement
13721,304.0,1,217.39999999999998,81.89217570609293,At Risk,0.8066161647328508,Offer Discount; Send Retention Campaign
13722,41.0,10,5635.41,1174.2501288311737,Loyal Customers,0.29468383474325094,Mark as VIP
13723,126.0,6,1209.2,218.47830320824033,Loyal Customers,0.4237953601257036,Maintain Engagement
13724,547.0,1,213.01,-40.904719363915774,At Risk,0.8174596061196608,Offer Discount; Send Retention Campaign
13725,78.0,7,1865.7,370.148445128386,Loyal Customers,0.3896936171141624,Maintain Engagement
13726,10.0,1,292.68,234.98297784215544,Loyal Customers,0.5536895417227088,Maintain Engagement
13727,521.0,6,746.57,-75.25080644125694,At Risk,0.719815527187513,Offer Discount; Send Retention Campaign
13728,17.0,15,2636.05,424.3670888216634,Loyal Customers,0.1961191940352655,Mark as VIP
13729,345.0,3,724.73,50.08547777294035,At Risk,0.7772376072845718,Offer Discount; Send Retention Campaign
13730,45.0,2,752.6,212.12491466498312,Loyal Customers,0.5383459183234359,Maintain Engagement
13731,129.0,2,610.59,147.60977000678218,Loyal Customers,0.543695921509249,Maintain Engagement
13733,320.0,2,487.03000000000003,26.630841965245622,At Risk,0.7963513410165544,Offer Discount; Send Retention Campaign
13734,418.0,4,6701.640000000001,1178.5934091309787,At Risk,0.7577337527179694,Offer Discount; Mark as VIP; Send Retention Campaign
13735,85.0,11,8337.67,1745.5263905074055,Loyal Customers,0.2635787435490291,Mark as VIP
13736,170.0,6,2391.84,445.6927496786712,Loyal Customers,0.42410041571707174,Mark as VIP
13737,109.0,1,339.59999999999997,188.10239821667437,Loyal Customers,0.5617357745630245,Maintain Engagement
13738,306.0,1,440.93,95.32944927070554,At Risk,0.8093206389495657,Offer Discount; Send Retention Campaign
13739,437.0,1,75.3,5.654426699562009,At Risk,0.8110024304334823,Offer Discount; Send Retention Campaign
13740,150.0,5,1597.77,300.5145204815984,Loyal Customers,0.4541529903286082,Maintain Engagement
13741,93.0,2,363.13,126.86608814932714,Loyal Customers,0.5397541447058752,Maintain Engagement
13742,72.0,10,2648.7200000000003,497.04330798522926,Loyal Customers,0.3066875386024807,Mark as VIP
13743,17.0,5,912.1199999999999,228.84826561825895,Loyal Customers,0.4453124383276882,Maintain Engagement
13744,5.0,2,1156.36,287.8529385087698,Loyal Customers,0.5387189741440268,Maintain Engagement
13745,71.0,2,777.36,196.35978752670627,Loyal Customers,0.5413230526219239,Maintain Engagement
13746,323.0,1,176.69,69.6820737024197,At Risk,0.8070080670965262,Offer Discount; Send Retention Campaign
13747,283.0,2,249.39999999999998,11.891157109676215,At Risk,0.7933730824085874,Offer Discount; Send Retention Campaign
13748,5.0,9,2268.35,459.30452428825396,Loyal Customers,0.3297210316704857,Mark as VIP
13750,50.0,10,3271.55,643.2189906146554,Loyal Customers,0.30355122416198643,Mark as VIP
13751,197.0,1,296.25,140.93398999741243,Loyal Customers,0.5672883664265481,Maintain Engagement
13752,34.0,7,1590.73,330.30643477189034,Loyal Customers,0.38782639627820537,Maintain Engagement
13753,197.0,4,2094.57,382.18577218123795,Loyal Customers,0.48796398907899147,Maintain Engagement
13754,61.0,3,447.05,142.65817317659094,Loyal Customers,0.5081081794405442,Maintain Engagement
13756,3.0,17,6990.31,1393.0189168680502,Loyal Customers,0.1496310250537284,Mark as VIP
13757,584.0,1,195.55,-60.687342767163386,At Risk,0.8188809888019285,Offer Discount; Send Retention Campaign
13758,111.0,13,8577.95,1763.9289540848642,Loyal Customers,0.22004272539851677,Mark as VIP
13760,166.0,4,1211.94,224.7038200000523,Loyal Customers,0.4859705816587678,Maintain Engagement
13761,89.0,5,1373.23,285.22751937131363,Loyal Customers,0.45007396150378937,Maintain Engagement
13762,128.0,5,2472.48,491.13596072156196,Loyal Customers,0.4511237403189993,Mark as VIP
13763,327.0,2,3502.48,492.517759221446,At Risk,0.8073591716854265,Offer Discount; Mark as VIP; Send Retention Campaign
13764,53.0,5,2377.13,509.3476761772658,Loyal Customers,0.44583365376368733,Mark as VIP
13765,563.0,1,352.821,-39.93615423614153,At Risk,0.8197220647994848,Offer Discount; Send Retention Campaign
13766,405.0,1,190.35,29.22295032551733,At Risk,0.8108902205705917,Offer Discount; Send Retention Campaign
13767,18.0,64,27996.54,5405.820694412208,Loyal Customers,0.0004616471879203305,Mark as VIP
13768,636.0,2,875.97,-30.898283788510525,At Risk,0.8086281946459161,Offer Discount; Send Retention Campaign
13769,2.0,18,5180.53,958.423638340766,Loyal Customers,0.13991747990975467,Mark as VIP
13770,332.0,4,785.37,57.31657025617659,At Risk,0.7549299286573925,Offer Discount; Send Retention Campaign
13771,109.0,7,4559.22,931.3004892483596,Loyal Customers,0.384333065786072,Mark as VIP
13772,6.0,7,2668.31,575.9607039915518,Loyal Customers,0.3827654100991139,Mark as VIP
13773,306.0,2,301.54,5.526929854525974,At Risk,0.7949425351918076,Offer Discount; Send Retention Campaign
13775,500.0,1,1049.66,36.85970285553333,At Risk,0.8246919523185484,Offer Discount; Send Retention Campaign
13776,337.0,2,623.98,210.45179367575014,At Risk,0.7810859927404152,Offer Discount; Send Retention Campaign
13777,39.0,52,42861.5,9161.829284736747,Loyal Customers,0.0012761271905761774,Mark as VIP
13778,13.0,4,1124.49,284.38527007612487,Loyal Customers,0.47482326661090535,Maintain Engagement
13779,425.0,1,161.13,17.25121935697871,At Risk,0.8114529640567767,Offer Discount; Send Retention Campaign
13780,80.0,2,492.09000000000003,148.60112091110568,Loyal Customers,0.5402282065846656,Maintain Engagement
13781,160.0,3,778.83,152.69957578741202,Loyal Customers,0.5160141796573524,Maintain Engagement
13782,34.0,10,1369.65,227.1828660421778,Loyal Customers,0.3093953406066811,Maintain Engagement
13783,397.0,4,1542.09,173.92559257702214,At Risk,0.7581654688012349,Offer Discount; Send Retention Campaign
13784,4.0,12,2571.59,475.2481647575178,Loyal Customers,0.25615207734115025,Mark as VIP
13785,338.0,4,542.49,16.56647761702004,At Risk,0.754244334002483,Offer Discount; Send Retention Campaign
13786,277.0,6,3358.94,596.1811816566178,At Risk,0.7000462857593233,Offer Discount; Mark as VIP; Send Retention Campaign
13787,274.0,5,1019.86,119.84098450622781,At Risk,0.7286823765904686,Offer Discount; Send Retention Campaign
13788,415.0,1,3.75,12.122241601596329,At Risk,0.8091786681659725,Offer Discount; Send Retention Campaign
13789,298.0,1,239.45999999999998,86.34281893425526,At Risk,0.8066004952832203,Offer Discount; Send Retention Campaign
13791,37.0,2,1516.0,329.98884208893287,Loyal Customers,0.5427146974253291,Maintain Engagement
13792,197.0,2,263.0,55.224650503441524,Loyal Customers,0.5473040007421769,Maintain Engagement
13793,556.0,1,96.0,-53.00400907778874,At Risk,0.8165366911373262,Offer Discount; Send Retention Campaign
13794,456.0,1,126.03,-0.6463708920306317,At Risk,0.8124397179236268,Offer Discount; Send Retention Campaign
13795,297.0,4,836.3,85.23103552098934,At Risk,0.7529801654088041,Offer Discount; Send Retention Campaign
13796,409.0,1,289.7,33.6267599533802,At Risk,0.8122148398255422,Offer Discount; Send Retention Campaign
13797,346.0,3,1179.45,132.42808675150638,At Risk,0.7778267128118265,Offer Discount; Send Retention Campaign
13798,3.0,95,67844.16,14266.800958598626,Champions,3.34190867700681e-05,Mark as VIP
13799,26.0,9,2803.57,567.1728352209955,Loyal Customers,0.32919720836578303,Mark as VIP
13800,219.0,3,1679.56,286.7425458530364,Loyal Customers,0.5219262637622065,Maintain Engagement
13802,48.0,19,26259.11,5788.045012594697,Loyal Customers,0.0850702370974899,Mark as VIP
13803,165.0,3,1338.91,252.15128095327788,Loyal Customers,0.5173483742135903,Maintain Engagement
13804,6.0,6,2116.14,470.6121168047815,Loyal Customers,0.41298463546649034,Mark as VIP
13805,39.0,1,500.24,233.7756142895559,Loyal Customers,0.5596518287779733,Maintain Engagement
13807,277.0,3,534.8,49.50443125673348,At Risk,0.7735585725559316,Offer Discount; Send Retention Campaign
13808,3.0,2,723.1,279.26641757997544,Loyal Customers,0.5277782501297361,Maintain Engagement
13809,215.0,3,679.6999999999999,169.0555789852118,Loyal Customers,0.5108345939975456,Maintain Engagement
13811,93.0,3,814.5,225.48685257877486,Loyal Customers,0.506423568233055,Maintain Engagement
13812,15.0,1,278.74,259.9422075006458,Loyal Customers,0.5497027955673519,Maintain Engagement
13813,44.0,5,1783.75,420.3532226211038,Loyal Customers,0.4420815327935969,Mark as VIP
13814,2.0,3,2257.32,529.5430898890521,Loyal Customers,0.5028927244173618,Mark as VIP
13815,82.0,6,6426.13,1369.9032481395204,Loyal Customers,0.404054860392373,Mark as VIP
13817,261.0,1,128.7,126.22018154321512,At Risk,0.800961805881888,Offer Discount; Send Retention Campaign
13818,339.0,1,61.28,54.15699730180762,At Risk,0.8063849748887405,Offer Discount; Send Retention Campaign
13819,211.0,6,2642.35,477.9888797287379,Loyal Customers,0.42642006954569606,Mark as VIP
13820,328.0,3,660.65,46.95236720828228,At Risk,0.7762984850494266,Offer Discount; Send Retention Campaign
13821,54.0,6,1410.73,296.9282551388364,Loyal Customers,0.4182038670927813,Maintain Engagement
13823,1.0,6,3096.21,679.2923904459085,Loyal Customers,0.41035845275191546,Mark as VIP
13824,45.0,11,3045.66,578.4386615766463,Loyal Customers,0.2798063758376225,Mark as VIP
13825,531.0,2,255.59,-113.97932927414786,At Risk,0.8052481776603151,Offer Discount; Send Retention Campaign
13826,86.0,1,189.5,189.99809368162624,Loyal Customers,0.5572829439119984,Maintain Engagement
13827,43.0,2,300.76,156.46590091197328,Loyal Customers,0.5337128633678528,Maintain Engagement
13829,330.0,1,102.0,61.32605042777976,At Risk,0.806451205028381,Offer Discount; Send Retention Campaign
13830,491.0,1,156.85000000000002,-16.300563220262347,At Risk,0.8143529009588092,Offer Discount; Send Retention Campaign
13831,48.0,16,6275.98,1223.9027755639222,Loyal Customers,0.16903537942055838,Mark as VIP
13832,332.0,1,561.49,90.01222457282273,At Risk,0.8118879806610974,Offer Discount; Send Retention Campaign
13833,69.0,2,701.36,186.03474752695178,Loyal Customers,0.5406843258971412,Maintain Engagement
13834,486.0,2,324.19,-80.55382491615762,At Risk,0.8034028418201336,Offer Discount; Send Retention Campaign
13835,65.0,5,798.04,179.26723095674714,Loyal Customers,0.4492677946835101,Maintain Engagement
13836,309.0,2,620.37,63.448073259398086,At Risk,0.7953138663570332,Offer Discount; Send Retention Campaign
13837,121.0,2,271.24,95.16215850024753,Loyal Customers,0.5417631530543707,Maintain Engagement
13838,27.0,9,1753.95,335.0912112293706,Loyal Customers,0.3328776118484991,Maintain Engagement
13839,396.0,1,139.95000000000002,30.50337901985381,At Risk,0.8099004087133063,Offer Discount; Send Retention Campaign
13840,326.0,1,651.4,98.84766990465602,At Risk,0.8126522729226774,Offer Discount; Send Retention Campaign
13841,162.0,1,85.0,144.92790460176258,Loyal Customers,0.5608458623149145,Maintain Engagement
13842,65.0,16,4409.56,787.6188290049147,Loyal Customers,0.17520549336558316,Mark as VIP
13843,290.0,1,319.75,95.56491137938673,At Risk,0.8071769823246975,Offer Discount; Send Retention Campaign
13846,152.0,3,1106.66,217.42012378618546,Loyal Customers,0.5158479752546844,Maintain Engagement
13847,629.0,1,310.72,-75.93211662713259,At Risk,0.8221062300946745,Offer Discount; Send Retention Campaign
13848,2.0,8,3335.0,710.0241179724305,Loyal Customers,0.3525603572609849,Mark as VIP
13849,80.0,4,2524.93,525.6994875831776,Loyal Customers,0.4792255490672421,Mark as VIP
13850,39.0,1,1595.48,304.5554323591888,Loyal Customers,0.5798792013591116,Maintain Engagement
13851,5.0,8,4606.46,986.2831271367345,Loyal Customers,0.3486233463169466,Mark as VIP
13852,520.0,1,187.35000000000002,-28.950418452684744,At Risk,0.8159828335134643,Offer Discount; Send Retention Campaign
13854,2.0,34,10613.6,1911.5873177902747,Loyal Customers,0.02204045484075959,Mark as VIP
13855,410.0,4,1310.34,121.48644314609396,At Risk,0.7589652465873402,Offer Discount; Send Retention Campaign
13856,78.0,11,1142.03,134.87805188350376,Loyal Customers,0.288622690522203,Maintain Engagement
13857,303.0,6,1001.01,86.90416397100216,At Risk,0.7063684637764432,Offer Discount; Send Retention Campaign
13859,235.0,2,515.86,74.19804702716817,At Risk,0.7923557711415395,Offer Discount; Send Retention Campaign
13861,339.0,2,273.26,-14.373874824522886,At Risk,0.7963085025384924,Offer Discount; Send Retention Campaign
13862,18.0,7,2128.03,454.676434485646,Loyal Customers,0.38504002037975427,Mark as VIP
13863,157.0,4,1239.55,234.6378734743621,Loyal Customers,0.48530400845217614,Maintain Engagement
13864,296.0,1,662.4000000000001,114.68362961371298,At Risk,0.8114335788384823,Offer Discount; Send Retention Campaign
13865,46.0,3,383.34000000000003,139.4318702807572,Loyal Customers,0.506778516059683,Maintain Engagement
13867,127.0,1,138.85,166.05389050579117,Loyal Customers,0.5593121333611539,Maintain Engagement
13869,33.0,10,8111.57,1729.7727683610158,Loyal Customers,0.2856465019332074,Mark as VIP
13870,11.0,12,5120.61,1045.9833206862809,Loyal Customers,0.2477635777034976,Mark as VIP
13871,2.0,13,6095.24,1255.4142220940207,Loyal Customers,0.22275728369306674,Mark as VIP
13872,437.0,3,919.57,39.38244485412906,At Risk,0.7820914117404392,Offer Discount; Send Retention Campaign
13873,29.0,8,1038.92,195.1998201420302,Loyal Customers,0.36186269930640946,Maintain Engagement
13874,267.0,7,2049.15,311.9339912224798,At Risk,0.6765440747723374,Send Retention Campaign
13875,43.0,13,4452.38,862.1955232351917,Loyal Customers,0.2303748743227453,Mark as VIP
13877,379.0,2,332.44,-26.434065939086395,At Risk,0.7985241384626925,Offer Discount; Send Retention Campaign
13878,457.0,3,1191.53,82.04050217864852,At Risk,0.7830912903557519,Offer Discount; Send Retention Campaign
13879,555.0,1,395.5,-33.14467036759322,At Risk,0.8198499544886941,Offer Discount; Send Retention Campaign
13880,55.0,12,2852.65,512.5558167268775,Loyal Customers,0.2580664788016188,Mark as VIP
13881,5.0,34,37418.26,8214.706740879461,Loyal Customers,0.011701045328480673,Mark as VIP
13883,128.0,14,5628.32,1070.0499220748038,Loyal Customers,0.2105486788113283,Mark as VIP
13884,187.0,8,1297.13,174.2072501757683,Loyal Customers,0.3714793073676807,Maintain Engagement
13885,99.0,2,506.8,156.17598659584064,Loyal Customers,0.5395446862159491,Maintain Engagement
13887,113.0,1,349.55,186.72873830779173,Loyal Customers,0.562209605014926,Maintain Engagement
13888,29.0,7,2169.05,457.140724201762,Loyal Customers,0.3857979327490302,Mark as VIP
13889,2.0,6,1991.23,445.6167291106391,Loyal Customers,0.4130935093063433,Mark as VIP
13890,17.0,6,1544.68,343.7574994382943,Loyal Customers,0.41525055222212287,Maintain Engagement
13891,287.0,3,863.56,104.79433571809011,At Risk,0.7744218398164998,Offer Discount; Send Retention Campaign
13892,156.0,3,689.1999999999999,138.65872599394828,Loyal Customers,0.5155278439223637,Maintain Engagement
13893,207.0,1,821.1,169.8106940466189,Loyal Customers,0.5776862808906762,Maintain Engagement
13894,220.0,1,160.85,120.58787447943087,At Risk,0.8020619578370508,Offer Discount; Send Retention Campaign
13895,53.0,4,2352.75,505.3126119323699,Loyal Customers,0.47733454713602286,Mark as VIP
13896,535.0,1,388.55,-23.510423438697558,At Risk,0.818902852533539,Offer Discount; Send Retention Campaign
13897,348.0,2,849.56,67.98830369970369,At Risk,0.7990735552648344,Offer Discount; Send Retention Campaign
13898,235.0,2,686.4,101.38026461501119,At Risk,0.7929200712924718,Offer Discount; Send Retention Campaign
13899,184.0,1,298.5,147.63359977513113,Loyal Customers,0.5663922546254421,Maintain Engagement
13900,92.0,6,1610.5900000000001,320.2007816638181,Loyal Customers,0.42040132209460795,Maintain Engagement
13901,17.0,14,5461.42,1087.660808999033,Loyal Customers,0.2057486551192833,Mark as VIP
13902,542.0,5,34095.26,6112.084529553255,At Risk,0.774523854546207,Offer Discount; Mark as VIP; Send Retention Campaign
13903,309.0,1,165.45000000000002,76.01406256722424,At Risk,0.8062343976832674,Offer Discount; Send Retention Campaign
13904,204.0,1,201.12,131.25703297186556,Loyal Customers,0.5660331507321719,Maintain Engagement
13905,642.0,1,312.65,-82.36159416029216,At Risk,0.8226853088983923,Offer Discount; Send Retention Campaign
13906,319.0,1,42.0,62.99441873419238,At Risk,0.8052382202673,Offer Discount; Send Retention Campaign
13907,601.0,1,136.8,-73.05493964299012,At Risk,0.8189651320837026,Offer Discount; Send Retention Campaign
13908,36.0,3,1461.61,340.5144479759978,Loyal Customers,0.5079486763670884,Maintain Engagement
13909,332.0,2,286.6,-8.758322850734203,At Risk,0.7960221162327944,Offer Discount; Send Retention Campaign
13911,54.0,19,4091.71,662.1065384764363,Loyal Customers,0.13083976891260238,Mark as VIP
13912,333.0,1,124.95,61.296684237173,At Risk,0.8068583742571153,Offer Discount; Send Retention Campaign
13913,416.0,1,42.22,14.104193487976772,At Risk,0.8096711420274091,Offer Discount; Send Retention Campaign
13915,304.0,1,70.80000000000001,72.41815966485257,At Risk,0.8048872080002748,Offer Discount; Send Retention Campaign
13916,373.0,4,1275.81,133.49293549484554,At Risk,0.7569658763780319,Offer Discount; Send Retention Campaign
13917,101.0,1,65.38,174.41430357599324,Loyal Customers,0.556062356884838,Maintain Engagement
13918,162.0,1,198.20000000000002,152.24344768408463,Loyal Customers,0.5629456383214231,Maintain Engagement
13919,31.0,3,1189.02,-371.0338982698356,Loyal Customers,0.6024346033438681,Maintain Engagement
13920,341.0,4,1774.68,248.6320100945868,At Risk,0.7549890815049756,Offer Discount; Send Retention Campaign
13921,311.0,4,730.7,57.12715666930279,At Risk,0.7538055736346577,Offer Discount; Send Retention Campaign
13922,261.0,3,865.2,119.17362468300922,At Risk,0.7729872526053644,Offer Discount; Send Retention Campaign
13925,2.0,4,678.25,209.72687373123637,Loyal Customers,0.47309669662936604,Maintain Engagement
13927,346.0,1,359.27,69.88539625260756,At Risk,0.8101830595584779,Offer Discount; Send Retention Campaign
13928,16.0,2,225.45000000000002,146.09584807372175,Loyal Customers,0.5330986176537054,Maintain Engagement
13929,79.0,11,3494.1,661.8316596866881,Loyal Customers,0.28022651236424306,Mark as VIP
13930,46.0,1,210.0,211.48968543722583,Loyal Customers,0.5547633076497706,Maintain Engagement
13931,5.0,11,5257.38,1094.4616386755738,Loyal Customers,0.26969523870350504,Mark as VIP
13932,204.0,1,307.4,138.12537147707053,Loyal Customers,0.5679992799742178,Maintain Engagement
13933,19.0,2,608.79,200.83337233762086,Loyal Customers,0.5359412190084897,Maintain Engagement
13934,173.0,1,922.1,193.47957630659118,Loyal Customers,0.5771059845273377,Maintain Engagement
13935,506.0,3,6116.92,952.751798085626,At Risk,0.7913389563953329,Offer Discount; Mark as VIP; Send Retention Campaign
13936,89.0,3,939.66,218.28486076824402,Loyal Customers,0.5110073838763981,Maintain Engagement
13937,78.0,2,880.13,208.79121510261302,Loyal Customers,0.542407906581098,Maintain Engagement
13939,18.0,6,1382.62,309.2480458592473,Loyal Customers,0.4156864106830725,Maintain Engagement
13940,26.0,2,391.06,166.06301550444613,Loyal Customers,0.534860543979737,Maintain Engagement
13941,81.0,13,8840.6,1838.5801481528981,Loyal Customers,0.21768037462392456,Mark as VIP
13942,444.0,1,320.0,17.938962656926037,At Risk,0.8141238625769512,Offer Discount; Send Retention Campaign
13943,487.0,1,246.54,-8.487674400402852,At Risk,0.8151954957110402,Offer Discount; Send Retention Campaign
13944,563.0,1,200.43,-49.78441329849272,At Risk,0.8180189060547312,Offer Discount; Send Retention Campaign
13945,304.0,2,854.15,92.17283039237941,At Risk,0.7968853490322121,Offer Discount; Send Retention Campaign
13946,111.0,5,1800.63,361.7442556336546,Loyal Customers,0.45099314881593916,Maintain Engagement
13948,270.0,4,548.76,41.90226628821529,At Risk,0.7516298222879444,Offer Discount; Send Retention Campaign
13949,4.0,1,537.9,253.85532243295904,Loyal Customers,0.5578163278135192,Maintain Engagement
13950,156.0,1,179.30999999999997,154.04769966471082,Loyal Customers,0.5621615781645433,Maintain Engagement
13951,85.0,3,674.45,173.17608932335116,Loyal Customers,0.5100863292801485,Maintain Engagement
13952,127.0,14,12823.521,2709.6795675344247,Loyal Customers,0.18786757129651155,Mark as VIP
13953,25.0,10,5729.36,1202.9792955574358,Loyal Customers,0.29341268122695624,Mark as VIP
13955,63.0,3,545.17,159.75350180570302,Loyal Customers,0.5083898155264941,Maintain Engagement
13956,47.0,3,680.27,193.14583647522306,Loyal Customers,0.5073424473393773,Maintain Engagement
13957,327.0,3,458.25,10.75478169912742,At Risk,0.7759891536037107,Offer Discount; Send Retention Campaign
13958,289.0,8,4709.2300000000005,866.3084667391001,At Risk,0.6429772495567745,Mark as VIP; Send Retention Campaign
13959,190.0,5,815.42,120.80482627611764,Loyal Customers,0.45819812690632616,Maintain Engagement
13961,302.0,1,538.4,103.64512011512744,At Risk,0.8102708896317175,Offer Discount; Send Retention Campaign
13962,155.0,2,310.85,83.32753987906943,Loyal Customers,0.5445850670695102,Maintain Engagement
13963,218.0,17,3011.87,372.26317586636276,Loyal Customers,0.1690614784409043,Maintain Engagement
13964,297.0,2,438.9,34.35730617054003,At Risk,0.7947343265376942,Offer Discount; Send Retention Campaign
13965,386.0,3,996.61,78.93785972980993,At Risk,0.7796371008048595,Offer Discount; Send Retention Campaign
13966,345.0,1,390.86,72.43106758484447,At Risk,0.8105037396603064,Offer Discount; Send Retention Campaign
13967,55.0,2,166.3,111.48469318731077,Loyal Customers,0.5364532503326184,Maintain Engagement
13968,333.0,1,123.66,61.21331806600523,At Risk,0.8068432257486166,Offer Discount; Send Retention Campaign
13969,17.0,28,8223.28,1464.136089677913,Loyal Customers,0.045703949312449706,Mark as VIP
13970,296.0,2,846.55,96.39658709830798,At Risk,0.796347430067843,Offer Discount; Send Retention Campaign
13971,16.0,12,3895.21,766.8470440345782,Loyal Customers,0.25229647818464884,Mark as VIP
13972,111.0,1,145.9,174.57620852830775,Loyal Customers,0.5582842137809677,Maintain Engagement
13973,197.0,1,264.7,138.89507317544007,Loyal Customers,0.5667046994742466,Maintain Engagement
13974,491.0,1,264.13,-9.367599776167594,At Risk,0.8155719159053395,Offer Discount; Send Retention Campaign
13975,38.0,10,4330.27,884.8990059079779,Loyal Customers,0.29909142686989904,Mark as VIP
13976,116.0,4,1192.3600000000001,245.78866218225,Loyal Customers,0.482349457327719,Maintain Engagement
13977,321.0,1,519.8100000000001,92.86452175969583,At Risk,0.8109128297759558,Offer Discount; Send Retention Campaign
13979,303.0,6,2546.36,411.6658898392567,At Risk,0.7033304994999019,Offer Discount; Mark as VIP; Send Retention Campaign
13980,349.0,4,599.78,12.76734185970372,At Risk,0.755851202763646,Offer Discount; Send Retention Campaign
13981,325.0,1,331.14,78.6550564885269,At Risk,0.8089050227555293,Offer Discount; Send Retention Campaign
13982,73.0,8,3803.92,776.8657389818766,Loyal Customers,0.3557724443868426,Mark as VIP
13983,96.0,17,6186.08,1161.5150958269874,Loyal Customers,0.15531826051389241,Mark as VIP
13984,36.0,11,1947.42,336.22552854604055,Loyal Customers,0.2832507619287274,Maintain Engagement
13985,17.0,14,5733.77,1149.8330217653884,Loyal Customers,0.2048594132103091,Mark as VIP
13987,289.0,2,682.54,79.73485247964265,At Risk,0.7949123477917474,Offer Discount; Send Retention Campaign
13988,72.0,5,2533.34,531.8895421694351,Loyal Customers,0.44695012388496885,Mark as VIP
13989,149.0,4,1656.65,320.66394990636076,Loyal Customers,0.48455666064886643,Maintain Engagement
13990,123.0,1,311.3,179.21513926816817,Loyal Customers,0.5622233011195888,Maintain Engagement
13991,53.0,1,126.35,202.55462271013363,Loyal Customers,0.55371412981483,Maintain Engagement
13992,290.0,2,142.7,-9.184032674904188,At Risk,0.7934095776598556,Offer Discount; Send Retention Campaign
13993,10.0,16,5556.76,1077.9230990173744,Loyal Customers,0.16956774132104907,Mark as VIP
13994,15.0,2,419.56,173.67920453461278,Loyal Customers,0.5345576930150784,Maintain Engagement
13995,25.0,12,3380.2200000000003,645.9844050958641,Loyal Customers,0.2546104257397475,Mark as VIP
13996,295.0,2,895.76,114.26527891432693,At Risk,0.7955595570758799,Offer Discount; Send Retention Campaign
13997,428.0,3,382.31,-46.721391320537464,At Risk,0.7802894880067398,Offer Discount; Send Retention Campaign
13998,356.0,3,566.7,16.77299516090386,At Risk,0.7775063199641014,Offer Discount; Send Retention Campaign
13999,5.0,26,8469.42,1566.408279032798,Loyal Customers,0.056456584157475655,Mark as VIP
14000,120.0,5,2046.34,407.64104378528236,Loyal Customers,0.4512464511385106,Mark as VIP
14001,142.0,8,3796.15,741.7171389564505,Loyal Customers,0.3602781113439005,Mark as VIP
14002,43.0,2,529.73,180.08611745818183,Loyal Customers,0.5367258366121124,Maintain Engagement
14003,642.0,1,209.41,-89.03347285127222,At Risk,0.8215476558154166,Offer Discount; Send Retention Campaign
14004,8.0,9,4879.07,1035.4091533706317,Loyal Customers,0.3207965433282058,Mark as VIP
14005,43.0,3,696.56,199.36931209915798,Loyal Customers,0.5068961462996443,Maintain Engagement
14006,25.0,7,2196.67,464.9026582025193,Loyal Customers,0.3854658549972187,Mark as VIP
14007,422.0,1,79.48,13.487101634755845,At Risk,0.8103744495615531,Offer Discount; Send Retention Campaign
14008,342.0,1,509.04,81.58095140096447,At Risk,0.811733014069042,Offer Discount; Send Retention Campaign
14009,108.0,3,1099.91,237.7103835851056,Loyal Customers,0.5127040039718549,Maintain Engagement
14010,475.0,2,445.15,113.60654529716373,At Risk,0.7872167561424693,Offer Discount; Send Retention Campaign
14011,390.0,2,457.82,-12.291613607899876,At Risk,0.7994761942554799,Offer Discount; Send Retention Campaign
14012,187.0,1,328.8,148.07922688536433,Loyal Customers,0.5671692712594066,Maintain Engagement
14013,20.0,5,1084.57,260.71422762642254,Loyal Customers,0.4455396566569851,Maintain Engagement
14014,286.0,2,1443.03,189.88262478995938,At Risk,0.7984367697727409,Offer Discount; Send Retention Campaign
14016,71.0,11,11403.41,-7371.702472045523,Loyal Customers,0.9903559578459824,Offer Discount
14017,481.0,1,229.75,-6.547710048108115,At Risk,0.81473890611879,Offer Discount; Send Retention Campaign
14018,555.0,1,367.15,-34.976787385118314,At Risk,0.8195342269160472,Offer Discount; Send Retention Campaign
14019,8.0,2,800.53,235.61774347794534,Loyal Customers,0.5362891927682688,Maintain Engagement
14020,386.0,2,606.21,14.306920206506675,At Risk,0.7996797497878019,Offer Discount; Send Retention Campaign
14021,65.0,7,1716.58,341.6503222317848,Loyal Customers,0.38963516007201243,Maintain Engagement
14022,135.0,2,792.15,166.55823709879547,Loyal Customers,0.5460459681277005,Maintain Engagement
14023,160.0,1,273.14,158.09477962990206,Loyal Customers,0.5641900181478752,Maintain Engagement
14024,31.0,3,645.74,193.9547587001004,Loyal Customers,0.5062492524675062,Maintain Engagement
14025,374.0,8,4057.9,685.049330295989,At Risk,0.6502924915501989,Mark as VIP; Send Retention Campaign
14026,380.0,2,713.11,31.441850221905042,At Risk,0.8000153012640345,Offer Discount; Send Retention Campaign
14028,460.0,3,10396.5,2007.2477128032704,At Risk,0.7689126574424499,Offer Discount; Mark as VIP; Send Retention Campaign
14029,53.0,1,165.20000000000002,205.06530158600123,Loyal Customers,0.5544374243576966,Maintain Engagement
14030,30.0,18,7559.7,1493.023871087626,Loyal Customers,0.134863475408726,Mark as VIP
14031,36.0,38,33339.340000000004,7170.2504585718925,Loyal Customers,0.00818330050733785,Mark as VIP
14032,78.0,11,3720.05,712.9340682847219,Loyal Customers,0.2793714070159093,Mark as VIP
14033,465.0,1,109.44,-6.256024242592844,At Risk,0.8126520423690129,Offer Discount; Send Retention Campaign
14034,67.0,2,473.91,323.6933299671215,Loyal Customers,0.5142907543217944,Maintain Engagement
14035,17.0,7,2265.96,483.9197457197544,Loyal Customers,0.3846960281581485,Mark as VIP
14036,194.0,1,626.65,163.79857834471972,Loyal Customers,0.5731735658025195,Maintain Engagement
14037,86.0,6,836.95,159.6935885463979,Loyal Customers,0.421888559978598,Maintain Engagement
14038,54.0,4,2595.92,552.6428481519824,Loyal Customers,0.47730976191477015,Mark as VIP
14039,485.0,1,115.08000000000001,-15.974929841434232,At Risk,0.8136094257601874,Offer Discount; Send Retention Campaign
14040,4.0,33,11778.960000000001,2204.3334054498864,Loyal Customers,0.024026465433328995,Mark as VIP
14041,176.0,1,141.41,141.51502422660877,Loyal Customers,0.562904737638093,Maintain Engagement
14042,635.0,1,431.98,-71.1207136136129,At Risk,0.8236947183983924,Offer Discount; Send Retention Campaign
14043,400.0,2,304.25,-41.38304303481334,At Risk,0.7994115857796358,Offer Discount; Send Retention Campaign
14044,13.0,9,3012.39,619.7065579045324,Loyal Customers,0.32765033331412247,Mark as VIP
14045,19.0,16,11313.03,2393.8812567320356,Loyal Customers,0.15381278054680791,Mark as VIP
14046,194.0,1,154.99,133.31757966797022,Loyal Customers,0.5644569962007526,Maintain Engagement
14047,109.0,12,3582.34,649.7128341445803,Loyal Customers,0.25855290632486333,Mark as VIP
14048,215.0,3,748.69,122.29379021518332,Loyal Customers,0.519587554260886,Maintain Engagement
14049,68.0,12,10842.7,2309.220963585555,Loyal Customers,0.23147021427515893,Mark as VIP
14050,16.0,1,485.98,244.4499614532944,Loyal Customers,0.5577209080366053,Maintain Engagement
14051,1.0,30,16095.45,3277.1532738973347,Loyal Customers,0.030471358762809073,Mark as VIP
14052,300.0,1,255.45,86.36783268168455,At Risk,0.8068799564855391,Offer Discount; Send Retention Campaign
14053,34.0,4,572.3,165.5405683724819,Loyal Customers,0.4765315739035856,Maintain Engagement
14055,16.0,3,1520.96,360.07340192857157,Loyal Customers,0.5067764027354218,Maintain Engagement
14056,16.0,17,5382.51,1022.581222002358,Loyal Customers,0.1540300248811287,Mark as VIP
14057,10.0,18,7002.86,1374.5913751737173,Loyal Customers,0.1355748772714622,Mark as VIP
14058,372.0,2,469.19,-0.2696363865404692,At Risk,0.7985575582146611,Offer Discount; Send Retention Campaign
14059,176.0,1,183.6,144.24155039836825,Loyal Customers,0.5636867747053114,Maintain Engagement
14060,17.0,25,7481.4400000000005,1350.022417334232,Loyal Customers,0.06449298557094704,Mark as VIP
14061,416.0,3,917.4300000000001,49.39966529045648,At Risk,0.7810536264578819,Offer Discount; Send Retention Campaign
14062,1.0,22,23940.02,5240.051343968155,Loyal Customers,0.06298965519170961,Mark as VIP
14063,347.0,9,22710.2,4802.4922665904005,At Risk,0.5502627686783944,Mark as VIP; Send Retention Campaign
14064,22.0,14,3076.36,541.8920912887555,Loyal Customers,0.21378600959767705,Mark as VIP
14065,298.0,3,891.02,109.11315202370963,At Risk,0.7745243011817241,Offer Discount; Send Retention Campaign
14066,176.0,1,152.55,142.234946045841,Loyal Customers,0.5631112600811805,Maintain Engagement
14067,6.0,1,224.67,232.60451379909802,Loyal Customers,0.5521322241832387,Maintain Engagement
14068,229.0,4,1528.3700000000001,255.03506714453715,Loyal Customers,0.49048935711411085,Maintain Engagement
14069,424.0,2,230.06,-61.77924314571044,At Risk,0.7999723801022316,Offer Discount; Send Retention Campaign
14070,594.0,1,326.55,-57.263170899693364,At Risk,0.8207729932401339,Offer Discount; Send Retention Campaign
14071,170.0,2,356.81,124.87780063897083,Loyal Customers,0.5398645349477784,Maintain Engagement
14072,576.0,1,390.85,-44.03273610031931,At Risk,0.82070781456899,Offer Discount; Send Retention Campaign
14074,533.0,1,219.4,-33.43339282648435,At Risk,0.8169170912582302,Offer Discount; Send Retention Campaign
14075,170.0,4,1100.53,201.00845205399548,Loyal Customers,0.4862746402467097,Maintain Engagement
14076,39.0,1,122.47,209.362251125167,Loyal Customers,0.5526252437617264,Maintain Engagement
14077,92.0,4,426.06,108.24633996077637,Loyal Customers,0.4807387279194463,Maintain Engagement
14078,11.0,9,1692.6299999999999,329.42894483533496,Loyal Customers,0.33207192527495966,Maintain Engagement
14079,34.0,2,618.73,190.68418860106624,Loyal Customers,0.5376910194660247,Maintain Engagement
14080,323.0,4,1070.08,117.72583966825556,At Risk,0.7543696111272534,Offer Discount; Send Retention Campaign
14081,211.0,10,5370.1,1029.780528703775,Loyal Customers,0.3060733322110877,Mark as VIP
14082,274.0,2,413.36,44.42951194749571,At Risk,0.7933023480129513,Offer Discount; Send Retention Campaign
14083,36.0,9,937.75,149.93389025361824,Loyal Customers,0.33636315119663573,Maintain Engagement
14084,422.0,1,150.5,18.0767647947074,At Risk,0.8111954350763873,Offer Discount; Send Retention Campaign
14085,51.0,27,8904.62,1625.6140405470571,Loyal Customers,0.050753521453280034,Mark as VIP
14086,372.0,1,39.95,36.14095343589213,At Risk,0.8076445599544015,Offer Discount; Send Retention Campaign
14087,314.0,2,651.8,54.772045567744215,At Risk,0.7967115198345514,Offer Discount; Send Retention Campaign
14088,38.0,10,39052.88,8621.870600314714,Loyal Customers,0.19215547164494312,Mark as VIP
14090,234.0,1,76.32000000000001,108.06675521715283,At Risk,0.8017034754946218,Offer Discount; Send Retention Campaign
14091,564.0,2,9530.08,1285.9706585626252,At Risk,0.8391292350352292,Offer Discount; Mark as VIP; Send Retention Campaign
14092,9.0,20,5897.96,1082.5467089287336,Loyal Customers,0.11288301617273624,Mark as VIP
14094,349.0,1,335.22,66.81865793418154,At Risk,0.8100398651775333,Offer Discount; Send Retention Campaign
14095,632.0,1,2.95,-97.33424260736444,At Risk,0.81882001360254,Offer Discount; Send Retention Campaign
14096,1.0,3,244.68,161.02217378853544,Loyal Customers,0.4997162235986674,Maintain Engagement
14097,391.0,2,422.86,-18.432466960295415,At Risk,0.7994164758369169,Offer Discount; Send Retention Campaign
14099,30.0,17,4971.46,915.1130861118902,Loyal Customers,0.15614890751643246,Mark as VIP
14100,47.0,1,194.9,210.0096793472814,Loyal Customers,0.5545548223568167,Maintain Engagement
14101,52.0,12,8929.53,1885.3687306846339,Loyal Customers,0.2369903995980576,Mark as VIP
14104,64.0,5,771.58,174.5257724568699,Loyal Customers,0.4492115479500759,Maintain Engagement
14105,148.0,5,5988.83,1202.6359463438712,Loyal Customers,0.4468640212878563,Mark as VIP
14106,647.0,1,214.8,-91.20599199420121,At Risk,0.8218223892659052,Offer Discount; Send Retention Campaign
14107,6.0,10,4636.01,968.9302316163883,Loyal Customers,0.2960784241663665,Mark as VIP
14108,11.0,3,738.38,220.32456948991938,Loyal Customers,0.5050252109375036,Maintain Engagement
14110,29.0,26,10564.42,2043.8014242413994,Loyal Customers,0.054289894080791545,Mark as VIP
14111,5.0,3,295.5,144.20513536085105,Loyal Customers,0.5036018193657211,Maintain Engagement
14112,40.0,10,4820.26,993.1241468183124,Loyal Customers,0.2974817188552231,Mark as VIP
14113,264.0,13,5685.6900000000005,1031.6001218058263,Loyal Customers,0.23766320457381993,Mark as VIP
14114,183.0,7,1364.09,206.72012525864238,Loyal Customers,0.39889883764813444,Maintain Engagement
14115,411.0,2,622.67,1.9468890001443242,At Risk,0.8011275439929223,Offer Discount; Send Retention Campaign
14116,2.0,2,628.87,214.19925720689787,Loyal Customers,0.5345682733018671,Maintain Engagement
14117,53.0,1,90.0,200.20550618149053,Loyal Customers,0.5530371732500885,Maintain Engagement
14118,338.0,1,458.45,80.32825379336697,At Risk,0.8109696734768936,Offer Discount; Send Retention Campaign
14119,285.0,2,183.37,-2.0564021252516795,At Risk,0.7934821390153444,Offer Discount; Send Retention Campaign
14122,316.0,3,362.42,-1.414833810056848,At Risk,0.7753386493547918,Offer Discount; Send Retention Campaign
14123,643.0,1,436.18,-74.8826449719478,At Risk,0.824081655915958,Offer Discount; Send Retention Campaign
14126,354.0,1,466.33,72.77078610847462,At Risk,0.8117799486589736,Offer Discount; Send Retention Campaign
14127,32.0,6,1900.0800000000002,412.0915036836175,Loyal Customers,0.41533422411219895,Mark as VIP
14128,165.0,2,592.25,120.87435335107148,Loyal Customers,0.547044717272055,Maintain Engagement
14129,5.0,7,2193.71,474.47217487189357,Loyal Customers,0.38406664980643207,Mark as VIP
14130,228.0,4,1882.67,325.01146839201544,Loyal Customers,0.49030523078365307,Maintain Engagement
14131,558.0,1,187.87,-48.07525496740345,At Risk,0.8176590716881,Offer Discount; Send Retention Campaign
14132,23.0,5,1552.46,360.6121723737251,Loyal Customers,0.44422195440430207,Maintain Engagement
14133,39.0,4,911.14,229.19584495002232,Loyal Customers,0.47683079374828524,Maintain Engagement
14134,292.0,15,11123.35,2227.904470872756,At Risk,0.40838554633269625,Mark as VIP; Send Retention Campaign
14135,15.0,19,8143.93,1617.6016815897622,Loyal Customers,0.12000396448408275,Mark as VIP
14136,310.0,5,1570.81,214.74720300977168,At Risk,0.7300561396680737,Offer Discount; Send Retention Campaign
14137,605.0,1,332.7,-62.41159216532003,At Risk,0.8213159089393777,Offer Discount; Send Retention Campaign
14139,400.0,3,670.98,16.507651373546878,At Risk,0.7795648502270603,Offer Discount; Send Retention Campaign
14141,15.0,1,285.16,231.97615073815945,Loyal Customers,0.5539125003763189,Maintain Engagement
14142,282.0,2,983.15,121.54200853248989,At Risk,0.796474641616858,Offer Discount; Send Retention Campaign
14143,43.0,1,115.8,206.9145247319364,Loyal Customers,0.5527915115682743,Maintain Engagement
14144,396.0,1,30.6,23.43664195225722,At Risk,0.8086285656393056,Offer Discount; Send Retention Campaign
14145,66.0,6,6709.05,1409.3941173264059,Loyal Customers,0.4062144327189983,Mark as VIP
14146,164.0,9,7163.03,1460.5882331113278,Loyal Customers,0.32305638474813797,Mark as VIP
14147,195.0,8,2289.6,385.2786868669016,Loyal Customers,0.3689530239268067,Maintain Engagement
14148,143.0,2,466.29,113.13098341868255,Loyal Customers,0.5446345183569504,Maintain Engagement
14149,130.0,1,446.62,184.43099940976907,Loyal Customers,0.5652368032478957,Maintain Engagement
14150,269.0,1,306.18,105.27551072554115,At Risk,0.806055126155834,Offer Discount; Send Retention Campaign
14151,583.0,2,679.45,-73.1536122513287,At Risk,0.8090014847780563,Offer Discount; Send Retention Campaign
14152,144.0,6,1690.56,310.9070826389643,Loyal Customers,0.42392697461192536,Maintain Engagement
14153,393.0,1,233.39999999999998,38.05508809722983,At Risk,0.810847045235322,Offer Discount; Send Retention Campaign
14154,148.0,8,6460.7,1319.4641434836842,Loyal Customers,0.3521281917357326,Mark as VIP
14155,176.0,1,118.75,140.0506231113667,Loyal Customers,0.5624845807676574,Maintain Engagement
14156,2.0,143,295425.08,57871.83792856122,Champions,1.0159813621742295e-07,Mark as VIP
14157,195.0,4,847.07,138.34573491745988,Loyal Customers,0.48824108309348513,Maintain Engagement
14159,5.0,16,6004.89,1183.2191876348952,Loyal Customers,0.16806435131980646,Mark as VIP
14160,520.0,7,8421.47,1560.9548601609697,At Risk,0.6748598687375312,Mark as VIP; Send Retention Campaign
14161,125.0,7,3318.88,656.1002723604938,Loyal Customers,0.38912196533016613,Mark as VIP
14162,83.0,2,289.36,116.90321645411905,Loyal Customers,0.539125273540628,Maintain Engagement
14163,62.0,4,1808.1000000000001,394.3265293003754,Loyal Customers,0.478113554354188,Maintain Engagement
14165,185.0,1,122.53999999999999,135.7580260153781,Loyal Customers,0.5632054232376125,Maintain Engagement
14166,414.0,2,256.85,-54.970502447075205,At Risk,0.7998219210632874,Offer Discount; Send Retention Campaign
14167,74.0,7,1123.75,209.29434224955315,Loyal Customers,0.39204692820020737,Maintain Engagement
14168,330.0,2,370.45,4.4839040857284544,At Risk,0.7963076512581041,Offer Discount; Send Retention Campaign
14169,340.0,2,624.4300000000001,50.20243456628009,At Risk,0.7966418175709995,Offer Discount; Send Retention Campaign
14170,285.0,3,597.33,69.71850764290895,At Risk,0.7727320418028109,Offer Discount; Send Retention Campaign
14171,7.0,2,498.79,185.97041502354386,Loyal Customers,0.5350034048608074,Maintain Engagement
14172,515.0,3,402.72,-88.22394797058428,At Risk,0.7847972363610876,Offer Discount; Send Retention Campaign
14173,129.0,3,249.2,72.00923518008568,Loyal Customers,0.5128083426449962,Maintain Engagement
14175,81.0,7,5662.57,1182.9061434997698,Loyal Customers,0.37915860616775604,Mark as VIP
14176,207.0,5,916.01,136.18789706451037,Loyal Customers,0.4587949206730732,Maintain Engagement
14177,5.0,12,1979.34,340.0233062403041,Loyal Customers,0.25841976586283233,Maintain Engagement
14178,8.0,3,493.36,179.96399656847427,Loyal Customers,0.5039825391550247,Maintain Engagement
14180,1.0,30,5829.65,871.4943748868974,Loyal Customers,0.038480957043522286,Mark as VIP
14181,320.0,2,310.55,0.3276862253702575,At Risk,0.7956015873681813,Offer Discount; Send Retention Campaign
14182,353.0,4,678.77,26.936843528545182,At Risk,0.7559748034756034,Offer Discount; Send Retention Campaign
14183,321.0,2,286.29,-2.5219102725718585,At Risk,0.7954257199289786,Offer Discount; Send Retention Campaign
14185,241.0,1,197.65,112.37851246368581,At Risk,0.8034778135943795,Offer Discount; Send Retention Campaign
14186,337.0,5,1550.6299999999999,197.6761243074488,At Risk,0.7315644365484402,Offer Discount; Send Retention Campaign
14187,383.0,1,123.5,35.994502440333804,At Risk,0.8091203335697623,Offer Discount; Send Retention Campaign
14188,19.0,4,1383.46,333.20357935787024,Loyal Customers,0.47502752372561435,Maintain Engagement
14189,6.0,12,4428.2300000000005,893.9405089912295,Loyal Customers,0.2496979014856192,Mark as VIP
14190,576.0,1,79.9,-64.12786084809375,At Risk,0.8172341308461014,Offer Discount; Send Retention Campaign
14191,18.0,9,2391.16,479.9132640658327,Loyal Customers,0.3301343877506167,Mark as VIP
14192,297.0,1,293.74,90.3548301299009,At Risk,0.8071920163630103,Offer Discount; Send Retention Campaign
14193,179.0,2,779.34,143.12761340398612,Loyal Customers,0.5490697640488071,Maintain Engagement
14194,16.0,27,12987.52,2597.9954053492074,Loyal Customers,0.04591772434347803,Mark as VIP
14195,111.0,6,2615.6,522.7707401003926,Loyal Customers,0.4193139605593733,Mark as VIP
14196,16.0,1,335.52,234.72649314793938,Loyal Customers,0.5549225192406237,Maintain Engagement
14197,320.0,1,390.05,84.98295920206823,At Risk,0.8093637052104271,Offer Discount; Send Retention Campaign
14198,55.0,7,1225.28,240.64020586293708,Loyal Customers,0.3904293353839018,Maintain Engagement
14199,128.0,4,1091.7,220.32311944978716,Loyal Customers,0.4832143119499699,Maintain Engagement
14200,527.0,1,379.2,-20.0813105156451,At Risk,0.818449377765361,Offer Discount; Send Retention Campaign
14201,59.0,8,967.34,164.701689029901,Loyal Customers,0.364101515991374,Maintain Engagement
14202,290.0,3,847.76,100.20046575292508,At Risk,0.7745775141337978,Offer Discount; Send Retention Campaign
14203,307.0,1,339.34,88.2600322161847,At Risk,0.8081820640897609,Offer Discount; Send Retention Campaign
14204,332.0,3,901.9300000000001,88.62957130686004,At Risk,0.7768157633930977,Offer Discount; Send Retention Campaign
14205,174.0,8,2170.4,369.71079660061423,Loyal Customers,0.367929376349299,Maintain Engagement
14206,148.0,3,1185.01,233.61867228987768,Loyal Customers,0.5157019247896983,Maintain Engagement
14207,597.0,1,157.8,-69.68113787546906,At Risk,0.8190255032227073,Offer Discount; Send Retention Campaign
14208,4.0,2,567.05,197.99698233074855,Loyal Customers,0.5351790384354647,Maintain Engagement
14209,30.0,14,4796.17,929.6711081235173,Loyal Customers,0.2085212904486279,Mark as VIP
14210,15.0,16,5861.52,1145.4472284836547,Loyal Customers,0.1688779820881298,Mark as VIP
14211,6.0,15,3291.12,579.652397371402,Loyal Customers,0.19353754984510813,Mark as VIP
14212,355.0,1,1119.66,114.48802792061974,At Risk,0.8192302356238661,Offer Discount; Send Retention Campaign
14213,314.0,1,1192.2,139.84687100875192,At Risk,0.8182538640864561,Offer Discount; Send Retention Campaign
14214,66.0,3,899.16,223.54861775588262,Loyal Customers,0.5090971234119543,Maintain Engagement
14215,96.0,7,2724.88,542.7860232429005,Loyal Customers,0.38886096118103763,Mark as VIP
14216,324.0,1,310.74,77.84087724788452,At Risk,0.8086218365514013,Offer Discount; Send Retention Campaign
14217,9.0,16,2623.41,406.6562044636532,Loyal Customers,0.17813486162335082,Mark as VIP
14219,319.0,2,543.89,37.34739159588514,At Risk,0.7963807038681229,Offer Discount; Send Retention Campaign
14220,157.0,4,1515.0,288.8171854195609,Loyal Customers,0.48519349649809307,Maintain Engagement
14221,22.0,15,5701.7,1123.2891353712828,Loyal Customers,0.18670703434279545,Mark as VIP
14222,86.0,1,683.17,221.90148726333962,Loyal Customers,0.566440052209935,Maintain Engagement
14223,2.0,3,991.13,271.9100672369391,Loyal Customers,0.5046511698958018,Maintain Engagement
14224,20.0,9,1897.9,370.5174966866561,Loyal Customers,0.3319066370911133,Maintain Engagement
14225,344.0,4,2037.02,297.3206905447226,At Risk,0.7552249413653189,Offer Discount; Send Retention Campaign
14226,120.0,3,2479.74,482.62878368841297,Loyal Customers,0.5160055630696566,Mark as VIP
14227,106.0,12,5417.27,1065.4086124500209,Loyal Customers,0.2519254149382998,Mark as VIP
14228,347.0,3,745.5,54.20155995790378,At Risk,0.7772287284915552,Offer Discount; Send Retention Campaign
14229,201.0,6,1808.97,308.83085008292824,Loyal Customers,0.42749425686628945,Maintain Engagement
14230,345.0,3,979.8000000000001,97.71535072661385,At Risk,0.7774229613893398,Offer Discount; Send Retention Campaign
14231,93.0,4,1235.6200000000001,266.4241340235014,Loyal Customers,0.48056797800939066,Maintain Engagement
14232,25.0,4,1573.33,368.06227714164373,Loyal Customers,0.47531295710578036,Maintain Engagement
14233,121.0,6,2400.65,472.3601181393148,Loyal Customers,0.42055223442122874,Mark as VIP
14235,67.0,8,4375.99,905.006793489385,Loyal Customers,0.3534792306942369,Mark as VIP
14236,281.0,4,1443.08,213.68857671191643,At Risk,0.7518098945869324,Offer Discount; Send Retention Campaign
14237,283.0,2,632.14,67.67481604402917,At Risk,0.7951293883408744,Offer Discount; Send Retention Campaign
14238,236.0,3,434.23,51.82513085904111,At Risk,0.7713231254731606,Offer Discount; Send Retention Campaign
14239,4.0,19,3763.21,610.7008752931653,Loyal Customers,0.13002666462696824,Mark as VIP
14240,135.0,2,584.0,135.03150485732795,Loyal Customers,0.5447686045939036,Maintain Engagement
14241,93.0,2,333.7,117.50099936239315,Loyal Customers,0.5402835502242881,Maintain Engagement
14242,144.0,2,280.55,85.2380173727849,Loyal Customers,0.5434594989985004,Maintain Engagement
14243,5.0,15,7148.2300000000005,1463.405022722496,Loyal Customers,0.18149246801934774,Mark as VIP
14244,570.0,1,366.41999999999996,-42.58650628114253,At Risk,0.8201769505335839,Offer Discount; Send Retention Campaign
14245,129.0,2,1693.45,310.36459733493064,Loyal Customers,0.5505183105172876,Maintain Engagement
14246,20.0,3,1474.06,351.02391555573996,Loyal Customers,0.5067696771569175,Maintain Engagement
14247,188.0,5,772.66,112.74385966626022,Loyal Customers,0.4581645956985567,Maintain Engagement
14248,228.0,3,1032.95,165.37057689530758,At Risk,0.7715870347541116,Offer Discount; Send Retention Campaign
14249,320.0,12,5625.461,1006.1767675779848,At Risk,0.5253667529867471,Mark as VIP; Send Retention Campaign
14252,291.0,1,350.99,97.07962495759415,At Risk,0.8075887534090854,Offer Discount; Send Retention Campaign
14253,403.0,2,363.40000000000003,-33.26496163268382,At Risk,0.7997247340860917,Offer Discount; Send Retention Campaign
14254,342.0,1,601.03,87.52579952943444,At Risk,0.8127900332372563,Offer Discount; Send Retention Campaign
14255,455.0,1,1000.63,56.378770173672194,At Risk,0.8222330396861993,Offer Discount; Send Retention Campaign
14256,170.0,5,2473.9900000000002,470.36380887170253,Loyal Customers,0.4541649087830847,Mark as VIP
14257,33.0,8,5580.57,1185.0366734112802,Loyal Customers,0.3473227664424131,Mark as VIP
14258,61.0,23,28767.68,6320.079032870364,Loyal Customers,0.05162736147284582,Mark as VIP
14259,51.0,1,120.0,203.15259337360152,Loyal Customers,0.5534506767097747,Maintain Engagement
14260,381.0,3,824.28,52.342315707180035,At Risk,0.7789530103980347,Offer Discount; Send Retention Campaign
14262,17.0,3,855.0,240.03314339178667,Loyal Customers,0.5054488543239395,Maintain Engagement
14263,333.0,1,322.93,74.09112963856995,At Risk,0.8091725532792631,Offer Discount; Send Retention Campaign
14264,64.0,6,1517.3600000000001,314.6012211348966,Loyal Customers,0.4186301979871845,Maintain Engagement
14265,19.0,4,1373.35,-46.91516707890179,Loyal Customers,0.5300597159479447,Maintain Engagement
14266,338.0,1,40.56,53.322138080720435,At Risk,0.806095180470351,Offer Discount; Send Retention Campaign
14267,72.0,3,1516.24,333.2233871268756,Loyal Customers,0.5105533535003824,Maintain Engagement
14268,380.0,1,354.85,52.45799059060931,At Risk,0.8116635225966424,Offer Discount; Send Retention Campaign
14269,349.0,1,295.73,64.26661909742444,At Risk,0.809581564453441,Offer Discount; Send Retention Campaign
14270,241.0,1,492.65000000000003,131.44286943616828,At Risk,0.8069641063766407,Offer Discount; Send Retention Campaign
14271,135.0,2,219.13,79.45914743901307,Loyal Customers,0.5425727036104082,Maintain Engagement
14272,164.0,3,614.9399999999999,121.13126857610303,Loyal Customers,0.515982732762757,Maintain Engagement
14273,46.0,3,450.05,152.2951005153118,Loyal Customers,0.506789342483135,Maintain Engagement
14274,596.0,1,256.6,-62.7920244004506,At Risk,0.8200830237593709,Offer Discount; Send Retention Campaign
14275,305.0,6,1189.3799999999999,125.18471778953091,At Risk,0.706157084311888,Offer Discount; Send Retention Campaign
14276,8.0,7,2102.68,453.19199710515545,Loyal Customers,0.38456660981481733,Mark as VIP
14277,122.0,7,14647.039999999999,3261.3558850281433,Loyal Customers,0.3342718224132355,Mark as VIP
14278,319.0,1,205.83,73.58192247250344,At Risk,0.8071669734874827,Offer Discount; Send Retention Campaign
14279,430.0,2,191.86,-73.29413149105028,At Risk,0.8003550080797728,Offer Discount; Send Retention Campaign
14280,106.0,1,134.04,176.33060431662,Loyal Customers,0.5577015095321114,Maintain Engagement
14281,318.0,1,245.15,76.62714458235831,At Risk,0.8075820664131543,Offer Discount; Send Retention Campaign
14282,19.0,19,6615.76,1262.7892549735338,Loyal Customers,0.12364712386854519,Mark as VIP
14283,373.0,4,628.4399999999999,7.949827517049016,At Risk,0.7569652200644225,Offer Discount; Send Retention Campaign
14284,563.0,1,704.4,-17.215382846214652,At Risk,0.8236039074155884,Offer Discount; Send Retention Campaign
14285,86.0,5,1380.31,288.065695163946,Loyal Customers,0.4498626659045169,Maintain Engagement
14286,152.0,5,5901.09,1182.5960367274527,Loyal Customers,0.4472995945419138,Mark as VIP
14287,108.0,2,83.28,243.4550606892455,Loyal Customers,0.5149429089394328,Maintain Engagement
14288,123.0,1,426.6,186.66639472215866,Loyal Customers,0.5643605119222278,Maintain Engagement
14289,44.0,5,832.78,198.8988678897045,Loyal Customers,0.44740944192317766,Maintain Engagement
14290,271.0,4,2979.4700000000003,518.8581773603823,At Risk,0.7510255444419747,Offer Discount; Mark as VIP; Send Retention Campaign
14291,30.0,19,6376.39,1201.6418259744655,Loyal Customers,0.12457987026302049,Mark as VIP
14292,55.0,11,6944.53,1448.2888780961323,Loyal Customers,0.26665031509758885,Mark as VIP
14293,57.0,8,2960.78,600.6711782785496,Loyal Customers,0.35746750187617826,Mark as VIP
14294,316.0,1,375.34000000000003,86.04900440183559,At Risk,0.8090111152209614,Offer Discount; Send Retention Campaign
14295,348.0,4,2196.71,326.5308613096553,At Risk,0.7554144455948373,Offer Discount; Send Retention Campaign
14296,331.0,2,456.4,17.01504868828806,At Risk,0.79669846112498,Offer Discount; Send Retention Campaign
14297,184.0,1,232.6,143.3748163022952,Loyal Customers,0.5651723213449183,Maintain Engagement
14298,9.0,75,80849.7,17761.700365567598,Champions,0.00024132124098132343,Mark as VIP
14299,17.0,23,12971.01,2665.8874115922363,Loyal Customers,0.07132377987799374,Mark as VIP
14301,27.0,4,1992.18,447.643242202779,Loyal Customers,0.47555270167897357,Mark as VIP
14302,340.0,3,742.9000000000001,55.712017025699254,At Risk,0.7770253934387478,Offer Discount; Send Retention Campaign
14303,317.0,2,277.94,2.099974907366118,At Risk,0.7948332814761794,Offer Discount; Send Retention Campaign
14304,132.0,3,1725.01,339.004338153548,Loyal Customers,0.5156059457899793,Maintain Engagement
14305,23.0,2,1048.45,269.641699789445,Loyal Customers,0.5383255829902146,Maintain Engagement
14306,288.0,4,1058.0800000000002,133.10406263929622,At Risk,0.7524528635275434,Offer Discount; Send Retention Campaign
14307,44.0,8,4383.2,917.8372237610965,Loyal Customers,0.3519583244069857,Mark as VIP
14308,458.0,2,1147.02,229.20585382829898,At Risk,0.789212746284411,Offer Discount; Send Retention Campaign
14309,3.0,9,3061.98,636.0584750097131,Loyal Customers,0.32678641074488834,Mark as VIP
14310,342.0,1,492.1,80.48620493617176,At Risk,0.8115378645028639,Offer Discount; Send Retention Campaign
14311,152.0,2,516.45,115.81758723942545,Loyal Customers,0.5456519175602664,Maintain Engagement
14312,1.0,10,2525.89,502.08383687056426,Loyal Customers,0.30312316456161126,Mark as VIP
14314,16.0,2,229.79999999999998,140.67327198706215,Loyal Customers,0.5340073542509814,Maintain Engagement
14315,39.0,7,2266.84,473.0174376885748,Loyal Customers,0.38622446375624314,Mark as VIP
14316,331.0,5,1370.34,163.78965342636775,At Risk,0.7314410044234978,Offer Discount; Send Retention Campaign
14318,370.0,1,158.02,44.779558996025514,At Risk,0.8089321391535339,Offer Discount; Send Retention Campaign
14319,334.0,1,494.85,84.69727961979044,At Risk,0.8112098761740443,Offer Discount; Send Retention Campaign
14320,116.0,5,1346.75,266.173461178217,Loyal Customers,0.45208217973143716,Maintain Engagement
14321,26.0,5,1587.96,361.3594408631294,Loyal Customers,0.4451051022520939,Maintain Engagement
14322,339.0,4,474.1,-6.9743818590291085,At Risk,0.7553527277857784,Offer Discount; Send Retention Campaign
14323,24.0,2,605.0600000000001,194.7311657212448,Loyal Customers,0.5367206571897088,Maintain Engagement
14324,319.0,2,701.61,59.93332559084968,At Risk,0.7971357686180848,Offer Discount; Send Retention Campaign
14325,479.0,1,245.48000000000002,-4.522820733954177,At Risk,0.8148291077342646,Offer Discount; Send Retention Campaign
14326,152.0,3,940.98,186.54917204431757,Loyal Customers,0.5156645174050866,Maintain Engagement
14327,73.0,6,1894.93,389.5874638434243,Loyal Customers,0.41838042988397967,Maintain Engagement
14328,347.0,1,445.05,74.9247539978632,At Risk,0.8112200891895011,Offer Discount; Send Retention Campaign
14329,18.0,12,8397.41,1781.9265191733318,Loyal Customers,0.23701613832992832,Mark as VIP
14330,533.0,1,200.63,-34.646402929445344,At Risk,0.8167054605369162,Offer Discount; Send Retention Campaign
14331,34.0,2,462.65999999999997,183.7800725868745,Loyal Customers,0.5343051011427649,Maintain Engagement
14332,57.0,3,1196.24,280.9191975593933,Loyal Customers,0.5091327053356405,Maintain Engagement
14334,3.0,11,4094.98,835.1638925245259,Loyal Customers,0.27359956210513237,Mark as VIP
14335,6.0,1,359.25,269.6826869450422,Loyal Customers,0.5505498231405102,Maintain Engagement
14336,108.0,3,1114.3899999999999,242.7164599554144,Loyal Customers,0.5123840253122837,Maintain Engagement
14338,71.0,3,928.1,224.84388955710716,Loyal Customers,0.5097258322681597,Maintain Engagement
14339,152.0,2,620.27,132.043095942655,Loyal Customers,0.5462165763045602,Maintain Engagement
14340,128.0,1,134.7,165.2815274966896,Loyal Customers,0.5593074687430856,Maintain Engagement
14341,40.0,16,3424.56,573.8293055112445,Loyal Customers,0.17713040733014518,Mark as VIP
14342,47.0,4,669.62,178.17886855533226,Loyal Customers,0.4774380504887732,Maintain Engagement
14343,331.0,4,1088.91,117.6097472025686,At Risk,0.7547762234714239,Offer Discount; Send Retention Campaign
14344,37.0,20,3333.7000000000003,475.31924069475986,Loyal Customers,0.11945806129055991,Mark as VIP
14346,30.0,5,2315.75,508.6280336033642,Loyal Customers,0.44422405311937,Mark as VIP
14347,646.0,1,82.60000000000001,-99.24523940272002,At Risk,0.8203157424509868,Offer Discount; Send Retention Campaign
14348,169.0,1,409.57,162.37403442825274,Loyal Customers,0.5673651681173321,Maintain Engagement
14350,184.0,3,972.03,176.8350193019872,Loyal Customers,0.5179542970328388,Maintain Engagement
14351,74.0,1,51.0,187.09757379790074,Loyal Customers,0.5538356408966105,Maintain Engagement
14352,67.0,4,1078.96,250.43840769465737,Loyal Customers,0.4784742468107025,Maintain Engagement
14353,124.0,3,376.5,98.36024206165416,Loyal Customers,0.5125662681637813,Maintain Engagement
14355,275.0,3,1014.45,137.99048852172115,At Risk,0.7740212321813873,Offer Discount; Send Retention Campaign
14358,299.0,2,400.06,27.952676501079168,At Risk,0.7946270892516344,Offer Discount; Send Retention Campaign
14360,4.0,1,1134.69,292.4228397129855,Loyal Customers,0.5688776949925156,Maintain Engagement
14361,488.0,1,214.70999999999998,-11.048855717973197,At Risk,0.8148782138653751,Offer Discount; Send Retention Campaign
14363,311.0,2,227.47000000000003,-5.432016915441068,At Risk,0.7946188200023132,Offer Discount; Send Retention Campaign
14364,18.0,8,3717.35,791.1249480844458,Loyal Customers,0.351636634755211,Mark as VIP
14365,304.0,2,634.68,57.28121413607357,At Risk,0.7961608044140894,Offer Discount; Send Retention Campaign
14366,434.0,1,136.0,11.089669028297862,At Risk,0.8115677579904244,Offer Discount; Send Retention Campaign
14367,47.0,10,5448.45,1134.1334230678028,Loyal Customers,0.29515132906287955,Mark as VIP
14368,229.0,1,155.0,115.67229297254488,At Risk,0.8024115116359584,Offer Discount; Send Retention Campaign
14369,552.0,2,469.13,-84.54235033237376,At Risk,0.8063402856878215,Offer Discount; Send Retention Campaign
14370,360.0,6,1175.78,94.42252979488677,At Risk,0.709546171581694,Offer Discount; Send Retention Campaign
14371,204.0,1,100.5,124.75447162077683,Loyal Customers,0.5641698105138264,Maintain Engagement
14372,352.0,2,860.08,67.95578624024648,At Risk,0.7992674050120138,Offer Discount; Send Retention Campaign
14373,268.0,1,76.55,90.93985552099201,At Risk,0.8032893846007435,Offer Discount; Send Retention Campaign
14374,451.0,1,108.0,0.7092890233316211,At Risk,0.8120084754704902,Offer Discount; Send Retention Campaign
14375,95.0,3,1132.99,250.02726284494378,Loyal Customers,0.5118448139586328,Maintain Engagement
14376,593.0,1,215.46,-63.93818584824896,At Risk,0.81949484191374,Offer Discount; Send Retention Campaign
14377,101.0,2,617.05,158.79748351057037,Loyal Customers,0.5422593230453817,Maintain Engagement
14378,531.0,1,131.25,-38.12174216419976,At Risk,0.8158332924164299,Offer Discount; Send Retention Campaign
14379,205.0,3,1031.79,176.84816256480877,Loyal Customers,0.5196383605303301,Maintain Engagement
14380,591.0,1,48.96,-73.68989914797783,At Risk,0.8175439130709339,Offer Discount; Send Retention Campaign
14381,360.0,1,428.66,67.31134758424304,At Risk,0.8116155197726015,Offer Discount; Send Retention Campaign
14382,299.0,1,620.73,110.47819987204917,At Risk,0.8110877560854753,Offer Discount; Send Retention Campaign
14383,73.0,1,242.09,199.95092288305614,Loyal Customers,0.5573183584264408,Maintain Engagement
14384,410.0,1,58.5,18.181304569356257,At Risk,0.8095885310685623,Offer Discount; Send Retention Campaign
14386,206.0,1,142.4,126.45391753484034,Loyal Customers,0.5650903715131014,Maintain Engagement
14387,19.0,1,440.76,240.015113178572,Loyal Customers,0.5570977198322071,Maintain Engagement
14388,1.0,14,5765.93,1165.0926185618775,Loyal Customers,0.2040043276903305,Mark as VIP
14389,100.0,4,1165.69,248.73274802780537,Loyal Customers,0.4811686518408352,Maintain Engagement
14390,54.0,8,3339.67,686.2045765314008,Loyal Customers,0.35585602075551404,Mark as VIP
14391,486.0,1,135.6,-15.152995608125138,At Risk,0.8138883000346929,Offer Discount; Send Retention Campaign
14392,342.0,1,266.4,65.90035622875047,At Risk,0.8089229644868864,Offer Discount; Send Retention Campaign
14393,127.0,1,67.95,161.47198233850634,Loyal Customers,0.5579949016097319,Maintain Engagement
14394,474.0,1,93.8,-11.804283901209715,At Risk,0.8128750706895344,Offer Discount; Send Retention Campaign
14395,87.0,17,6666.52,1277.334997401822,Loyal Customers,0.15359497325972407,Mark as VIP
14396,281.0,6,1744.29,253.3722711941756,At Risk,0.7036638157494219,Offer Discount; Send Retention Campaign
14397,3.0,10,1036.1200000000001,174.3211365892363,Loyal Customers,0.3079253190340479,Maintain Engagement
14398,311.0,2,707.79,65.66655064956404,At Risk,0.7967081267446589,Offer Discount; Send Retention Campaign
14399,304.0,8,2113.16,292.305329113766,At Risk,0.6523550860450197,Send Retention Campaign
14400,59.0,3,1732.47,376.958626286447,Loyal Customers,0.5102912233795833,Maintain Engagement
14401,5.0,19,5823.8,1086.457803664945,Loyal Customers,0.12509019526110382,Mark as VIP
14402,562.0,1,285.6,-43.776137740542026,At Risk,0.818928764252244,Offer Discount; Send Retention Campaign
14403,40.0,6,1880.51,403.2345401551537,Loyal Customers,0.41605062469624626,Maintain Engagement
14404,18.0,12,2772.31,512.287273446686,Loyal Customers,0.2563617558745917,Mark as VIP
14405,296.0,1,195.0,84.47793317663394,At Risk,0.8059854852485531,Offer Discount; Send Retention Campaign
14406,28.0,1,156.75,217.12345867010714,Loyal Customers,0.5524648898725772,Maintain Engagement
14407,17.0,6,2157.73,475.38050113705435,Loyal Customers,0.41345053314113717,Mark as VIP
14408,4.0,10,3801.55,784.0288933719571,Loyal Customers,0.2988876535310483,Mark as VIP
14409,32.0,8,3640.3700000000003,762.0582190620216,Loyal Customers,0.3535171008791093,Mark as VIP
14410,2.0,11,2651.14,512.4574093142367,Loyal Customers,0.2785714553370169,Mark as VIP
14411,220.0,1,1063.0,178.88926309883777,At Risk,0.8126330227994153,Offer Discount; Send Retention Campaign
14412,334.0,1,656.16,95.12192851209937,At Risk,0.8130643587202515,Offer Discount; Send Retention Campaign
14413,272.0,4,770.37,84.55871191911694,At Risk,0.751664849892582,Offer Discount; Send Retention Campaign
14414,1.0,8,2399.33,507.5391527893008,Loyal Customers,0.35536174476027205,Mark as VIP
14415,7.0,19,9993.0,2048.9967214263834,Loyal Customers,0.11559637433030863,Mark as VIP
14417,297.0,1,604.2,110.4182886576192,At Risk,0.8108067145108154,Offer Discount; Send Retention Campaign
14418,17.0,1,150.44,222.26153994551163,Loyal Customers,0.5515481390072859,Maintain Engagement
14419,162.0,3,510.41,104.33416004232976,Loyal Customers,0.5154769791468519,Maintain Engagement
14420,8.0,4,1639.17,387.8376182325342,Loyal Customers,0.4742948561840711,Maintain Engagement
14421,121.0,5,2111.44,420.576254069038,Loyal Customers,0.4512017369004538,Mark as VIP
14422,80.0,15,7040.03,1399.7953919927743,Loyal Customers,0.18521152302907942,Mark as VIP
14423,128.0,3,916.61,193.87157162877395,Loyal Customers,0.5139108316097653,Maintain Engagement
14425,344.0,3,661.39,38.88971340691171,At Risk,0.7771277963087755,Offer Discount; Send Retention Campaign
14426,50.0,13,10131.85,2147.303321202451,Loyal Customers,0.21195042965321326,Mark as VIP
14427,404.0,2,900.1800000000001,48.006781287866374,At Risk,0.8018469621228257,Offer Discount; Send Retention Campaign
14428,149.0,2,330.62,90.48581338307997,Loyal Customers,0.54410462351054,Maintain Engagement
14429,313.0,1,516.28,96.66975182708683,At Risk,0.8105113414124444,Offer Discount; Send Retention Campaign
14430,421.0,3,1220.9,103.63766487597792,At Risk,0.781513274981515,Offer Discount; Send Retention Campaign
14431,212.0,4,2614.2,476.82028539909913,Loyal Customers,0.48885813949955115,Mark as VIP
14433,375.0,1,289.6,50.76206089159672,At Risk,0.8106854335703947,Offer Discount; Send Retention Campaign
14435,411.0,1,90.42,19.73996310600876,At Risk,0.810004250268465,Offer Discount; Send Retention Campaign
14436,8.0,2,271.7,150.94393096834852,Loyal Customers,0.5336963533273633,Maintain Engagement
14437,275.0,5,958.84,107.49361334596102,At Risk,0.7287415086292252,Offer Discount; Send Retention Campaign
14438,216.0,1,131.9,120.73366054940789,At Risk,0.8015285318820381,Offer Discount; Send Retention Campaign
14439,229.0,5,9443.04,852.6483234421753,Loyal Customers,0.5941024977898467,Mark as VIP
14440,226.0,10,5466.76,1043.781012205026,Loyal Customers,0.3066609672325569,Mark as VIP
14441,4.0,9,3596.2,753.133299148888,Loyal Customers,0.3250620295817617,Mark as VIP
14442,114.0,7,5367.02,799.0701772327286,Loyal Customers,0.42485963039203234,Mark as VIP
14443,48.0,4,1957.79,431.107615399999,Loyal Customers,0.4769867393286578,Mark as VIP
14444,365.0,1,132.04,45.62145064721409,At Risk,0.8084019647436684,Offer Discount; Send Retention Campaign
14445,365.0,1,221.65,51.41249142112662,At Risk,0.8094456362283092,Offer Discount; Send Retention Campaign
14446,156.0,2,504.77,112.71768797574038,Loyal Customers,0.545772500139584,Maintain Engagement
14447,106.0,3,1149.53,248.02608878493663,Loyal Customers,0.5126031817677926,Maintain Engagement
14448,273.0,1,102.35000000000001,90.08633138080319,At Risk,0.8038281343618997,Offer Discount; Send Retention Campaign
14449,156.0,6,1977.0,366.83156728864225,Loyal Customers,0.42387388598199427,Maintain Engagement
14450,90.0,7,1128.44,202.47380994159556,Loyal Customers,0.3931210595892684,Maintain Engagement
14451,104.0,11,3006.18,539.8493266712024,Loyal Customers,0.2834530219859934,Mark as VIP
14452,3.0,3,528.52,186.4084128388622,Loyal Customers,0.5040370805816217,Maintain Engagement
14453,100.0,1,119.93,178.44376350513915,Loyal Customers,0.5570043231881767,Maintain Engagement
14454,286.0,5,977.3000000000001,104.9586565027364,At Risk,0.7294453189953455,Offer Discount; Send Retention Campaign
14455,342.0,4,628.21,25.74944513860305,At Risk,0.7550471970962555,Offer Discount; Send Retention Campaign
14456,41.0,3,636.65,209.76126609621406,Loyal Customers,0.503690037294382,Maintain Engagement
14457,220.0,1,113.64,117.53693111444471,At Risk,0.8014965892602866,Offer Discount; Send Retention Campaign
14458,290.0,1,237.42,90.244340160592,At Risk,0.8062095807729601,Offer Discount; Send Retention Campaign
14459,65.0,2,5375.741,900.4913602813003,Loyal Customers,0.5683262290843585,Mark as VIP
14460,20.0,9,1093.5,192.35669623620976,Loyal Customers,0.33477587691530664,Maintain Engagement
14461,57.0,13,6713.5,1368.2066559530283,Loyal Customers,0.22347555531527,Mark as VIP
14462,30.0,10,1800.09,326.4452557967602,Loyal Customers,0.30743356138143246,Maintain Engagement
14463,8.0,4,786.5699999999999,220.64411322365555,Loyal Customers,0.47456256715816764,Maintain Engagement
14464,477.0,2,111.0,-107.4797968619448,At Risk,0.8020723212004216,Offer Discount; Send Retention Campaign
14465,156.0,11,3946.03,724.6966544790297,Loyal Customers,0.2831483266575277,Mark as VIP
14466,25.0,11,3954.95,792.2113304830468,Loyal Customers,0.27543264402940193,Mark as VIP
14467,222.0,9,1753.93,236.92028600330264,Loyal Customers,0.34569979101043313,Maintain Engagement
14468,643.0,1,204.24,-89.87175329804131,At Risk,0.8215336128178975,Offer Discount; Send Retention Campaign
14469,326.0,4,2112.21,321.1547701558043,At Risk,0.7542269506628146,Offer Discount; Send Retention Campaign
14470,197.0,2,548.49,98.69630983256849,Loyal Customers,0.5490208347006111,Maintain Engagement
14471,500.0,2,400.95,-76.55689147192925,At Risk,0.8044031721592116,Offer Discount; Send Retention Campaign
14472,13.0,9,2228.22,446.5267494367632,Loyal Customers,0.3303646263607036,Mark as VIP
14473,192.0,1,85.0,129.80281922049318,Loyal Customers,0.563015446239551,Maintain Engagement
14474,489.0,1,730.42,21.774702004161668,At Risk,0.8207119192710974,Offer Discount; Send Retention Campaign
14475,96.0,3,847.47,198.05709203885675,Loyal Customers,0.5113493641784033,Maintain Engagement
14476,167.0,1,215.7,150.85353655111072,Loyal Customers,0.5636313689988491,Maintain Engagement
14477,94.0,5,1183.0,243.59477740219273,Loyal Customers,0.45075768945593864,Maintain Engagement
14478,292.0,4,1276.66,173.83343447504046,At Risk,0.7526331544517972,Offer Discount; Send Retention Campaign
14479,163.0,4,1299.11,243.03281447121594,Loyal Customers,0.4857633785043354,Maintain Engagement
14480,312.0,3,1020.47,120.26102852603589,At Risk,0.7759414630807313,Offer Discount; Send Retention Campaign
14481,74.0,5,2311.49,485.2665393107434,Loyal Customers,0.44746842998012937,Mark as VIP
14482,8.0,8,2755.71,581.2628260404726,Loyal Customers,0.3547468368284855,Mark as VIP
14483,191.0,2,257.1,56.45371767787793,Loyal Customers,0.546961335866114,Maintain Engagement
14484,311.0,3,749.0600000000001,71.41328278836028,At Risk,0.7755573937113611,Offer Discount; Send Retention Campaign
14486,421.0,2,175.5,-68.13051443560823,At Risk,0.7995776728620867,Offer Discount; Send Retention Campaign
14487,278.0,2,382.38,48.52078334432571,At Risk,0.792335685581839,Offer Discount; Send Retention Campaign
14489,117.0,4,1574.93,320.53328372245585,Loyal Customers,0.48226943406147177,Maintain Engagement
14490,316.0,2,1273.47,155.86103974126854,At Risk,0.7985434284623044,Offer Discount; Send Retention Campaign
14491,85.0,2,468.13,142.57091953410423,Loyal Customers,0.540428435377226,Maintain Engagement
14492,340.0,7,1921.91,249.02624978882653,At Risk,0.6813998628939986,Send Retention Campaign
14493,64.0,6,3358.13,703.0578000826433,Loyal Customers,0.41417496438736573,Mark as VIP
14494,311.0,2,261.9,-3.169862576593573,At Risk,0.7950383716128867,Offer Discount; Send Retention Campaign
14495,31.0,2,91.6,111.82534823652037,Loyal Customers,0.5343039885707347,Maintain Engagement
14496,221.0,7,2668.23,468.3418194819148,Loyal Customers,0.39768385243838444,Mark as VIP
14497,218.0,2,697.0600000000001,110.02533787055341,Loyal Customers,0.5515421396257584,Maintain Engagement
14498,26.0,9,3235.74,662.9279238309837,Loyal Customers,0.32766246992594145,Mark as VIP
14499,43.0,6,1694.6100000000001,363.0092815032161,Loyal Customers,0.41664142324172193,Maintain Engagement
14500,21.0,2,335.85,156.02732053598703,Loyal Customers,0.534763182854661,Maintain Engagement
14501,93.0,2,251.21,105.85104785097462,Loyal Customers,0.5396541986203127,Maintain Engagement
14502,59.0,7,1176.01,230.6330856615171,Loyal Customers,0.3904919973987995,Maintain Engagement
14503,88.0,1,597.07,215.32894099951238,Loyal Customers,0.5649904772227466,Maintain Engagement
14504,152.0,3,542.71,120.63535536719235,Loyal Customers,0.5140160799215635,Maintain Engagement
14505,19.0,17,10351.84,2158.204472644411,Loyal Customers,0.14142610061349273,Mark as VIP
14506,71.0,5,2110.16,445.60835918626293,Loyal Customers,0.44755671348827647,Mark as VIP
14507,11.0,9,2825.94,579.4410545659673,Loyal Customers,0.3281776177650729,Mark as VIP
14508,286.0,3,598.52,57.42213792164864,At Risk,0.7740114456925079,Offer Discount; Send Retention Campaign
14509,444.0,1,110.95,4.429119182019235,At Risk,0.8117283216915181,Offer Discount; Send Retention Campaign
14510,285.0,3,1007.28,134.95768904456628,At Risk,0.7741885740289902,Offer Discount; Send Retention Campaign
14511,2.0,2,329.89,166.65950199452527,Loyal Customers,0.5330538239780138,Maintain Engagement
14512,97.0,7,1223.47,219.10325219936976,Loyal Customers,0.3933713855589081,Maintain Engagement
14513,10.0,6,788.01,187.857743285467,Loyal Customers,0.41654624119762,Maintain Engagement
14514,111.0,8,3946.7400000000002,788.8976816498289,Loyal Customers,0.3578675116166028,Mark as VIP
14515,101.0,8,2412.82,459.5534971311529,Loyal Customers,0.3621448983067419,Mark as VIP
14516,426.0,1,163.92,16.92735342377216,At Risk,0.8115300650976002,Offer Discount; Send Retention Campaign
14517,51.0,1,252.45,211.71216652955167,Loyal Customers,0.5559159162207306,Maintain Engagement
14519,593.0,2,206.09,-150.55597457818533,At Risk,0.8077015686886854,Offer Discount; Send Retention Campaign
14520,200.0,1,165.0,130.9394582300029,Loyal Customers,0.5650756844569513,Maintain Engagement
14521,400.0,1,199.45000000000002,32.33188483295908,At Risk,0.8107700858353561,Offer Discount; Send Retention Campaign
14522,2.0,6,1544.78,351.38718099036856,Loyal Customers,0.41417415892363024,Maintain Engagement
14523,18.0,1,241.09,227.61562114316035,Loyal Customers,0.5533096615763943,Maintain Engagement
14524,88.0,9,2118.75,386.469220723122,Loyal Customers,0.3353888997880074,Maintain Engagement
14525,10.0,15,6834.58,1387.8367629696556,Loyal Customers,0.18277189016392686,Mark as VIP
14526,299.0,1,262.4,87.32114551967749,At Risk,0.8069157796101921,Offer Discount; Send Retention Campaign
14527,8.0,107,24564.9,3685.4999342385845,Loyal Customers,3.5978958338070614e-06,Mark as VIP
14529,20.0,1,135.24,219.76673233626002,Loyal Customers,0.5514828416262791,Maintain Engagement
14530,3.0,15,5817.61,1158.9565218632767,Loyal Customers,0.18554291520198063,Mark as VIP
14531,389.0,1,376.34,49.309254912969834,At Risk,0.8123143821508702,Offer Discount; Send Retention Campaign
14532,146.0,11,3859.1800000000003,710.2148312507497,Loyal Customers,0.28286908480869905,Mark as VIP
14533,22.0,6,2251.63,490.6633927084839,Loyal Customers,0.4138643339822916,Mark as VIP
14534,5.0,22,4859.75,804.9359444985298,Loyal Customers,0.0935039271100042,Mark as VIP
14535,37.0,8,4820.45,1017.0127977340171,Loyal Customers,0.35004996943531086,Mark as VIP
14536,169.0,1,171.8,147.00816270843188,Loyal Customers,0.5629621742488575,Maintain Engagement
14537,533.0,1,285.84,-29.139711886647888,At Risk,0.8176646752838259,Offer Discount; Send Retention Campaign
14538,166.0,4,1089.0900000000001,200.35689393939924,Loyal Customers,0.48604652539644483,Maintain Engagement
14540,219.0,9,2994.98,512.4984024350431,Loyal Customers,0.34111539167687266,Mark as VIP
14541,78.0,13,2353.68,368.684719694608,Loyal Customers,0.23943231550702487,Maintain Engagement
14542,95.0,1,103.25,179.8866670880027,Loyal Customers,0.5563316273850848,Maintain Engagement
14543,18.0,36,14541.54,2787.762701282607,Loyal Customers,0.016085047810605196,Mark as VIP
14544,271.0,2,2079.9,295.2944790566499,At Risk,0.8001289243595685,Offer Discount; Send Retention Campaign
14545,584.0,1,349.25,-50.754489659805586,At Risk,0.8205923706318203,Offer Discount; Send Retention Campaign
14546,111.0,8,3494.69,690.1599105717892,Loyal Customers,0.3593509919512048,Mark as VIP
14548,60.0,9,2627.49,511.0084687176157,Loyal Customers,0.33203635251584995,Mark as VIP
14549,221.0,4,916.5500000000001,138.73862802906228,Loyal Customers,0.4901459310750605,Maintain Engagement
14550,298.0,2,587.69,54.35220765368001,At Risk,0.7955753639396326,Offer Discount; Send Retention Campaign
14551,113.0,6,819.24,142.49674747525182,Loyal Customers,0.4238456962823777,Maintain Engagement
14552,61.0,3,511.28000000000003,154.014857529216,Loyal Customers,0.5082683694370685,Maintain Engagement
14553,128.0,6,1294.59,235.9627780601552,Loyal Customers,0.4236638625684647,Maintain Engagement
14555,211.0,5,2189.43,391.3338775659064,Loyal Customers,0.4576112752824784,Maintain Engagement
14556,506.0,3,835.34,-9.214825328513257,At Risk,0.7852782950126317,Offer Discount; Send Retention Campaign
14558,564.0,3,655.5,-70.60134239165325,At Risk,0.7878714324598024,Offer Discount; Send Retention Campaign
14559,299.0,1,75.6,75.24920693506823,At Risk,0.8047132643663416,Offer Discount; Send Retention Campaign
14560,4.0,37,5441.46,630.8056009681496,Loyal Customers,0.017769190962313962,Mark as VIP
14561,72.0,2,566.99,171.14699335038893,Loyal Customers,0.5390672215291238,Maintain Engagement
14562,1.0,15,3994.51,743.1906068616097,Loyal Customers,0.1910825072341552,Mark as VIP
14563,419.0,2,679.44,7.6257896562335645,At Risk,0.8016219982300421,Offer Discount; Send Retention Campaign
14564,344.0,2,2605.62,34.1359989179054,At Risk,0.8318354723166385,Offer Discount; Send Retention Campaign
14565,5.0,5,3859.2200000000003,837.9641809008099,Loyal Customers,0.43991246336287393,Mark as VIP
14566,20.0,4,4092.0,560.3104292195108,Loyal Customers,0.518436648851584,Mark as VIP
14567,40.0,1,800.76,252.69253141200096,Loyal Customers,0.565296866049289,Maintain Engagement
14568,344.0,1,919.7,-196.3903694400674,At Risk,0.8415352934291941,Offer Discount; Send Retention Campaign
14569,362.0,3,371.59,-21.99896068474584,At Risk,0.7776003389702152,Offer Discount; Send Retention Campaign
14570,190.0,3,613.75,108.61032958931543,Loyal Customers,0.517771095179534,Maintain Engagement
14571,335.0,1,161.65,62.660080469009756,At Risk,0.8073803588942416,Offer Discount; Send Retention Campaign
14572,20.0,9,4871.78,1026.970000546466,Loyal Customers,0.3216891690148543,Mark as VIP
14573,89.0,13,2621.42,423.92098748031856,Loyal Customers,0.239081096603831,Mark as VIP
14574,642.0,1,143.70000000000002,-93.27997758571905,At Risk,0.8208205935492022,Offer Discount; Send Retention Campaign
14575,398.0,1,460.71,50.22413539271889,At Risk,0.8136828928298628,Offer Discount; Send Retention Campaign
14576,281.0,1,70.80000000000001,84.01405845715914,At Risk,0.8038238661005104,Offer Discount; Send Retention Campaign
14577,73.0,6,1161.18,234.6689920872193,Loyal Customers,0.42017052716909903,Maintain Engagement
14579,342.0,1,105.56,55.506081057719655,At Risk,0.8070426631084423,Offer Discount; Send Retention Campaign
14580,428.0,1,14.85,6.285374758056037,At Risk,0.8098965007044052,Offer Discount; Send Retention Campaign
14581,454.0,1,295.2,11.294569045369713,At Risk,0.8142855954167292,Offer Discount; Send Retention Campaign
14583,54.0,7,1516.12,303.9339932360732,Loyal Customers,0.38947436981047695,Maintain Engagement
14584,78.0,8,1747.91,325.4247230676956,Loyal Customers,0.36284215181253754,Maintain Engagement
14585,292.0,4,986.22,125.93775058968981,At Risk,0.7517173112658585,Offer Discount; Send Retention Campaign
14586,186.0,1,237.35999999999999,142.67409198599262,Loyal Customers,0.5654048493413882,Maintain Engagement
14587,94.0,8,1473.53,260.7161065833424,Loyal Customers,0.3643922743065092,Maintain Engagement
14588,488.0,1,135.39,-16.17490587070995,At Risk,0.8139748893890904,Offer Discount; Send Retention Campaign
14589,281.0,1,79.5,84.57629542550006,At Risk,0.8039272216571395,Offer Discount; Send Retention Campaign
14590,334.0,20,3006.62,251.98849401324674,At Risk,0.31593492861085876,Send Retention Campaign
14591,123.0,1,250.22,175.26784800078082,Loyal Customers,0.5610901752529117,Maintain Engagement
14593,108.0,11,3433.61,633.6176145466302,Loyal Customers,0.2821678608346184,Mark as VIP
14594,283.0,1,510.0,111.3889925921286,At Risk,0.8090809389474093,Offer Discount; Send Retention Campaign
14595,223.0,3,587.65,86.32534814389749,Loyal Customers,0.5202765003328887,Maintain Engagement
14596,536.0,1,229.47,-34.29512822999129,At Risk,0.8171622703966045,Offer Discount; Send Retention Campaign
14597,101.0,5,1483.49,302.65583670955175,Loyal Customers,0.4506444697855024,Maintain Engagement
14598,479.0,1,162.07,-9.91318688674994,At Risk,0.8138789183728067,Offer Discount; Send Retention Campaign
14599,300.0,2,474.54,35.73660176843714,At Risk,0.7952597518641026,Offer Discount; Send Retention Campaign
14600,215.0,2,865.17,138.67783253517638,Loyal Customers,0.5521114304107,Maintain Engagement
14602,566.0,1,205.36,-50.97832088789312,At Risk,0.818205334671089,Offer Discount; Send Retention Campaign
14603,184.0,1,660.0,170.99551518378337,Loyal Customers,0.5730696199437122,Maintain Engagement
14604,543.0,1,143.85999999999999,-43.35685583730742,At Risk,0.8165047999419417,Offer Discount; Send Retention Campaign
14605,284.0,4,937.16,111.17843785937794,At Risk,0.7522872719347203,Offer Discount; Send Retention Campaign
14606,3.0,170,28268.6,3216.4814291130433,Champions,1.717975659948527e-08,Mark as VIP
14607,171.0,9,8063.13,1655.7408843981264,Loyal Customers,0.3204381597653217,Mark as VIP
14608,272.0,8,1771.79,233.28430704948624,At Risk,0.6514051843224267,Send Retention Campaign
14609,52.0,9,1371.0,237.71533727629634,Loyal Customers,0.33587449493067356,Maintain Engagement
14610,305.0,2,24.35,-35.433892407560165,At Risk,0.7937243412927213,Offer Discount; Send Retention Campaign
14611,353.0,2,604.3299999999999,28.466522939006154,At Risk,0.7983205371720894,Offer Discount; Send Retention Campaign
14612,324.0,1,877.7,114.48063260082915,At Risk,0.8151460842000895,Offer Discount; Send Retention Campaign
14613,590.0,1,76.32000000000001,-71.4175913072446,At Risk,0.8178074666684384,Offer Discount; Send Retention Campaign
14614,296.0,1,295.13,90.9488283076667,At Risk,0.8071625927840472,Offer Discount; Send Retention Campaign
14615,304.0,5,951.76,92.24889302942756,At Risk,0.73033641037442,Offer Discount; Send Retention Campaign
14616,152.0,5,527.78,80.47232062454066,Loyal Customers,0.4559637536688137,Maintain Engagement
14617,312.0,2,190.47,-1.8555467349464152,At Risk,0.7935944197867977,Offer Discount; Send Retention Campaign
14618,247.0,5,1000.6800000000001,130.27219835848393,At Risk,0.7270490525683976,Offer Discount; Send Retention Campaign
14619,155.0,2,1291.24,232.50530298323292,Loyal Customers,0.5504975105953073,Maintain Engagement
14620,115.0,2,412.78000000000003,120.3378271262211,Loyal Customers,0.5420921278993376,Maintain Engagement
14621,66.0,7,2215.12,448.2222818959769,Loyal Customers,0.3882659706324555,Mark as VIP
14622,94.0,1,320.58000000000004,194.4357745696256,Loyal Customers,0.5602975243157196,Maintain Engagement
14623,26.0,8,1779.04,358.45734060148203,Loyal Customers,0.35921335614571676,Maintain Engagement
14624,325.0,4,588.22,22.824324187722596,At Risk,0.7545262326930574,Offer Discount; Send Retention Campaign
14625,106.0,11,4497.88,873.4406966724548,Loyal Customers,0.2782399987695601,Mark as VIP
14626,32.0,9,4190.94,870.3294743579588,Loyal Customers,0.3248250665233235,Mark as VIP
14627,288.0,1,462.75,105.8146166660419,At Risk,0.8087576662294187,Offer Discount; Send Retention Campaign
14628,1.0,5,1998.0,457.6262212089898,Loyal Customers,0.44269648079513196,Mark as VIP
14630,393.0,1,338.65,44.85686291537837,At Risk,0.8120604245518556,Offer Discount; Send Retention Campaign
14631,144.0,5,1648.79,314.8489393972594,Loyal Customers,0.45351173328711963,Maintain Engagement
14632,172.0,1,114.56,141.7965226682544,Loyal Customers,0.5621176509037068,Maintain Engagement
14633,175.0,1,344.90000000000003,155.16972255399742,Loyal Customers,0.5666015503768767,Maintain Engagement
14634,347.0,4,2124.46,314.97355743799176,At Risk,0.7551500698020913,Offer Discount; Send Retention Campaign
14635,363.0,1,215.22,52.00529208948336,At Risk,0.8092802195662115,Offer Discount; Send Retention Campaign
14636,178.0,1,300.19,150.76783299810882,Loyal Customers,0.5659905776185667,Maintain Engagement
14637,587.0,1,106.67999999999999,-67.94306962442442,At Risk,0.8180169133975603,Offer Discount; Send Retention Campaign
14639,30.0,7,3983.7,847.0321707823448,Loyal Customers,0.38056949249568345,Mark as VIP
14640,37.0,8,3043.04,628.7701422929993,Loyal Customers,0.3558435713264256,Mark as VIP
14643,80.0,5,1679.89,352.56185495124976,Loyal Customers,0.44894039369525973,Maintain Engagement
14644,208.0,6,1604.46,260.4339877849383,Loyal Customers,0.42874041415963826,Maintain Engagement
14645,66.0,3,876.89,217.90868823281255,Loyal Customers,0.5092894908153078,Maintain Engagement
14646,2.0,120,426699.12,99482.21991490763,Champions,1.5489092054455927e-10,Mark as VIP
14647,111.0,2,519.97,137.02860146296246,Loyal Customers,0.5426847344834439,Maintain Engagement
14648,326.0,15,4546.86,707.5282775584942,At Risk,0.4432681609691836,Mark as VIP; Send Retention Campaign
14649,122.0,7,2942.24,576.6248195465922,Loyal Customers,0.39001310283251983,Mark as VIP
14650,498.0,1,62.5,-25.92711279347509,At Risk,0.8135877708480863,Offer Discount; Send Retention Campaign
14651,120.0,8,1795.84,314.9539381568585,Loyal Customers,0.36550915544042306,Maintain Engagement
14653,248.0,6,2011.8,326.35586225317275,At Risk,0.7010931843025566,Offer Discount; Send Retention Campaign
14654,648.0,1,246.86,-89.63828596610404,At Risk,0.8222188060962794,Offer Discount; Send Retention Campaign
14655,132.0,4,2756.84,545.1955968691208,Loyal Customers,0.48293207626409856,Mark as VIP
14656,79.0,5,814.65,175.73064835680157,Loyal Customers,0.4502423272433958,Maintain Engagement
14657,64.0,5,1251.59,273.50805784689203,Loyal Customers,0.44836244753266336,Maintain Engagement
14658,27.0,1,123.14,215.45558398673103,Loyal Customers,0.5517659760076269,Maintain Engagement
14659,55.0,6,1641.55,347.2733150476095,Loyal Customers,0.4174128879342942,Maintain Engagement
14660,10.0,1,128.95,224.4019365977332,Loyal Customers,0.5506387826091922,Maintain Engagement
14662,144.0,6,1170.02,200.8538648200033,Loyal Customers,0.42522262764764573,Maintain Engagement
14663,340.0,2,490.6,188.60011753023764,At Risk,0.7806856132597229,Offer Discount; Send Retention Campaign
14665,206.0,5,1645.6100000000001,282.68908405097204,Loyal Customers,0.45807091604419625,Maintain Engagement
14667,4.0,47,18756.96,3569.084879855416,Loyal Customers,0.004103757615437469,Mark as VIP
14668,355.0,1,111.63,49.34415077156376,At Risk,0.8077077610188316,Offer Discount; Send Retention Campaign
14669,151.0,7,3243.93,626.8945488257317,Loyal Customers,0.3911558991790845,Mark as VIP
14670,190.0,3,602.0,105.45239852866194,Loyal Customers,0.5178990074617843,Maintain Engagement
14671,459.0,2,1127.45,63.23592365301772,At Risk,0.804504249393889,Offer Discount; Send Retention Campaign
14672,144.0,4,1113.14,216.13811308375375,Loyal Customers,0.4844284332598568,Maintain Engagement
14673,277.0,3,2047.9,329.99704813668126,At Risk,0.7748780714288563,Offer Discount; Send Retention Campaign
14674,419.0,1,173.66,21.085986917521495,At Risk,0.8113276957697629,Offer Discount; Send Retention Campaign
14675,298.0,1,462.15,100.73414657561835,At Risk,0.8092046681562849,Offer Discount; Send Retention Campaign
14676,57.0,10,7499.47,1581.5386486888572,Loyal Customers,0.2891700522025757,Mark as VIP
14677,502.0,1,184.91,-20.033052074814123,At Risk,0.8151597654886773,Offer Discount; Send Retention Campaign
14678,489.0,1,403.39,0.6404082390397434,At Risk,0.8170572547215084,Offer Discount; Send Retention Campaign
14679,291.0,3,1289.44,179.6618394925119,At Risk,0.7752073946065559,Offer Discount; Send Retention Campaign
14680,5.0,56,54081.22,11763.308545252512,Loyal Customers,0.0005991371085850317,Mark as VIP
14681,121.0,4,770.1500000000001,160.36809786065595,Loyal Customers,0.4828642814937258,Maintain Engagement
14682,97.0,6,1514.81,297.3599272861242,Loyal Customers,0.4210070872993657,Maintain Engagement
14683,497.0,1,146.56,-19.99057091769191,At Risk,0.8145021232578162,Offer Discount; Send Retention Campaign
14684,125.0,3,751.53,166.3169812504948,Loyal Customers,0.513261502029087,Maintain Engagement
14685,486.0,8,4619.79,750.0980856773795,At Risk,0.6560903232164486,Mark as VIP; Send Retention Campaign
14686,323.0,5,885.83,68.08460347361358,At Risk,0.7316401792676539,Offer Discount; Send Retention Campaign
14687,16.0,3,1402.06,338.6208754202195,Loyal Customers,0.5065423943190527,Maintain Engagement
14688,2.0,23,6290.32,1121.0606673786292,Loyal Customers,0.08156104821030621,Mark as VIP
14689,118.0,1,112.80000000000001,168.90793646209352,Loyal Customers,0.5581762856560221,Maintain Engagement
14690,61.0,3,639.34,177.7071900935195,Loyal Customers,0.5084348745193232,Maintain Engagement
14691,6.0,2,1274.68,306.0012327337647,Loyal Customers,0.5394137240089871,Maintain Engagement
14692,47.0,12,1745.09,266.26919852082614,Loyal Customers,0.2615953361873887,Maintain Engagement
14693,174.0,7,1165.3600000000001,168.97410943231665,Loyal Customers,0.39878774221689556,Maintain Engagement
14694,526.0,1,244.31,-28.294399009777294,At Risk,0.8168902455490161,Offer Discount; Send Retention Campaign
14695,429.0,3,1620.07,170.6601140647408,At Risk,0.782545450544334,Offer Discount; Send Retention Campaign
14696,29.0,6,2147.4900000000002,465.8241852294066,Loyal Customers,0.4145207351975358,Mark as VIP
14697,128.0,2,188.61,249.4334827314065,Loyal Customers,0.517045652469824,Maintain Engagement
14699,124.0,4,702.6,145.91511194237916,Loyal Customers,0.48306108461737773,Maintain Engagement
14700,99.0,4,2438.56,499.5620155783465,Loyal Customers,0.48059083372063044,Mark as VIP
14701,82.0,13,3971.0,733.6241734283003,Loyal Customers,0.23403313714017163,Mark as VIP
14702,26.0,21,5149.78,881.1413030419474,Loyal Customers,0.1037705782023522,Mark as VIP
14704,52.0,4,487.82,139.6365397304835,Loyal Customers,0.4779155782528703,Maintain Engagement
14705,108.0,1,179.0,178.22780254368604,Loyal Customers,0.5586818951635366,Maintain Engagement
14706,528.0,1,390.69,-19.84293948051061,At Risk,0.8186216158980446,Offer Discount; Send Retention Campaign
14707,345.0,2,139.2,-38.32497538585153,At Risk,0.796114850669989,Offer Discount; Send Retention Campaign
14708,63.0,4,1787.09,389.72510556246306,Loyal Customers,0.47819015092349937,Maintain Engagement
14709,3.0,21,7918.03,1534.8080014041211,Loyal Customers,0.09760933138781981,Mark as VIP
14710,289.0,9,1316.46,106.88311624254129,At Risk,0.6271995576127559,Send Retention Campaign
14711,1.0,9,2365.42,486.07865393041635,Loyal Customers,0.3286981977584654,Mark as VIP
14712,22.0,2,526.72,182.95877792713122,Loyal Customers,0.5362249933650793,Maintain Engagement
14713,8.0,19,4782.12,844.1773261756998,Loyal Customers,0.1276803670180721,Mark as VIP
14714,316.0,3,746.05,68.46299795085594,At Risk,0.7757973436142587,Offer Discount; Send Retention Campaign
14715,4.0,7,1567.82,340.0196719999333,Loyal Customers,0.3858697485487148,Maintain Engagement
14716,58.0,2,424.33,149.21233547512998,Loyal Customers,0.5382371212697269,Maintain Engagement
14717,643.0,1,81.3,-97.81674328514964,At Risk,0.8201713484278216,Offer Discount; Send Retention Campaign
14718,320.0,1,226.42,74.40838045153504,At Risk,0.8074540257422266,Offer Discount; Send Retention Campaign
14719,89.0,2,488.12,145.22255116533023,Loyal Customers,0.5406057445162722,Maintain Engagement
14720,36.0,1,155.8,213.02870887649016,Loyal Customers,0.5530282249301371,Maintain Engagement
14721,289.0,1,115.77,82.88688585736014,At Risk,0.8047272549679788,Offer Discount; Send Retention Campaign
14722,57.0,3,513.37,156.5861916002978,Loyal Customers,0.5079529133434207,Maintain Engagement
14723,267.0,8,1405.76,155.83853630321244,At Risk,0.6522593361275483,Send Retention Campaign
14724,500.0,1,345.25,-8.662750347810288,At Risk,0.8168853982868076,Offer Discount; Send Retention Campaign
14725,304.0,3,597.16,48.36961540240338,At Risk,0.7749059977374544,Offer Discount; Send Retention Campaign
14726,564.0,1,124.75,-55.17939818637967,At Risk,0.8172123386424818,Offer Discount; Send Retention Campaign
14727,184.0,3,467.93,84.48414199859343,Loyal Customers,0.5171667229119661,Maintain Engagement
14728,322.0,1,190.58,71.08388361630756,At Risk,0.8071252937095538,Offer Discount; Send Retention Campaign
14729,283.0,3,907.38,114.53346075493204,At Risk,0.7742955079859135,Offer Discount; Send Retention Campaign
14730,17.0,5,904.21,226.92168460768994,Loyal Customers,0.4453689388506542,Maintain Engagement
14731,115.0,2,251.01999999999998,122.13856092139895,Loyal Customers,0.5372901833290838,Maintain Engagement
14732,53.0,16,4432.88,798.6411178045086,Loyal Customers,0.1746588499930097,Mark as VIP
14733,20.0,14,15643.26,3407.726170839972,Loyal Customers,0.17479347615994587,Mark as VIP
14734,335.0,4,1056.42,110.68003544030057,At Risk,0.7548440232691838,Offer Discount; Send Retention Campaign
14735,8.0,47,9770.18,1440.7037952121157,Loyal Customers,0.005132076667806435,Mark as VIP
14736,395.0,2,401.08,147.21985502840096,At Risk,0.7830725557182822,Offer Discount; Send Retention Campaign
14737,38.0,3,3471.37,704.0583138583087,Loyal Customers,0.5117673853876247,Mark as VIP
14738,43.0,7,1265.1000000000001,255.18768995130307,Loyal Customers,0.38948325797125743,Maintain Engagement
14739,4.0,22,10632.8,2146.3381639006157,Loyal Customers,0.08310987338246327,Mark as VIP
14740,106.0,11,4161.06,798.1490446035798,Loyal Customers,0.2794081674252287,Mark as VIP
14741,23.0,5,1362.21,316.75252583587815,Loyal Customers,0.44522392095134067,Maintain Engagement
14742,345.0,1,579.85,84.64453478562217,At Risk,0.812681274283609,Offer Discount; Send Retention Campaign
14743,502.0,1,50.48,-28.720582609766097,At Risk,0.8136286272305452,Offer Discount; Send Retention Campaign
14744,207.0,12,3713.13,631.456008700339,Loyal Customers,0.26345563619023743,Mark as VIP
14745,22.0,12,2571.81,465.2931471769142,Loyal Customers,0.2572636845843307,Mark as VIP
14746,316.0,4,593.5,46.81835554245765,At Risk,0.7520386898583625,Offer Discount; Send Retention Campaign
14747,159.0,1,328.2,162.15719827788183,Loyal Customers,0.5651376702000228,Maintain Engagement
14748,33.0,9,2855.34,575.0929446691346,Loyal Customers,0.3294700671372777,Mark as VIP
14749,389.0,1,310.15,45.03173020785579,At Risk,0.8115527984287885,Offer Discount; Send Retention Campaign
14750,645.0,1,112.03,-96.83915793848496,At Risk,0.8205991346057853,Offer Discount; Send Retention Campaign
14751,594.0,2,126.45,-162.83149353913734,At Risk,0.8074145310410061,Offer Discount; Send Retention Campaign
14753,370.0,1,306.36,54.366022430934265,At Risk,0.8106538111558164,Offer Discount; Send Retention Campaign
14754,205.0,5,1140.7,179.2117437406581,Loyal Customers,0.45887478103575224,Maintain Engagement
14755,22.0,21,7829.95,1504.8723235394568,Loyal Customers,0.09827105384661168,Mark as VIP
14756,292.0,2,1914.8,262.1338800657168,At Risk,0.800235281900307,Offer Discount; Send Retention Campaign
14758,54.0,7,2864.97,594.3057938937542,Loyal Customers,0.385494180429907,Mark as VIP
14759,22.0,2,870.85,236.31693918421212,Loyal Customers,0.5381635933574641,Maintain Engagement
14760,206.0,1,89.2,123.01587078590444,Loyal Customers,0.5641049198366275,Maintain Engagement
14761,244.0,2,289.52,35.87670537435474,At Risk,0.7918208282511309,Offer Discount; Send Retention Campaign
14762,173.0,2,417.57,90.09603936620664,Loyal Customers,0.546597268571532,Maintain Engagement
14765,22.0,2,95.5,119.36859268981476,Loyal Customers,0.5333198102663448,Maintain Engagement
14766,78.0,9,5614.08,1162.1537648588742,Loyal Customers,0.3228060524161156,Mark as VIP
14767,384.0,1,382.81,52.24822583113149,At Risk,0.8121647121775281,Offer Discount; Send Retention Campaign
14768,37.0,1,133.20000000000002,211.06401574487222,Loyal Customers,0.5526798698479491,Maintain Engagement
14769,18.0,15,11585.07,2469.994392828691,Loyal Customers,0.1691849836721533,Mark as VIP
14770,142.0,8,3637.64,706.0958457375034,Loyal Customers,0.36093380362149347,Mark as VIP
14771,531.0,2,594.62,-62.37747645122181,At Risk,0.8065378770341812,Offer Discount; Send Retention Campaign
14772,22.0,1,139.26,219.018185565179,Loyal Customers,0.5517030926704428,Maintain Engagement
14773,502.0,1,140.55,-22.89981436396431,At Risk,0.8146555895127914,Offer Discount; Send Retention Campaign
14774,438.0,1,241.45,15.88769078338828,At Risk,0.8129586289788896,Offer Discount; Send Retention Campaign
14775,47.0,2,1108.02,259.16834852013227,Loyal Customers,0.5415138496212579,Maintain Engagement
14776,15.0,12,3032.22,573.7993758809941,Loyal Customers,0.2551299720262549,Mark as VIP
14777,313.0,1,307.56,83.18123458201381,At Risk,0.8080840747046634,Offer Discount; Send Retention Campaign
14778,37.0,2,730.86,206.9120525190238,Loyal Customers,0.5384902530752149,Maintain Engagement
14779,190.0,3,386.15,71.64587276112053,Loyal Customers,0.5167270004016875,Maintain Engagement
14782,229.0,1,200.10000000000002,118.58687771647351,At Risk,0.8029497601418357,Offer Discount; Send Retention Campaign
14783,568.0,1,307.3,-45.39879364288777,At Risk,0.8194320664226442,Offer Discount; Send Retention Campaign
14784,233.0,2,274.62,40.218879285878984,At Risk,0.7911253227474606,Offer Discount; Send Retention Campaign
14786,460.0,1,90.96,-4.929445549730872,At Risk,0.8122160035787512,Offer Discount; Send Retention Campaign
14787,381.0,1,110.65,36.17241100101819,At Risk,0.8088799264972316,Offer Discount; Send Retention Campaign
14788,505.0,1,476.88,-2.6770172052945327,At Risk,0.8185826382137025,Offer Discount; Send Retention Campaign
14790,29.0,8,2145.6,436.71063304445534,Loyal Customers,0.358253080271447,Mark as VIP
14791,516.0,1,303.63,-19.419152507746276,At Risk,0.8171192944075776,Offer Discount; Send Retention Campaign
14793,444.0,1,396.91,22.909266706938183,At Risk,0.814999249083371,Offer Discount; Send Retention Campaign
14794,113.0,7,1313.53,231.44290655260556,Loyal Customers,0.3940844441913626,Maintain Engagement
14795,76.0,1,131.45000000000002,191.28831110616483,Loyal Customers,0.5554781815460217,Maintain Engagement
14796,4.0,24,9460.52,1836.7210942647978,Loyal Customers,0.0686711472412088,Mark as VIP
14797,417.0,1,300.31,30.279074453328917,At Risk,0.8126947759237604,Offer Discount; Send Retention Campaign
14798,54.0,7,647.97,116.99319665353607,Loyal Customers,0.3920510430624843,Maintain Engagement
14799,647.0,1,180.45,-93.42585864506486,At Risk,0.8214430624661617,Offer Discount; Send Retention Campaign
14800,19.0,14,7275.0199999999995,1501.481990478989,Loyal Customers,0.19989848454792064,Mark as VIP
14802,347.0,2,1502.98,339.4491473332753,At Risk,0.7851902688788109,Offer Discount; Send Retention Campaign
14803,72.0,3,845.5500000000001,210.63078587273168,Loyal Customers,0.5094642290797549,Maintain Engagement
14805,223.0,4,659.24,87.49983932908202,Loyal Customers,0.49034059423008697,Maintain Engagement
14806,349.0,1,110.04,52.26641419498293,At Risk,0.8074152059093797,Offer Discount; Send Retention Campaign
14807,300.0,2,519.29,41.76683093022325,At Risk,0.7955109189665713,Offer Discount; Send Retention Campaign
14808,54.0,6,1846.31,406.3744616423552,Loyal Customers,0.4146677730093832,Mark as VIP
14809,531.0,2,686.76,122.21625460690643,At Risk,0.790926120523607,Offer Discount; Send Retention Campaign
14810,13.0,12,2318.47,413.85509259027924,Loyal Customers,0.25752052353975613,Mark as VIP
14811,297.0,1,170.5,82.3904526611255,At Risk,0.8057426268036693,Offer Discount; Send Retention Campaign
14812,508.0,1,185.8,-23.0005529554561,At Risk,0.8154353067913478,Offer Discount; Send Retention Campaign
14813,279.0,4,1090.8700000000001,144.3553877835086,At Risk,0.7519214894632426,Offer Discount; Send Retention Campaign
14814,491.0,1,160.46,-16.06726719087021,At Risk,0.8143940220751622,Offer Discount; Send Retention Campaign
14816,107.0,1,271.85,184.73239763231038,Loyal Customers,0.5603338171191653,Maintain Engagement
14817,110.0,7,3959.86,801.864165663021,Loyal Customers,0.3861544462997862,Mark as VIP
14818,79.0,5,922.24,197.71793232173798,Loyal Customers,0.45008056357776643,Maintain Engagement
14819,102.0,3,282.81,91.71793289346914,Loyal Customers,0.5108878645894412,Maintain Engagement
14820,83.0,6,907.24,176.1377949262445,Loyal Customers,0.4214889129083732,Maintain Engagement
14821,276.0,7,1286.45,143.2552382922944,At Risk,0.6791859811914798,Send Retention Campaign
14822,395.0,1,157.7,32.15464119785622,At Risk,0.8100610481671567,Offer Discount; Send Retention Campaign
14823,90.0,3,321.43,122.7295040806004,Loyal Customers,0.5074624376956415,Maintain Engagement
14824,1.0,7,3337.11,722.463479479282,Loyal Customers,0.3804555855861452,Mark as VIP
14825,37.0,19,4037.54,658.285916020835,Loyal Customers,0.13039741705414173,Mark as VIP
14826,491.0,2,385.2,-74.11875469532697,At Risk,0.8038990982104485,Offer Discount; Send Retention Campaign
14828,106.0,13,9839.460000000001,2052.616081245522,Loyal Customers,0.21567072987895117,Mark as VIP
14829,94.0,6,1526.92,302.4101888119426,Loyal Customers,0.4206233833715819,Maintain Engagement
14831,590.0,3,1676.57,103.07513341063873,At Risk,0.7902328837492941,Offer Discount; Send Retention Campaign
14832,540.0,1,322.69,-30.28746947752279,At Risk,0.8183841491432785,Offer Discount; Send Retention Campaign
14833,408.0,1,94.8,21.53552887647288,At Risk,0.8099193897950853,Offer Discount; Send Retention Campaign
14834,30.0,3,915.16,243.37676780329502,Loyal Customers,0.5066612476467391,Maintain Engagement
14835,438.0,2,297.0,-60.414902251067815,At Risk,0.8010534677067775,Offer Discount; Send Retention Campaign
14837,15.0,8,3156.38,664.5694046336582,Loyal Customers,0.3540000172452203,Mark as VIP
14838,333.0,2,773.6700000000001,63.80514320472798,At Risk,0.7980861432880586,Offer Discount; Send Retention Campaign
14839,328.0,3,915.28,93.1592324584247,At Risk,0.7766196502632234,Offer Discount; Send Retention Campaign
14840,177.0,2,362.71,79.8733234148068,Loyal Customers,0.5465370928928479,Maintain Engagement
14841,89.0,12,6242.81,1259.9843303646808,Loyal Customers,0.2481586180959326,Mark as VIP
14842,5.0,3,1901.52,435.5953645692423,Loyal Customers,0.506526294682619,Mark as VIP
14843,346.0,1,211.79999999999998,60.35515651453312,At Risk,0.8084682699183681,Offer Discount; Send Retention Campaign
14844,33.0,9,5770.3,1218.9209844471075,Loyal Customers,0.3194434631795402,Mark as VIP
14845,509.0,1,150.0,-25.818295280418965,At Risk,0.8150732574719933,Offer Discount; Send Retention Campaign
14846,336.0,1,437.4,79.97623785515515,At Risk,0.8106362203836555,Offer Discount; Send Retention Campaign
14847,58.0,3,1348.95,307.83340126109465,Loyal Customers,0.5095261858156338,Maintain Engagement
14848,314.0,1,310.56,82.87093988597422,At Risk,0.8081646809350362,Offer Discount; Send Retention Campaign
14849,5.0,35,13617.44,2596.8093176006987,Loyal Customers,0.01834988211524636,Mark as VIP
14850,221.0,7,1794.01,280.6410060464351,Loyal Customers,0.40022087358937053,Maintain Engagement
14851,166.0,2,524.19,109.86850229546178,Loyal Customers,0.5467279788618251,Maintain Engagement
14852,6.0,17,5498.91,1048.8086944020595,Loyal Customers,0.15375284397752764,Mark as VIP
14853,121.0,4,1115.57,228.31140560920386,Loyal Customers,0.4827255472863002,Maintain Engagement
14854,43.0,10,3864.66,778.6312232889784,Loyal Customers,0.30104574682745106,Mark as VIP
14855,29.0,7,6520.3,1393.6564298123424,Loyal Customers,0.3730870319296199,Mark as VIP
14857,58.0,6,3001.251,630.7573124387911,Loyal Customers,0.4146116754489098,Mark as VIP
14858,415.0,1,180.75,23.560855785085778,At Risk,0.8112295708079847,Offer Discount; Send Retention Campaign
14859,114.0,2,648.76,155.11258698972114,Loyal Customers,0.5436814319969916,Maintain Engagement
14861,290.0,9,1254.94,92.83075400609528,At Risk,0.6274885437394672,Send Retention Campaign
14862,58.0,1,304.09999999999997,211.52085803424558,Loyal Customers,0.5573839309321096,Maintain Engagement
14865,281.0,3,114.72,-28.870081543677315,At Risk,0.7732425378362375,Offer Discount; Send Retention Campaign
14866,15.0,11,7624.22,1621.613235775865,Loyal Customers,0.2619474363983503,Mark as VIP
14867,95.0,16,2952.06,437.96925222187434,Loyal Customers,0.1809178554848555,Mark as VIP
14868,30.0,8,2527.4900000000002,520.7692379183303,Loyal Customers,0.3569150428753475,Mark as VIP
14869,12.0,5,2469.85,548.8757210453444,Loyal Customers,0.44273383754338697,Mark as VIP
14870,171.0,6,1838.95,328.6234229670789,Loyal Customers,0.42550193087836957,Maintain Engagement
14871,88.0,8,1091.34,176.82236343719546,Loyal Customers,0.3657122515682533,Maintain Engagement
14872,393.0,3,816.6,43.27674454989079,At Risk,0.7797122204849826,Offer Discount; Send Retention Campaign
14873,120.0,2,854.13,183.31969182274452,Loyal Customers,0.5453610484278443,Maintain Engagement
14874,445.0,1,116.18,4.262938099703888,At Risk,0.811833424074725,Offer Discount; Send Retention Campaign
14875,17.0,3,2862.4,603.7683812044866,Loyal Customers,0.5091736987675061,Mark as VIP
14876,431.0,2,256.7,-60.68508827843482,At Risk,0.8003518288643319,Offer Discount; Send Retention Campaign
14877,328.0,2,437.0,15.205438922040116,At Risk,0.7965140924081285,Offer Discount; Send Retention Campaign
14878,83.0,22,3702.7200000000003,497.1544483672086,Loyal Customers,0.09770481843045165,Mark as VIP
14879,594.0,1,185.06,-66.40695350320698,At Risk,0.8191992642359547,Offer Discount; Send Retention Campaign
14880,95.0,2,363.27,122.3360709358372,Loyal Customers,0.5404137568145947,Maintain Engagement
14882,300.0,12,3038.4500000000003,433.01751316820486,At Risk,0.5357349206186515,Mark as VIP; Send Retention Campaign
14883,73.0,2,358.48,134.6874969847944,Loyal Customers,0.5384911452118298,Maintain Engagement
14884,579.0,1,120.6,-63.01013437340691,At Risk,0.81782310207759,Offer Discount; Send Retention Campaign
14885,41.0,3,1598.12,361.8489261734269,Loyal Customers,0.5086972403899884,Maintain Engagement
14886,162.0,1,364.8,163.00996250312062,Loyal Customers,0.5660318249871223,Maintain Engagement
14888,117.0,1,369.2,185.98194030613973,Loyal Customers,0.5628631701275616,Maintain Engagement
14889,246.0,1,135.9,105.8670749236976,At Risk,0.8029745623139226,Offer Discount; Send Retention Campaign
14890,163.0,3,817.25,158.25756290410817,Loyal Customers,0.5162896727706039,Maintain Engagement
14891,57.0,4,1106.73,259.163295490051,Loyal Customers,0.47798871427041534,Maintain Engagement
14892,600.0,1,202.35000000000002,-68.31460538605677,At Risk,0.8196528637606406,Offer Discount; Send Retention Campaign
14893,527.0,1,571.76,-7.63713228303061,At Risk,0.8205954285040565,Offer Discount; Send Retention Campaign
14894,353.0,2,837.0600000000001,63.42363983539724,At Risk,0.7992737349681479,Offer Discount; Send Retention Campaign
14895,1.0,31,21955.62,4633.749505864175,Loyal Customers,0.023765428739368724,Mark as VIP
14896,114.0,8,2092.42,382.4137629235962,Loyal Customers,0.3641666794562402,Maintain Engagement
14897,206.0,5,1949.66,344.6323749374242,Loyal Customers,0.4576403666712521,Maintain Engagement
14898,44.0,13,3215.59,581.0991589697082,Loyal Customers,0.23466285217114644,Mark as VIP
14899,305.0,1,1384.88,156.83632984841392,At Risk,0.8200131388203612,Offer Discount; Send Retention Campaign
14900,432.0,1,13.919999999999998,4.208595514052604,At Risk,0.8100665828039023,Offer Discount; Send Retention Campaign
14901,11.0,8,1690.48,346.9938243546625,Loyal Customers,0.35844763287229625,Maintain Engagement
14902,305.0,2,702.96,67.68543967601687,At Risk,0.7964290385152116,Offer Discount; Send Retention Campaign
14903,34.0,4,2411.82,528.1485882208578,Loyal Customers,0.4756803795583557,Mark as VIP
14904,318.0,2,615.2,55.707586239899456,At Risk,0.7959522724640419,Offer Discount; Send Retention Campaign
14905,67.0,8,1971.39,379.5653078148423,Loyal Customers,0.3613885529483992,Maintain Engagement
14906,354.0,1,68.44,47.05716917362355,At Risk,0.8071560621786662,Offer Discount; Send Retention Campaign
14907,8.0,14,5272.87,1049.6195502607013,Loyal Customers,0.20588908667854086,Mark as VIP
14908,372.0,1,104.10000000000001,40.28664326567093,At Risk,0.808394401017287,Offer Discount; Send Retention Campaign
14909,346.0,3,1404.68,173.2831427386413,At Risk,0.7781111054317115,Offer Discount; Send Retention Campaign
14911,3.0,309,234125.25,39750.22703996401,Champions,2.595360597341697e-15,Mark as VIP
14912,156.0,5,1504.19,520.2530255833885,Loyal Customers,0.4200606916757332,Mark as VIP
14913,93.0,7,3762.85,768.6120400058512,Loyal Customers,0.3854701942894749,Mark as VIP
14915,1.0,11,1811.25,323.223185570636,Loyal Customers,0.28166748145650217,Maintain Engagement
14916,3.0,7,2741.73,593.3472494044017,Loyal Customers,0.38233216704076517,Mark as VIP
14917,506.0,2,1123.75,201.45726594953288,At Risk,0.7914563357735621,Offer Discount; Send Retention Campaign
14918,25.0,9,5955.81,1263.8816897391216,Loyal Customers,0.31830651485077377,Mark as VIP
14919,449.0,1,359.35,17.96110643869349,At Risk,0.8147939121239739,Offer Discount; Send Retention Campaign
14920,122.0,3,1607.17,322.61678483504284,Loyal Customers,0.5146648519715251,Maintain Engagement
14921,111.0,1,903.01,223.50439601114226,Loyal Customers,0.5723024126184332,Maintain Engagement
14922,303.0,2,843.74,90.57470001299112,At Risk,0.7968456614720014,Offer Discount; Send Retention Campaign
14924,155.0,3,931.01,182.99110835111333,Loyal Customers,0.5159009366004763,Maintain Engagement
14926,291.0,2,359.4,22.054902628568584,At Risk,0.7944380014450841,Offer Discount; Send Retention Campaign
14927,306.0,1,308.2,86.75178113186615,At Risk,0.8077724305329116,Offer Discount; Send Retention Campaign
14928,537.0,1,223.91000000000003,-35.15861240292736,At Risk,0.8171435681103951,Offer Discount; Send Retention Campaign
14929,331.0,1,612.8100000000001,93.83294594935484,At Risk,0.8124331037492537,Offer Discount; Send Retention Campaign
14930,18.0,6,5246.63,821.3249241132924,Loyal Customers,0.44961417120087266,Mark as VIP
14931,115.0,2,586.0,-153.89530082594803,Loyal Customers,0.5861670276039221,Maintain Engagement
14932,275.0,2,1029.66,-163.36655368841588,At Risk,0.8228358935004715,Offer Discount; Send Retention Campaign
14933,353.0,4,1770.0,279.5926197496242,At Risk,0.7515377498097987,Offer Discount; Send Retention Campaign
14934,192.0,4,2441.4,150.74157759551233,Loyal Customers,0.5314352371052605,Maintain Engagement
14935,207.0,2,2849.83,140.40771839860662,Loyal Customers,0.6064664256674992,Maintain Engagement
14936,18.0,7,9346.67,1704.1218959823811,Loyal Customers,0.40600606907258313,Mark as VIP
14937,40.0,1,759.56,-53.47187529034494,Loyal Customers,0.6074097771355288,Maintain Engagement
14938,472.0,2,2322.43,97.88434535738958,At Risk,0.8219392565952156,Offer Discount; Send Retention Campaign
14940,327.0,2,531.49,29.89654892270528,At Risk,0.7968570950547091,Offer Discount; Send Retention Campaign
14941,488.0,1,182.1,-13.156274975168685,At Risk,0.8145072505269685,Offer Discount; Send Retention Campaign
14942,311.0,4,746.56,60.212831000863844,At Risk,0.7538045108464977,Offer Discount; Send Retention Campaign
14943,572.0,1,107.62,-60.31977949123325,At Risk,0.8173705506435773,Offer Discount; Send Retention Campaign
14944,4.0,14,7048.610000000001,1455.88974740348,Loyal Customers,0.20005537284841016,Mark as VIP
14945,323.0,1,179.4,69.85720728681093,At Risk,0.8070398689998062,Offer Discount; Send Retention Campaign
14947,40.0,5,937.47,220.4785094535399,Loyal Customers,0.44722557168512794,Maintain Engagement
14948,8.0,4,639.23,193.71240222382852,Loyal Customers,0.47432384073773837,Maintain Engagement
14949,379.0,4,515.0,-19.238059835364197,At Risk,0.7575209065204502,Offer Discount; Send Retention Campaign
14952,116.0,28,13064.47,2547.342069882604,Loyal Customers,0.0421730699543705,Mark as VIP
14953,328.0,3,723.95,72.65394668016796,At Risk,0.7749369952376318,Offer Discount; Send Retention Campaign
14954,612.0,1,167.27,-76.63168239481774,At Risk,0.8197832182261425,Offer Discount; Send Retention Campaign
14955,642.0,1,163.77,-91.98295506220143,At Risk,0.8210429076369254,Offer Discount; Send Retention Campaign
14956,330.0,1,1325.0,140.36235068996984,At Risk,0.8204308230752229,Offer Discount; Send Retention Campaign
14957,162.0,2,333.29,82.75476585549183,Loyal Customers,0.5452966953325168,Maintain Engagement
14958,57.0,6,957.94,199.80102500204225,Loyal Customers,0.4195250292645493,Maintain Engagement
14959,19.0,3,537.32,180.72441468745205,Loyal Customers,0.5051136441912131,Maintain Engagement
14960,81.0,1,88.3,185.97889742952646,Loyal Customers,0.5550379979805641,Maintain Engagement
14961,1.0,20,14283.4,3028.3003817447334,Loyal Customers,0.09553911569100229,Mark as VIP
14962,180.0,4,366.91,51.73727647142289,Loyal Customers,0.48729292292966797,Maintain Engagement
14963,93.0,8,1970.8799999999999,367.1729945786145,Loyal Customers,0.36304343344911355,Maintain Engagement
14964,157.0,1,206.21,155.28194100813664,Loyal Customers,0.5627327156694235,Maintain Engagement
14965,6.0,2,599.0,373.5226925546192,Loyal Customers,0.5105681268489116,Maintain Engagement
14966,297.0,5,924.52,88.6571236551024,At Risk,0.7301422936929912,Offer Discount; Send Retention Campaign
14967,351.0,5,1518.81,183.56887971185103,At Risk,0.7324716115994951,Offer Discount; Send Retention Campaign
14968,368.0,1,357.4,58.672818337286174,At Risk,0.8111534487026916,Offer Discount; Send Retention Campaign
14969,613.0,1,906.2299999999999,-29.380607065541312,At Risk,0.8279054994394529,Offer Discount; Send Retention Campaign
14970,47.0,11,4447.04,891.7826171153063,Loyal Customers,0.2749518473259783,Mark as VIP
14972,38.0,2,145.07,116.8127424570605,Loyal Customers,0.5350843154004972,Maintain Engagement
14973,17.0,3,1314.45,323.7980914498996,Loyal Customers,0.50622660610822,Maintain Engagement
14975,331.0,1,192.45,66.66720663765062,At Risk,0.8075584716426276,Offer Discount; Send Retention Campaign
14976,10.0,4,559.96,175.79552023554237,Loyal Customers,0.4746934046902823,Maintain Engagement
14977,635.0,1,31.929999999999996,-96.97392041646583,At Risk,0.8192742816789242,Offer Discount; Send Retention Campaign
14978,145.0,9,2748.0,495.6168836784432,Loyal Customers,0.3370648891314536,Mark as VIP
14979,645.0,1,439.46000000000004,-75.67901419780719,At Risk,0.8242026341828447,Offer Discount; Send Retention Campaign
14980,647.0,1,150.68,-95.34974307581342,At Risk,0.8211138015868766,Offer Discount; Send Retention Campaign
14981,156.0,2,372.92,92.35495202047503,Loyal Customers,0.5450200774003009,Maintain Engagement
14982,482.0,1,237.78,-6.532941301532219,At Risk,0.8148745412941296,Offer Discount; Send Retention Campaign
14983,598.0,1,183.20000000000002,-68.54383394037802,At Risk,0.8193525074878761,Offer Discount; Send Retention Campaign
14984,90.0,5,1168.32,242.60379579720978,Loyal Customers,0.4504899452303193,Maintain Engagement
14985,108.0,2,296.75,105.04993067754594,Loyal Customers,0.5410483771357856,Maintain Engagement
14986,286.0,2,566.9,55.981415579658915,At Risk,0.7950383352796508,Offer Discount; Send Retention Campaign
14987,275.0,7,1550.6499999999999,200.30317974264608,At Risk,0.6784478867864293,Send Retention Campaign
14988,121.0,7,2066.6,388.92518434566074,Loyal Customers,0.392494651932861,Maintain Engagement
14989,571.0,1,342.4,-44.642966825983876,At Risk,0.8199532275692967,Offer Discount; Send Retention Campaign
14990,522.0,2,305.42,-101.97820403527078,At Risk,0.8050345062768951,Offer Discount; Send Retention Campaign
14991,340.0,1,314.67,70.02814105437761,At Risk,0.8093938965965517,Offer Discount; Send Retention Campaign
14992,351.0,1,210.5,57.750296530431285,At Risk,0.8086804711899221,Offer Discount; Send Retention Campaign
14993,473.0,1,36.13,-15.027034614273816,At Risk,0.8121683617746224,Offer Discount; Send Retention Campaign
14994,292.0,5,960.63,99.10011340939218,At Risk,0.72974716039803,Offer Discount; Send Retention Campaign
14995,190.0,1,119.31,133.02843989921917,Loyal Customers,0.5635068891367445,Maintain Engagement
14996,391.0,2,442.28999999999996,155.52066186241552,At Risk,0.7830420025655116,Offer Discount; Send Retention Campaign
14997,87.0,2,385.68,128.47712180136682,Loyal Customers,0.5401539746776418,Maintain Engagement
14998,79.0,4,770.73,181.6696697109116,Loyal Customers,0.4797818157580167,Maintain Engagement
14999,502.0,1,129.48000000000002,-23.615212437474156,At Risk,0.8145296073234285,Offer Discount; Send Retention Campaign
15001,304.0,2,230.85999999999999,167.1423672786417,At Risk,0.777787089449258,Offer Discount; Send Retention Campaign
15002,25.0,9,4817.28,1012.2307022182729,Loyal Customers,0.3222195806098145,Mark as VIP
15003,383.0,6,1060.7,58.72275646215928,At Risk,0.7111505390846994,Offer Discount; Send Retention Campaign
15004,57.0,1,1246.32,272.9159374676746,Loyal Customers,0.5747494797011238,Maintain Engagement
15005,5.0,48,12312.13,2022.7942961088745,Loyal Customers,0.004294036585624761,Mark as VIP
15006,363.0,1,323.05,58.97379924996727,At Risk,0.8105311579150687,Offer Discount; Send Retention Campaign
15007,68.0,1,156.91,196.9670181519703,Loyal Customers,0.5553715517254254,Maintain Engagement
15008,390.0,2,360.0,-27.467071488059446,At Risk,0.7991213962048721,Offer Discount; Send Retention Campaign
15011,305.0,2,416.6,31.52446446451347,At Risk,0.7945924662146463,Offer Discount; Send Retention Campaign
15012,283.0,2,628.64,67.19577608486043,At Risk,0.7951104277023618,Offer Discount; Send Retention Campaign
15013,397.0,10,1641.3,107.82477160629463,At Risk,0.6056787765798854,Send Retention Campaign
15014,85.0,1,117.72999999999999,185.86413133021642,Loyal Customers,0.5558757503507148,Maintain Engagement
15015,411.0,13,2365.02,206.28122952049677,At Risk,0.5179929166514609,Send Retention Campaign
15016,82.0,5,630.3,136.5591580963769,Loyal Customers,0.4507355360996368,Maintain Engagement
15018,162.0,2,402.59000000000003,94.39146777670629,Loyal Customers,0.5455572072797489,Maintain Engagement
15019,176.0,1,266.0,149.56664536288548,Loyal Customers,0.5652132309414013,Maintain Engagement
15020,289.0,1,203.42,88.55126175104868,At Risk,0.8057630206602135,Offer Discount; Send Retention Campaign
15021,66.0,8,1988.09,384.544054205939,Loyal Customers,0.36115458781054754,Maintain Engagement
15022,586.0,1,281.05,-56.17024951750602,At Risk,0.8199213292315558,Offer Discount; Send Retention Campaign
15023,26.0,17,10478.24,2184.016424285118,Loyal Customers,0.14133426568311136,Mark as VIP
15024,22.0,11,3259.8,639.2371974054779,Loyal Customers,0.2775493418154853,Mark as VIP
15025,478.0,1,636.08,21.2238499090995,At Risk,0.8191853534336977,Offer Discount; Send Retention Campaign
15026,150.0,4,823.39,157.08051376495388,Loyal Customers,0.4848452971173926,Maintain Engagement
15027,78.0,9,3096.42,605.8585991916015,Loyal Customers,0.3315315998163507,Mark as VIP
15028,278.0,3,716.55,91.65967957496764,At Risk,0.7728527776740678,Offer Discount; Send Retention Campaign
15029,529.0,1,365.1,-22.000861179408844,At Risk,0.8183788031413118,Offer Discount; Send Retention Campaign
15030,178.0,7,1614.39,262.90616529565483,Loyal Customers,0.39783135414018894,Maintain Engagement
15031,20.0,12,2750.23,506.26524812476924,Loyal Customers,0.25655508503105623,Mark as VIP
15032,166.0,8,13780.65,2908.9379390276663,Loyal Customers,0.32989098850746584,Mark as VIP
15033,19.0,6,1629.1,362.08766754646683,Loyal Customers,0.41497353987569774,Maintain Engagement
15034,142.0,11,6669.62,1343.5414102825323,Loyal Customers,0.2725517390820207,Mark as VIP
15036,87.0,2,245.69,192.78895369468614,Loyal Customers,0.5268907933877742,Maintain Engagement
15037,286.0,2,402.51,202.3923931648314,At Risk,0.7775895618486193,Offer Discount; Send Retention Campaign
15038,97.0,7,1121.82,198.6567394354517,Loyal Customers,0.39347328521728986,Maintain Engagement
15039,1.0,84,38630.79,7530.5641103102735,Loyal Customers,3.49846298989318e-05,Mark as VIP
15040,451.0,1,7.49,-5.786163584479368,At Risk,0.8108496247160663,Offer Discount; Send Retention Campaign
15041,79.0,2,294.02,118.80042037896914,Loyal Customers,0.5389814318655647,Maintain Engagement
15042,108.0,2,315.45,107.25393553419923,Loyal Customers,0.5412542182138668,Maintain Engagement
15043,373.0,5,2336.8,345.1069824254371,At Risk,0.7321404232523309,Offer Discount; Send Retention Campaign
15044,46.0,31,13706.380000000001,2675.442608202503,Loyal Customers,0.029125428605431325,Mark as VIP
15045,61.0,2,735.66,196.23191405977258,Loyal Customers,0.540171257236731,Maintain Engagement
15046,6.0,21,6583.15,1223.8230566723562,Loyal Customers,0.10031638781504847,Mark as VIP
15047,179.0,1,343.62,153.07032458138252,Loyal Customers,0.5668664193937096,Maintain Engagement
15048,26.0,3,423.23,156.09678677385784,Loyal Customers,0.5054779895894584,Maintain Engagement
15049,183.0,1,121.17000000000002,136.6778288745171,Loyal Customers,0.56303547476987,Maintain Engagement
15050,331.0,2,2411.7,316.9635817304986,At Risk,0.8040764895338887,Offer Discount; Send Retention Campaign
15051,60.0,7,2921.29,603.1328607684313,Loyal Customers,0.3857834767431332,Mark as VIP
15052,229.0,1,215.78,119.6001967582651,At Risk,0.8031366345980174,Offer Discount; Send Retention Campaign
15053,66.0,2,478.6,154.2497329563932,Loyal Customers,0.5390317679581849,Maintain Engagement
15055,384.0,3,560.07,0.4911584387017456,At Risk,0.7790143052614973,Offer Discount; Send Retention Campaign
15056,429.0,1,133.45,13.445722997673897,At Risk,0.8113136057793264,Offer Discount; Send Retention Campaign
15057,185.0,5,3255.96,623.2171281702734,Loyal Customers,0.4539915525140953,Mark as VIP
15058,34.0,12,2530.7,449.9491859240628,Loyal Customers,0.25808527858431646,Mark as VIP
15059,17.0,17,3194.45,512.8565146565181,Loyal Customers,0.160624949739279,Mark as VIP
15061,37.0,116,119859.38,26238.86827615636,Champions,7.710028317011198e-07,Mark as VIP
15062,127.0,7,2411.8,460.19707973419054,Loyal Customers,0.3918939244147941,Mark as VIP
15063,123.0,1,370.79999999999995,183.0603231321096,Loyal Customers,0.5633264918358175,Maintain Engagement
15064,320.0,4,1254.41,155.50420086261545,At Risk,0.7541503697158657,Offer Discount; Send Retention Campaign
15065,74.0,4,3027.48,628.0760758703664,Loyal Customers,0.47851105856076565,Mark as VIP
15067,192.0,3,2981.17,537.1524392333996,Loyal Customers,0.5222200929806432,Mark as VIP
15068,166.0,3,863.45,165.2146356771725,Loyal Customers,0.5165811261373259,Maintain Engagement
15069,89.0,1,1109.53,247.94246767025538,Loyal Customers,0.5745279668187111,Maintain Engagement
15070,282.0,3,843.25,103.08723893283388,At Risk,0.7741945745823984,Offer Discount; Send Retention Campaign
15071,3.0,4,1455.56,354.4348591280904,Loyal Customers,0.4739743390479454,Maintain Engagement
15072,389.0,1,187.51999999999998,37.10677395180301,At Risk,0.8101355492954895,Offer Discount; Send Retention Campaign
15073,95.0,7,2606.57,517.9329448439651,Loyal Customers,0.38912526265545455,Mark as VIP
15074,15.0,3,1566.33,369.11882175745285,Loyal Customers,0.5067405023510934,Maintain Engagement
15076,82.0,3,1447.74,313.80886238935784,Loyal Customers,0.5114458999385143,Maintain Engagement
15077,404.0,2,2428.08,280.47316210582096,At Risk,0.8076923135893964,Offer Discount; Send Retention Campaign
15078,15.0,43,14721.36,2690.8064716470626,Loyal Customers,0.007194465674820389,Mark as VIP
15079,122.0,11,3767.35,701.4851226057131,Loyal Customers,0.28179706495179735,Mark as VIP
15080,337.0,2,546.25,28.884310373660924,At Risk,0.7972223438796441,Offer Discount; Send Retention Campaign
15081,118.0,9,1708.97,279.9670149408998,Loyal Customers,0.33890890636746307,Maintain Engagement
15082,578.0,1,93.35000000000001,-64.26699444544431,At Risk,0.8174731467744925,Offer Discount; Send Retention Campaign
15083,166.0,1,88.2,143.11802635537396,Loyal Customers,0.5611946558519991,Maintain Engagement
15084,289.0,2,965.1999999999999,115.29220322105664,At Risk,0.7967360390652339,Offer Discount; Send Retention Campaign
15085,639.0,1,347.54,-78.59432150430109,At Risk,0.8229401051133393,Offer Discount; Send Retention Campaign
15086,474.0,2,218.53,-89.61859584071453,At Risk,0.8023490375411837,Offer Discount; Send Retention Campaign
15087,191.0,1,306.94,144.649847670398,Loyal Customers,0.5670533848793934,Maintain Engagement
15089,3.0,3,2036.28,467.47293224901654,Loyal Customers,0.505689854171431,Mark as VIP
15090,218.0,1,381.32,135.84407378187672,At Risk,0.804593794640103,Offer Discount; Send Retention Campaign
15091,584.0,2,565.9,77.06528245140942,At Risk,0.7930105250059281,Offer Discount; Send Retention Campaign
15092,125.0,3,776.46,170.4104041834281,Loyal Customers,0.5133694362203269,Maintain Engagement
15093,26.0,22,13756.19,2861.161530018331,Loyal Customers,0.07839279245087197,Mark as VIP
15094,372.0,2,83.0,-60.777155337006775,At Risk,0.7972053856173562,Offer Discount; Send Retention Campaign
15095,13.0,10,3141.64,632.5973602726948,Loyal Customers,0.30175900701035024,Mark as VIP
15097,493.0,2,660.27,137.33522578005875,At Risk,0.7889675464954733,Offer Discount; Send Retention Campaign
15098,92.0,3,39916.5,7558.894264955499,Loyal Customers,0.5427289263420697,Mark as VIP
15100,243.0,7,2894.7,505.76296289781203,Loyal Customers,0.3985914377261193,Mark as VIP
15101,269.0,5,1262.69,172.75955642101076,At Risk,0.7280108162456823,Offer Discount; Send Retention Campaign
15102,440.0,2,554.67,-13.333581479751388,At Risk,0.8013217594231066,Offer Discount; Send Retention Campaign
15104,106.0,2,1027.44,218.42345279827532,Loyal Customers,0.5451454084933988,Maintain Engagement
15105,44.0,3,1328.96,311.16176441223035,Loyal Customers,0.5084768919673486,Maintain Engagement
15106,50.0,3,1032.83,255.7970781695733,Loyal Customers,0.5081760070323148,Maintain Engagement
15107,221.0,9,940.35,61.46538497239152,Loyal Customers,0.34803263777971094,Maintain Engagement
15108,51.0,4,1300.25,0.8904715026212671,Loyal Customers,0.5210540764936473,Maintain Engagement
15109,155.0,3,983.1,192.3310589583404,Loyal Customers,0.5160118660211775,Maintain Engagement
15110,36.0,4,886.3000000000001,226.21970550964096,Loyal Customers,0.4765631447578622,Maintain Engagement
15111,282.0,3,1451.89,214.1682694917139,At Risk,0.7749024837659338,Offer Discount; Send Retention Campaign
15112,521.0,1,209.4,-28.029608062874217,At Risk,0.8162762490354365,Offer Discount; Send Retention Campaign
15114,3.0,9,2318.5299999999997,472.55575169611325,Loyal Customers,0.3292679472891593,Mark as VIP
15115,642.0,1,191.74,-90.17539552145445,At Risk,0.8213523696422804,Offer Discount; Send Retention Campaign
15116,44.0,2,790.97,214.05627356731458,Loyal Customers,0.5391437862808075,Maintain Engagement
15117,30.0,5,1609.92,363.479423880939,Loyal Customers,0.4454129552908024,Maintain Engagement
15118,44.0,1,244.8,214.7469723360079,Loyal Customers,0.555265817952494,Maintain Engagement
15119,155.0,1,266.4,160.18005510532998,Loyal Customers,0.5637039019812964,Maintain Engagement
15120,43.0,1,358.82,222.61967738092864,Loyal Customers,0.5573139813711558,Maintain Engagement
15121,198.0,1,295.15,140.35873305192467,Loyal Customers,0.5673401354115072,Maintain Engagement
15122,23.0,11,4497.47,915.2729890689685,Loyal Customers,0.2733620718577707,Mark as VIP
15123,116.0,4,3526.33,704.2937354285086,Loyal Customers,0.4814967424351983,Mark as VIP
15124,101.0,3,357.38,105.84803162419269,Loyal Customers,0.5109361790175491,Maintain Engagement
15125,22.0,21,16291.87,3468.611148562066,Loyal Customers,0.08282258665318781,Mark as VIP
15126,446.0,2,449.49,-42.00306267329745,At Risk,0.8020879658231985,Offer Discount; Send Retention Campaign
15127,429.0,1,304.97,24.530192516047464,At Risk,0.8132841592280575,Offer Discount; Send Retention Campaign
15128,36.0,4,1482.92,343.5841201032288,Loyal Customers,0.4763222187843545,Maintain Engagement
15129,16.0,22,6209.51,1113.275956680378,Loyal Customers,0.09122895935512151,Mark as VIP
15130,79.0,1,330.11,202.61419292787986,Loyal Customers,0.5593885646701106,Maintain Engagement
15131,304.0,1,80.28,73.03080408552756,At Risk,0.8049993655542753,Offer Discount; Send Retention Campaign
15132,15.0,3,842.23,238.4340975249603,Loyal Customers,0.5053210317755858,Maintain Engagement
15133,37.0,5,1806.9,400.63122601240025,Loyal Customers,0.44556409606559383,Maintain Engagement
15134,37.0,6,823.16,182.3085583263305,Loyal Customers,0.41829856741142873,Maintain Engagement
15135,148.0,2,305.68,85.70559198421745,Loyal Customers,0.5440964456923575,Maintain Engagement
15136,5.0,1,582.9,256.2592751702898,Loyal Customers,0.5587249714127929,Maintain Engagement
15137,430.0,2,823.4,23.01640906695752,At Risk,0.8027804084143653,Offer Discount; Send Retention Campaign
15138,303.0,1,502.52,100.82220779505343,At Risk,0.8099001432179461,Offer Discount; Send Retention Campaign
15139,149.0,2,178.96,67.12720586039563,Loyal Customers,0.5432294259557899,Maintain Engagement
15140,25.0,6,2617.55,566.929365817488,Loyal Customers,0.41311529607579117,Mark as VIP
15141,367.0,7,1388.47,121.08119215495873,At Risk,0.6844900163839814,Send Retention Campaign
15142,320.0,5,2121.18,326.126222953312,At Risk,0.729522765597275,Offer Discount; Send Retention Campaign
15143,135.0,2,563.63,131.88712200899243,Loyal Customers,0.544652109530234,Maintain Engagement
15144,2.0,22,9140.710000000001,1800.6742176177197,Loyal Customers,0.08564389524407487,Mark as VIP
15145,136.0,2,724.03,163.19961401521323,Loyal Customers,0.5446224923714432,Maintain Engagement
15146,74.0,2,1327.16,279.60269517948456,Loyal Customers,0.5447043402137051,Maintain Engagement
15147,149.0,1,623.5,186.2826378591211,Loyal Customers,0.5698780013946741,Maintain Engagement
15149,43.0,5,1554.6100000000001,345.571818375155,Loyal Customers,0.44644682449864154,Maintain Engagement
15150,19.0,8,7256.2300000000005,1558.3138849296279,Loyal Customers,0.3409697666834975,Mark as VIP
15151,332.0,2,2085.61,265.8183592838901,At Risk,0.802963726449442,Offer Discount; Send Retention Campaign
15152,23.0,7,2901.35,617.4967639876457,Loyal Customers,0.38326928153714335,Mark as VIP
15154,387.0,2,1091.99,256.6103433209468,At Risk,0.7854979818656121,Offer Discount; Send Retention Campaign
15155,293.0,1,383.96999999999997,98.2026164167608,At Risk,0.8080657626727681,Offer Discount; Send Retention Campaign
15157,64.0,4,2223.41,474.380588753608,Loyal Customers,0.47818480988361084,Mark as VIP
15158,311.0,1,204.62,77.5370823981188,At Risk,0.8067866790607443,Offer Discount; Send Retention Campaign
15159,22.0,22,12445.69,2561.5101117906443,Loyal Customers,0.0803297035146184,Mark as VIP
15160,267.0,4,589.27,55.91344273954934,At Risk,0.7509596893486156,Offer Discount; Send Retention Campaign
15161,297.0,1,119.92,79.12172325208093,At Risk,0.805145381785617,Offer Discount; Send Retention Campaign
15162,641.0,1,312.9,-81.8412684128607,At Risk,0.8226451975918614,Offer Discount; Send Retention Campaign
15163,102.0,1,155.0,179.70182108658548,Loyal Customers,0.5578012196153115,Maintain Engagement
15164,118.0,8,1594.05,271.6856767400594,Loyal Customers,0.366067948047899,Maintain Engagement
15165,283.0,1,975.5,141.47190164531696,At Risk,0.8144404835379834,Offer Discount; Send Retention Campaign
15166,377.0,1,167.16,41.841044348515084,At Risk,0.8093560822651172,Offer Discount; Send Retention Campaign
15167,230.0,5,1659.67,273.23817338500453,Loyal Customers,0.45983297549313257,Maintain Engagement
15169,292.0,2,569.22,53.24990185625177,At Risk,0.7953402621452487,Offer Discount; Send Retention Campaign
15170,316.0,1,81.15,67.03699362985384,At Risk,0.8055624440341886,Offer Discount; Send Retention Campaign
15171,241.0,1,1289.5,182.93925199048232,At Risk,0.8161453817172233,Offer Discount; Send Retention Campaign
15172,45.0,3,886.74,232.32635478937908,Loyal Customers,0.5074679546876524,Maintain Engagement
15173,290.0,7,1494.6,181.60421285567935,At Risk,0.6794422875256704,Send Retention Campaign
15174,232.0,2,481.46,71.59486502942565,At Risk,0.7919654664230074,Offer Discount; Send Retention Campaign
15176,577.0,1,988.04,-5.943538357445959,At Risk,0.827276013791973,Offer Discount; Send Retention Campaign
15177,335.0,1,948.93,113.53800235814879,At Risk,0.8164382901579844,Offer Discount; Send Retention Campaign
15178,170.0,1,40.5,138.01873871949596,Loyal Customers,0.5605988415874444,Maintain Engagement
15179,143.0,11,6740.09,1357.983584829087,Loyal Customers,0.2724621632560084,Mark as VIP
15180,277.0,3,904.4300000000001,117.16179438953031,At Risk,0.7739694208310982,Offer Discount; Send Retention Campaign
15181,85.0,4,945.72,212.8457086169326,Loyal Customers,0.48018339659225934,Maintain Engagement
15182,64.0,11,2998.952,558.3753236993357,Loyal Customers,0.2811004506458555,Mark as VIP
15183,457.0,3,639.93,-15.668613144698043,At Risk,0.7821726761240844,Offer Discount; Send Retention Campaign
15184,100.0,3,518.42,135.54781319126988,Loyal Customers,0.51115923281951,Maintain Engagement
15186,78.0,4,1221.05,270.4877722868063,Loyal Customers,0.4795659535897679,Maintain Engagement
15187,1.0,6,1883.88,426.89344974749076,Loyal Customers,0.4127974390824937,Mark as VIP
15188,635.0,1,310.43,-78.97587493566459,At Risk,0.822360684037321,Offer Discount; Send Retention Campaign
15189,1.0,38,13934.76,2616.0814150096257,Loyal Customers,0.01291230202882277,Mark as VIP
15190,344.0,1,834.4399999999999,101.601567490278,At Risk,0.8155399440613903,Offer Discount; Send Retention Campaign
15191,373.0,3,588.05,11.229564153871934,At Risk,0.7784809710344919,Offer Discount; Send Retention Campaign
15192,29.0,5,1981.3899999999999,440.14245777674705,Loyal Customers,0.44474788176382035,Mark as VIP
15194,36.0,24,9280.69,1778.7886581356445,Loyal Customers,0.06953540924991856,Mark as VIP
15196,342.0,2,316.25,-10.447015996768528,At Risk,0.796725051283843,Offer Discount; Send Retention Campaign
15197,162.0,5,1571.1499999999999,289.0401417798613,Loyal Customers,0.4550648972787986,Maintain Engagement
15198,2.0,5,571.35,164.35361502706974,Loyal Customers,0.4450831058878522,Maintain Engagement
15199,4.0,9,2821.45,582.3568501919839,Loyal Customers,0.3276913237893519,Mark as VIP
15200,404.0,1,549.05,52.908085417987365,At Risk,0.8149559142993967,Offer Discount; Send Retention Campaign
15201,36.0,6,1539.67,333.3614018767615,Loyal Customers,0.416584662993375,Maintain Engagement
15202,330.0,3,6001.49,1273.869808576178,At Risk,0.7563647177208856,Offer Discount; Mark as VIP; Send Retention Campaign
15203,15.0,13,3900.7,751.057656374129,Loyal Customers,0.23080355399465777,Mark as VIP
15204,267.0,1,316.58,106.9559491154127,At Risk,0.8060857788714819,Offer Discount; Send Retention Campaign
15205,36.0,1,476.29999999999995,233.7410017906617,Loyal Customers,0.5589899582542827,Maintain Engagement
15206,9.0,3,236.70000000000002,131.19857694373167,Loyal Customers,0.503835334220833,Maintain Engagement
15207,326.0,3,683.92,53.19081127488215,At Risk,0.7761238254441567,Offer Discount; Send Retention Campaign
15208,73.0,3,423.91999999999996,132.49065821965007,Loyal Customers,0.5089356435055103,Maintain Engagement
15209,639.0,1,178.98000000000002,-89.4875012035609,At Risk,0.8210818037592993,Offer Discount; Send Retention Campaign
15210,134.0,3,1176.19,238.22788359311392,Loyal Customers,0.5147821340866313,Maintain Engagement
15211,274.0,1,766.14,132.4795500537353,At Risk,0.8116406233132747,Offer Discount; Send Retention Campaign
15212,151.0,2,208.28,70.07217419784524,Loyal Customers,0.5436257566572721,Maintain Engagement
15213,228.0,2,328.35,63.92621017809461,At Risk,0.7898430154090523,Offer Discount; Send Retention Campaign
15214,93.0,2,651.63,168.61244756525087,Loyal Customers,0.5418096677858413,Maintain Engagement
15215,6.0,5,1987.53,453.06383497654815,Loyal Customers,0.4430605033549985,Mark as VIP
15216,528.0,1,389.49,-19.920489407178366,At Risk,0.8186081895929446,Offer Discount; Send Retention Campaign
15217,473.0,1,426.24,10.183800296014738,At Risk,0.8166115822402652,Offer Discount; Send Retention Campaign
15218,26.0,19,9625.03,1954.6497056622281,Loyal Customers,0.1169726551492134,Mark as VIP
15219,85.0,2,685.45,175.2013243137489,Loyal Customers,0.5418053402766971,Maintain Engagement
15220,25.0,5,1284.05,300.89685921755137,Loyal Customers,0.4453243172705966,Maintain Engagement
15221,276.0,4,2465.45,415.70912379274637,At Risk,0.7514025010689015,Offer Discount; Mark as VIP; Send Retention Campaign
15222,228.0,11,3550.91,599.9972495043023,Loyal Customers,0.28886833437924747,Mark as VIP
15223,135.0,5,1417.95,271.1541164840648,Loyal Customers,0.45335667875368174,Maintain Engagement
15224,268.0,5,871.36,92.37675934630732,At Risk,0.728528496487238,Offer Discount; Send Retention Campaign
15225,144.0,1,409.40000000000003,174.967286006366,Loyal Customers,0.5655583075189549,Maintain Engagement
15226,220.0,1,154.41,120.17168987298072,At Risk,0.8019849064026459,Offer Discount; Send Retention Campaign
15227,125.0,7,2145.91,403.87667435087417,Loyal Customers,0.39255435500359576,Maintain Engagement
15228,39.0,5,4417.59,935.4269151368549,Loyal Customers,0.44146739040932037,Mark as VIP
15229,496.0,1,160.5,-18.585529756859614,At Risk,0.8146164125018308,Offer Discount; Send Retention Campaign
15230,149.0,2,429.6,275.59458094700284,Loyal Customers,0.5200389709323627,Maintain Engagement
15231,531.0,1,250.26,-30.430728186927922,At Risk,0.8171768578300005,Offer Discount; Send Retention Campaign
15232,22.0,2,612.06,201.7800687332113,Loyal Customers,0.5358959265104528,Maintain Engagement
15233,311.0,1,59.400000000000006,68.15224877254622,At Risk,0.8050751972667338,Offer Discount; Send Retention Campaign
15234,186.0,1,197.0,140.06582945240143,Loyal Customers,0.5646574105410637,Maintain Engagement
15235,127.0,16,2937.81,424.1517106859128,Loyal Customers,0.18187432590407937,Mark as VIP
15236,208.0,1,321.05,136.99082384207998,Loyal Customers,0.5685399328079269,Maintain Engagement
15237,113.0,2,1093.65,230.44663117631097,Loyal Customers,0.5452635144050131,Maintain Engagement
15238,5.0,2,772.78,230.44237232728415,Loyal Customers,0.5362592844528336,Maintain Engagement
15240,101.0,10,3798.79,734.7462616582737,Loyal Customers,0.3048739641869396,Mark as VIP
15241,36.0,9,2638.58,525.6963691631862,Loyal Customers,0.33041806373199495,Mark as VIP
15242,332.0,1,302.04,73.24528417787161,At Risk,0.8088839620692417,Offer Discount; Send Retention Campaign
15243,344.0,1,610.6,87.13592116919159,At Risk,0.8129890848822825,Offer Discount; Send Retention Campaign
15244,158.0,2,578.45,122.12756586554775,Loyal Customers,0.546477275725211,Maintain Engagement
15245,43.0,8,4610.84,968.3956288987092,Loyal Customers,0.3511067952723576,Mark as VIP
15246,148.0,3,780.4,159.30000719381002,Loyal Customers,0.5150978867558086,Maintain Engagement
15247,32.0,3,976.06,253.15978865470873,Loyal Customers,0.5069565934035211,Maintain Engagement
15248,321.0,3,1893.93,275.7960748390133,At Risk,0.7773426131030537,Offer Discount; Send Retention Campaign
15249,1.0,16,8216.88,1693.047314108462,Loyal Customers,0.16158052441095128,Mark as VIP
15250,550.0,1,60.0,-52.30548980156652,At Risk,0.8158653089711515,Offer Discount; Send Retention Campaign
15251,1.0,18,19535.37,4269.232938616395,Loyal Customers,0.1068824517106406,Mark as VIP
15252,93.0,4,1663.18,349.9220365519699,Loyal Customers,0.480483897511109,Maintain Engagement
15253,79.0,4,1310.74,287.77425587433856,Loyal Customers,0.47958162541820926,Maintain Engagement
15254,37.0,3,1088.35,271.02353844215935,Loyal Customers,0.5075265809466329,Maintain Engagement
15255,306.0,8,2838.57,449.2851833306515,At Risk,0.6501984661807335,Mark as VIP; Send Retention Campaign
15256,58.0,2,170.4,110.32579814016839,Loyal Customers,0.5367363857322655,Maintain Engagement
15257,193.0,2,685.9,121.77852658293943,Loyal Customers,0.5495353795373259,Maintain Engagement
15258,78.0,2,623.16,172.45154609688353,Loyal Customers,0.5404552793426715,Maintain Engagement
15259,422.0,4,1182.3799999999999,90.84208201650802,At Risk,0.759585976701831,Offer Discount; Send Retention Campaign
15260,10.0,25,9188.23,1751.1308751445556,Loyal Customers,0.062071942881960426,Mark as VIP
15261,45.0,4,1508.0,343.98807766240384,Loyal Customers,0.47697052362661835,Maintain Engagement
15262,233.0,3,418.82,51.47745958797151,At Risk,0.771051577740405,Offer Discount; Send Retention Campaign
15263,16.0,1,156.51,223.15798283728145,Loyal Customers,0.5515886040303059,Maintain Engagement
15264,440.0,1,454.66,28.658034978658407,At Risk,0.8154776974453996,Offer Discount; Send Retention Campaign
15265,61.0,4,3345.64,696.312727331811,Loyal Customers,0.47756110283189823,Mark as VIP
15266,248.0,5,852.21,98.4275091151921,At Risk,0.7274017008213263,Offer Discount; Send Retention Campaign
15267,65.0,2,1407.76,301.4373793658127,Loyal Customers,0.5438077316045029,Maintain Engagement
15268,388.0,3,961.9000000000001,72.52620914579609,At Risk,0.7796050718814288,Offer Discount; Send Retention Campaign
15269,290.0,2,816.56,108.67902473368832,At Risk,0.794631707357073,Offer Discount; Send Retention Campaign
15270,27.0,19,7995.66,1577.4053189625563,Loyal Customers,0.12070980135362419,Mark as VIP
15271,4.0,19,3799.09,620.5664853343039,Loyal Customers,0.1298351572575017,Mark as VIP
15272,359.0,4,1363.54,157.76819622415582,At Risk,0.7561866319765513,Offer Discount; Send Retention Campaign
15273,509.0,1,228.96,-20.715510105682483,At Risk,0.8159683807844005,Offer Discount; Send Retention Campaign
15276,303.0,3,514.22,38.40524011466903,At Risk,0.774283267820336,Offer Discount; Send Retention Campaign
15277,334.0,1,220.44,66.96355013904844,At Risk,0.8080227842785183,Offer Discount; Send Retention Campaign
15278,471.0,4,496.15999999999997,-67.34708916335853,At Risk,0.7622473456529201,Offer Discount; Send Retention Campaign
15279,264.0,5,1580.54,239.97616996639312,At Risk,0.7273672368026374,Offer Discount; Send Retention Campaign
15280,81.0,3,406.21999999999997,124.89404610349925,Loyal Customers,0.509542027707535,Maintain Engagement
15281,46.0,15,8403.2,1730.7247440337526,Loyal Customers,0.17942983898892118,Mark as VIP
15282,479.0,1,348.59,2.140656714970305,At Risk,0.8159985286551735,Offer Discount; Send Retention Campaign
15283,300.0,3,148.32999999999998,-31.01283371187253,At Risk,0.7741262260586665,Offer Discount; Send Retention Campaign
15284,410.0,1,24.75,16.000212881826428,At Risk,0.8091961870146415,Offer Discount; Send Retention Campaign
15285,317.0,1,94.92,67.42270952565701,At Risk,0.8057708954810031,Offer Discount; Send Retention Campaign
15287,289.0,3,369.34000000000003,13.39887272154192,At Risk,0.7739682972917415,Offer Discount; Send Retention Campaign
15288,65.0,9,3582.9700000000003,719.6772141459115,Loyal Customers,0.32902356784859105,Mark as VIP
15289,47.0,4,1351.29,311.7598868807749,Loyal Customers,0.4772374662337399,Maintain Engagement
15290,13.0,20,5945.65,1091.940091888186,Loyal Customers,0.11287458384541234,Mark as VIP
15291,4.0,37,12863.28,2379.4489533336127,Loyal Customers,0.014882447589109744,Mark as VIP
15292,111.0,1,180.94,176.84066638700534,Loyal Customers,0.5589352262434887,Maintain Engagement
15293,575.0,1,247.5,-52.792551577458994,At Risk,0.8190693406453224,Offer Discount; Send Retention Campaign
15294,320.0,1,233.35,74.8562312780411,At Risk,0.807535198400563,Offer Discount; Send Retention Campaign
15295,564.0,1,217.23999999999998,-49.202237588464754,At Risk,0.818251085634326,Offer Discount; Send Retention Campaign
15296,19.0,11,9269.460000000001,1987.7935537412607,Loyal Customers,0.2566753419554077,Mark as VIP
15298,2.0,18,8017.69,1612.6259644881964,Loyal Customers,0.13278442521506925,Mark as VIP
15299,73.0,8,6519.54,1369.9113053246422,Loyal Customers,0.34695652296562324,Mark as VIP
15301,23.0,14,6280.89,1272.877584669737,Loyal Customers,0.2032563984179283,Mark as VIP
15302,640.0,1,308.0,-81.65376110071168,At Risk,0.8225484437408083,Offer Discount; Send Retention Campaign
15303,200.0,3,1224.18,213.59559089273972,Loyal Customers,0.519720421906218,Maintain Engagement
15304,74.0,7,717.0500000000001,122.93675657810809,Loyal Customers,0.39308674429556434,Maintain Engagement
15305,465.0,1,93.6,-7.279683274606896,At Risk,0.8124702545269478,Offer Discount; Send Retention Campaign
15306,2.0,8,2967.4500000000003,629.8905839913078,Loyal Customers,0.3537386422346453,Mark as VIP
15307,5.0,1,205.3,231.85689824551224,Loyal Customers,0.5516986120735979,Maintain Engagement
15308,184.0,1,310.47,148.40716029364177,Loyal Customers,0.5666137560220851,Maintain Engagement
15309,520.0,4,797.96,-33.33664246754756,At Risk,0.7648269983496709,Offer Discount; Send Retention Campaign
15310,388.0,1,1634.64,131.13098503067766,At Risk,0.8263017734342117,Offer Discount; Send Retention Campaign
15311,4.0,182,102158.74,20644.96573018749,Champions,6.137645189393695e-10,Mark as VIP
15312,13.0,11,2800.14,539.1197358296248,Loyal Customers,0.27883318817577957,Mark as VIP
15313,19.0,1,52.0,214.8915219357845,Loyal Customers,0.5498581828082727,Maintain Engagement
15314,109.0,3,820.4499999999999,186.5606331754762,Loyal Customers,0.5122602565829013,Maintain Engagement
15315,26.0,1,233.54,223.09434675287076,Loyal Customers,0.5537499014575195,Maintain Engagement
15316,236.0,1,165.0,112.78935577247961,At Risk,0.8028566536339619,Offer Discount; Send Retention Campaign
15317,586.0,1,129.75,-65.94800277152831,At Risk,0.8182318626739569,Offer Discount; Send Retention Campaign
15319,193.0,1,204.5,137.02132990511183,Loyal Customers,0.5653017503470187,Maintain Engagement
15321,201.0,10,5120.89,979.5292397381565,Loyal Customers,0.30631102948673344,Mark as VIP
15322,386.0,1,711.18,72.46077798894754,At Risk,0.8159984960157597,Offer Discount; Send Retention Campaign
15323,472.0,3,434.6,-65.11745777822193,At Risk,0.7831270149308147,Offer Discount; Send Retention Campaign
15324,611.0,1,140.22000000000003,-77.87561747907694,At Risk,0.8194384267175413,Offer Discount; Send Retention Campaign
15325,13.0,8,1602.01,326.16664628964656,Loyal Customers,0.3589395075688658,Maintain Engagement
15326,243.0,5,1700.52,274.909513695082,At Risk,0.7260172466529304,Offer Discount; Send Retention Campaign
15328,317.0,1,107.24,68.21888877277894,At Risk,0.8059161425301151,Offer Discount; Send Retention Campaign
15329,44.0,10,2688.63,516.0278491565573,Loyal Customers,0.30529608800360963,Mark as VIP
15331,409.0,3,767.91,26.994793178365967,At Risk,0.7803959678414577,Offer Discount; Send Retention Campaign
15332,276.0,6,6553.74,1035.187813327401,At Risk,0.7216672780195958,Offer Discount; Mark as VIP; Send Retention Campaign
15333,118.0,1,1028.56,228.08887049979023,Loyal Customers,0.5751190610681876,Maintain Engagement
15334,66.0,3,351.67,138.02246810271885,Loyal Customers,0.5060891957931002,Maintain Engagement
15336,311.0,1,240.5,79.85582520548377,At Risk,0.807207775821922,Offer Discount; Send Retention Campaign
15337,321.0,1,373.02,83.37822698006647,At Risk,0.8092109911321718,Offer Discount; Send Retention Campaign
15338,587.0,1,283.43,-56.52061167565739,At Risk,0.8199911754220437,Offer Discount; Send Retention Campaign
15339,228.0,6,1511.67,231.05923282316354,Loyal Customers,0.4303652188885046,Maintain Engagement
15340,471.0,1,105.5,-9.535663578072445,At Risk,0.8128751102934615,Offer Discount; Send Retention Campaign
15341,358.0,1,382.2,65.31721194884216,At Risk,0.8109896213203902,Offer Discount; Send Retention Campaign
15342,39.0,1,406.09,227.69117629308403,Loyal Customers,0.5579027455607968,Maintain Engagement
15346,242.0,3,596.12,80.22905136430217,At Risk,0.7716305619270006,Offer Discount; Send Retention Campaign
15347,276.0,4,1363.6,202.8568354005493,At Risk,0.7513113188488478,Offer Discount; Send Retention Campaign
15349,67.0,2,473.81,157.57120870702545,Loyal Customers,0.5384162873972111,Maintain Engagement
15350,283.0,2,663.25,90.74145767289275,At Risk,0.7935078051518617,Offer Discount; Send Retention Campaign
15351,279.0,4,2052.85,337.4324317366145,At Risk,0.7512128531368636,Offer Discount; Send Retention Campaign
15352,458.0,1,114.95,-2.3707542403474235,At Risk,0.8124020268643883,Offer Discount; Send Retention Campaign
15353,164.0,7,3175.9500000000003,605.7377758125479,Loyal Customers,0.3922628939354986,Mark as VIP
15354,512.0,3,284.4,142.86481111070896,At Risk,0.7587457328763867,Offer Discount; Send Retention Campaign
15356,15.0,11,2978.09,579.4986240913559,Loyal Customers,0.27814615816273663,Mark as VIP
15358,30.0,35,14343.02,2754.8859880621512,Loyal Customers,0.018168552415687517,Mark as VIP
15359,572.0,8,181.35,-244.21819860124947,At Risk,0.67342850847936,Send Retention Campaign
15361,271.0,4,689.07,69.93921341371828,At Risk,0.7515400014156872,Offer Discount; Send Retention Campaign
15362,358.0,2,613.08,26.756067021959893,At Risk,0.7986400288509773,Offer Discount; Send Retention Campaign
15363,282.0,2,1004.11,125.54168707374907,At Risk,0.7964808048752262,Offer Discount; Send Retention Campaign
15364,5.0,2,913.19,250.9874118266224,Loyal Customers,0.5372279841643012,Maintain Engagement
15365,6.0,8,3204.09,679.5324821209101,Loyal Customers,0.353239447371965,Mark as VIP
15366,267.0,6,1892.11,291.98195627763243,At Risk,0.702454379462994,Offer Discount; Send Retention Campaign
15367,155.0,9,4619.92,903.3736846876834,Loyal Customers,0.33126672141539015,Mark as VIP
15368,304.0,1,275.8,85.66627213725559,At Risk,0.8073016650576728,Offer Discount; Send Retention Campaign
15369,402.0,11,6251.26,1119.794031021034,At Risk,0.5580540598578877,Mark as VIP; Send Retention Campaign
15370,50.0,5,2866.42,612.0024429772253,Loyal Customers,0.44471628155804316,Mark as VIP
15371,572.0,1,59.400000000000006,-63.43599404449799,At Risk,0.8168275358782171,Offer Discount; Send Retention Campaign
15372,46.0,8,6017.0599999999995,1273.8022961975012,Loyal Customers,0.3467795405645913,Mark as VIP
15373,25.0,14,2692.38,453.37179380276586,Loyal Customers,0.2151655538180468,Mark as VIP
15374,38.0,2,307.32,141.21916607494774,Loyal Customers,0.5361075760410589,Maintain Engagement
15375,600.0,1,60.959999999999994,-77.4519254956814,At Risk,0.8180726008386681,Offer Discount; Send Retention Campaign
15376,27.0,2,989.02,252.00864154201452,Loyal Customers,0.539209941752022,Maintain Engagement
15377,292.0,4,1211.75,170.8695515729168,At Risk,0.7515875304855236,Offer Discount; Send Retention Campaign
15378,372.0,2,246.5,-32.384207382640625,At Risk,0.7975175768419543,Offer Discount; Send Retention Campaign
15379,79.0,8,4877.84,1010.0418013660111,Loyal Customers,0.3524535087391989,Mark as VIP
15380,50.0,8,2371.36,475.4475347191966,Loyal Customers,0.35892942743732514,Mark as VIP
15381,123.0,5,1890.57,374.51092809861393,Loyal Customers,0.45166789231933524,Maintain Engagement
15382,94.0,10,9904.960000000001,2098.601663132684,Loyal Customers,0.28315329734824757,Mark as VIP
15384,79.0,4,2027.79,428.60966955530694,Loyal Customers,0.47932382873100426,Mark as VIP
15385,302.0,2,625.2,56.850276419664056,At Risk,0.796027659848413,Offer Discount; Send Retention Campaign
15386,96.0,1,394.14,198.18124604893922,Loyal Customers,0.5618072860287253,Maintain Engagement
15387,401.0,1,468.65,49.2247488693767,At Risk,0.8139071082094126,Offer Discount; Send Retention Campaign
15388,180.0,1,140.54,-149.6135738265159,Loyal Customers,0.6040825136364942,Maintain Engagement
15389,81.0,5,2733.8,568.4043925163794,Loyal Customers,0.4472903424525341,Mark as VIP
15390,306.0,2,1216.66,-130.2993015769565,At Risk,0.8231074750547854,Offer Discount; Send Retention Campaign
15391,494.0,1,289.87,-9.216662387271981,At Risk,0.8159958441633062,Offer Discount; Send Retention Campaign
15392,270.0,4,1715.07,274.91868248662115,At Risk,0.7508866059958408,Offer Discount; Send Retention Campaign
15393,190.0,4,783.58,128.2183638333873,Loyal Customers,0.487922853994552,Maintain Engagement
15394,114.0,9,4539.7,906.2184575320589,Loyal Customers,0.32889550937013556,Mark as VIP
15395,235.0,1,107.45,109.57436005208228,At Risk,0.8021227541770322,Offer Discount; Send Retention Campaign
15396,22.0,2,796.38,223.88053593314157,Loyal Customers,0.5378730367376059,Maintain Engagement
15397,199.0,1,94.0,126.85525708153818,Loyal Customers,0.5636881370018888,Maintain Engagement
15400,2.0,8,1302.3,266.4939533577881,Loyal Customers,0.35914705786724455,Maintain Engagement
15401,362.0,2,216.95,-34.77676916145265,At Risk,0.7972032681800312,Offer Discount; Send Retention Campaign
15402,58.0,6,1830.54,383.76152499884824,Loyal Customers,0.4174361292102554,Maintain Engagement
15403,401.0,2,170.88,-62.224855251053555,At Risk,0.7989417708666471,Offer Discount; Send Retention Campaign
15404,285.0,1,257.06,94.03442152393183,At Risk,0.8062112967355602,Offer Discount; Send Retention Campaign
15405,99.0,2,659.84,164.3188799725873,Loyal Customers,0.5426609797749891,Maintain Engagement
15406,210.0,3,717.45,117.48220764945233,Loyal Customers,0.5194061670938139,Maintain Engagement
15407,93.0,3,740.73,181.1368149192836,Loyal Customers,0.5107988848488496,Maintain Engagement
15408,174.0,1,267.18,150.65124181619325,Loyal Customers,0.5650906836792905,Maintain Engagement
15409,631.0,1,131.25,-88.53869343509791,At Risk,0.8202065074099797,Offer Discount; Send Retention Campaign
15410,8.0,9,4324.29,912.1480808715276,Loyal Customers,0.3227891380083913,Mark as VIP
15411,34.0,2,382.21,157.27448917509105,Loyal Customers,0.5358856478046674,Maintain Engagement
15412,81.0,1,190.53,192.5855049322277,Loyal Customers,0.5569396532189863,Maintain Engagement
15413,601.0,5,6798.72,1148.7031079089058,At Risk,0.7391362923040202,Offer Discount; Mark as VIP; Send Retention Campaign
15414,152.0,1,36.2,146.81590271103158,Loyal Customers,0.5592159459878896,Maintain Engagement
15415,223.0,1,572.8100000000001,145.69825576633394,At Risk,0.8070812310595653,Offer Discount; Send Retention Campaign
15416,64.0,6,3732.83,782.0733944383994,Loyal Customers,0.4132778376235161,Mark as VIP
15418,335.0,2,452.32,14.312939460203097,At Risk,0.7968787505800196,Offer Discount; Send Retention Campaign
15420,344.0,6,743.0,10.580199970067156,At Risk,0.7095353774349676,Offer Discount; Send Retention Campaign
15421,125.0,9,3594.34,691.9172491053847,Loyal Customers,0.3328898203982899,Mark as VIP
15422,232.0,7,1619.97,237.01595155519936,Loyal Customers,0.40160255136353384,Maintain Engagement
15423,491.0,2,223.39,-95.90443220207703,At Risk,0.8030161563091536,Offer Discount; Send Retention Campaign
15424,164.0,3,597.78,118.46344003243695,Loyal Customers,0.5158866631007386,Maintain Engagement
15425,309.0,4,1944.57,296.7972819317599,At Risk,0.7533451021050492,Offer Discount; Send Retention Campaign
15426,166.0,6,1830.98,329.80778289093763,Loyal Customers,0.42511309938044356,Maintain Engagement
15428,297.0,3,668.97,63.88169609180102,At Risk,0.7747448120601262,Offer Discount; Send Retention Campaign
15430,377.0,2,954.75,71.55231844633335,At Risk,0.8006440890282764,Offer Discount; Send Retention Campaign
15431,412.0,1,153.24,23.29553225435518,At Risk,0.8107767467346527,Offer Discount; Send Retention Campaign
15432,451.0,1,149.57,3.39574773297943,At Risk,0.8124861678113918,Offer Discount; Send Retention Campaign
15433,123.0,2,533.3,135.72300451366607,Loyal Customers,0.5432473500629277,Maintain Engagement
15434,16.0,9,2112.86,419.55762006869645,Loyal Customers,0.3309574308834818,Mark as VIP
15436,143.0,1,489.05,180.6188319016453,Loyal Customers,0.5669602444510733,Maintain Engagement
15437,172.0,2,393.45,86.90202452538767,Loyal Customers,0.5463829869976197,Maintain Engagement
15438,41.0,1,156.57999999999998,210.55826876527914,Loyal Customers,0.5534058238604164,Maintain Engagement
15439,314.0,4,1269.05,161.66782603007135,At Risk,0.7537910293939055,Offer Discount; Send Retention Campaign
15440,46.0,2,237.66,128.60520983705925,Loyal Customers,0.5359777673883358,Maintain Engagement
15441,306.0,3,1254.21,165.72843495012404,At Risk,0.7759276355017225,Offer Discount; Send Retention Campaign
15442,158.0,1,594.0,179.838676547492,Loyal Customers,0.5699812390542743,Maintain Engagement
15443,19.0,9,2623.82,530.991260586845,Loyal Customers,0.32936725748878576,Mark as VIP
15445,174.0,2,284.5,69.35245548257501,Loyal Customers,0.5458659116546258,Maintain Engagement
15446,286.0,3,406.95,21.764654190024885,At Risk,0.7738590191643635,Offer Discount; Send Retention Campaign
15447,240.0,5,492.88,29.000955972540737,At Risk,0.7273715472353507,Offer Discount; Send Retention Campaign
15448,222.0,2,788.81,122.00358039948077,At Risk,0.7928471354143487,Offer Discount; Send Retention Campaign
15449,94.0,2,647.7,166.80647117148862,Loyal Customers,0.5419606597163409,Maintain Engagement
15451,344.0,2,233.21,-23.65630145797013,At Risk,0.7964516799333101,Offer Discount; Send Retention Campaign
15452,174.0,4,1507.63,279.1198001378647,Loyal Customers,0.4863969986936119,Maintain Engagement
15453,2.0,4,712.8,211.94282556625518,Loyal Customers,0.47374815558132216,Maintain Engagement
15454,272.0,2,307.69,23.624395843392108,At Risk,0.7933321344371435,Offer Discount; Send Retention Campaign
15455,507.0,1,38.25,-32.031793175932876,At Risk,0.8137116151989229,Offer Discount; Send Retention Campaign
15456,193.0,10,2119.27,314.527597545296,Loyal Customers,0.31666728845015985,Maintain Engagement
15457,172.0,1,237.07,149.71372393164035,Loyal Customers,0.5643885517408148,Maintain Engagement
15458,311.0,1,208.79999999999998,77.80721464267805,At Risk,0.8068357725744181,Offer Discount; Send Retention Campaign
15459,327.0,2,202.82999999999998,-18.616606775742525,At Risk,0.7954170611433881,Offer Discount; Send Retention Campaign
15460,263.0,1,216.76,102.52176576627176,At Risk,0.8047227547526781,Offer Discount; Send Retention Campaign
15461,370.0,2,429.7,-6.838897188231613,At Risk,0.7984554287652457,Offer Discount; Send Retention Campaign
15462,4.0,4,737.05,213.0561484444247,Loyal Customers,0.4742696764753246,Maintain Engagement
15464,247.0,1,1048.85,164.362243370405,At Risk,0.8136761975869118,Offer Discount; Send Retention Campaign
15465,48.0,29,11293.16,2147.1858666065555,Loyal Customers,0.03852788047579041,Mark as VIP
15466,299.0,3,1236.48,166.0057363712723,At Risk,0.775550952294059,Offer Discount; Send Retention Campaign
15467,55.0,2,402.56,171.4009518211505,Loyal Customers,0.5344099993303615,Maintain Engagement
15468,302.0,1,962.97,131.0829304195575,At Risk,0.8151403540891774,Offer Discount; Send Retention Campaign
15469,29.0,2,640.0,196.68064301325614,Loyal Customers,0.5374199348513303,Maintain Engagement
15470,485.0,1,63.419999999999995,-19.313454184479724,At Risk,0.8130183838333477,Offer Discount; Send Retention Campaign
15471,290.0,2,847.08,97.141100895293,At Risk,0.7962867781305334,Offer Discount; Send Retention Campaign
15472,23.0,1,371.56,233.5263893565638,Loyal Customers,0.5561008578958284,Maintain Engagement
15473,354.0,1,274.8,60.39317156291685,At Risk,0.8095648858503155,Offer Discount; Send Retention Campaign
15474,505.0,1,163.1,-22.955030530127033,At Risk,0.8150449138697289,Offer Discount; Send Retention Campaign
15476,290.0,4,2209.98,362.75053016462437,At Risk,0.751773861030202,Offer Discount; Send Retention Campaign
15477,559.0,1,368.4,-36.91268426234194,At Risk,0.819721882258999,Offer Discount; Send Retention Campaign
15478,484.0,1,583.56,14.804731042354774,At Risk,0.8188600352057188,Offer Discount; Send Retention Campaign
15479,643.0,1,147.4,-93.54503482453572,At Risk,0.8209047908834184,Offer Discount; Send Retention Campaign
15480,26.0,5,6279.0,892.2398264508224,Loyal Customers,0.5000784831895044,Mark as VIP
15481,311.0,1,1993.34,1100.7112716954994,At Risk,0.7379211006700828,Offer Discount; Mark as VIP; Send Retention Campaign
15482,75.0,11,5641.1,1145.4476383788028,Loyal Customers,0.27239294709785355,Mark as VIP
15483,71.0,10,862.2,95.7105804035321,Loyal Customers,0.313526460738301,Maintain Engagement
15484,449.0,2,1061.69,49.578914651501975,At Risk,0.8045870566374492,Offer Discount; Send Retention Campaign
15485,245.0,6,4475.14,847.7925646717583,At Risk,0.6957292535108303,Mark as VIP; Send Retention Campaign
15486,437.0,1,102.0,7.379912567918723,At Risk,0.8113106156856928,Offer Discount; Send Retention Campaign
15487,589.0,1,231.32,-60.896556266621246,At Risk,0.8194977912791552,Offer Discount; Send Retention Campaign
15488,2.0,5,431.92,135.89855197696437,Loyal Customers,0.4452866729568075,Maintain Engagement
15489,121.0,6,1633.5900000000001,310.3370896753644,Loyal Customers,0.42243650420757267,Maintain Engagement
15490,340.0,1,217.6,63.75499823634749,At Risk,0.8082629091858987,Offer Discount; Send Retention Campaign
15491,4.0,6,3100.09,681.4687367479665,Loyal Customers,0.4101577085365633,Mark as VIP
15493,59.0,7,3631.93,756.7716065285049,Loyal Customers,0.38360154811491093,Mark as VIP
15494,31.0,4,3608.2,762.9903503587249,Loyal Customers,0.4752707042872567,Mark as VIP
15495,289.0,1,246.5,91.33530411842008,At Risk,0.8062705693734595,Offer Discount; Send Retention Campaign
15496,541.0,1,146.14,-42.201171951220886,At Risk,0.816442499314618,Offer Discount; Send Retention Campaign
15497,229.0,8,8365.79,1694.8849949923695,Loyal Customers,0.3513372652895836,Mark as VIP
15498,30.0,36,21849.55,4502.7828794461,Loyal Customers,0.013557881707949505,Mark as VIP
15499,633.0,1,161.6,-87.58566556521134,At Risk,0.8206300135008197,Offer Discount; Send Retention Campaign
15501,314.0,2,402.5,33.43878744146275,At Risk,0.7941499740244188,Offer Discount; Send Retention Campaign
15502,33.0,7,9564.07,2046.9862837797748,Loyal Customers,0.36453746254115255,Mark as VIP
15503,272.0,2,267.15,17.24434461384908,At Risk,0.7931904932252396,Offer Discount; Send Retention Campaign
15504,430.0,3,371.02,-56.31441847827239,At Risk,0.7810281919746481,Offer Discount; Send Retention Campaign
15505,23.0,3,2091.14,466.06608258270137,Loyal Customers,0.507444422945023,Mark as VIP
15506,48.0,4,1270.12,295.61765953573354,Loyal Customers,0.4772956651603584,Maintain Engagement
15507,81.0,1,492.36,212.09125023732724,Loyal Customers,0.5625442800164672,Maintain Engagement
15508,99.0,6,1000.27,197.90258682778176,Loyal Customers,0.4209600451703486,Maintain Engagement
15509,290.0,1,166.51,85.6617857439183,At Risk,0.8053734159887714,Offer Discount; Send Retention Campaign
15510,240.0,1,250.0,116.26579752727429,At Risk,0.8040536540878822,Offer Discount; Send Retention Campaign
15512,65.0,4,331.58,102.33953906714635,Loyal Customers,0.4789328760215754,Maintain Engagement
15513,4.0,33,24344.47,5157.936672190112,Loyal Customers,0.0178918551890575,Mark as VIP
15514,135.0,13,5021.03,945.0985675795785,Loyal Customers,0.23321577206011201,Mark as VIP
15515,297.0,1,171.81,82.47511133107099,At Risk,0.805758076717353,Offer Discount; Send Retention Campaign
15517,143.0,1,267.03,166.2708029693382,Loyal Customers,0.5628483389155592,Maintain Engagement
15518,34.0,14,3901.25,723.6809411510396,Loyal Customers,0.2116574605222706,Mark as VIP
15519,293.0,2,344.61,20.72553465778026,At Risk,0.7942915140742784,Offer Discount; Send Retention Campaign
15521,4.0,15,6433.2699999999995,1299.1671070149819,Loyal Customers,0.18371732506493987,Mark as VIP
15523,298.0,15,16947.98,3556.60410543574,At Risk,0.3806822655493399,Mark as VIP; Send Retention Campaign
15524,516.0,1,151.4,-29.25700695493606,At Risk,0.8153989099257117,Offer Discount; Send Retention Campaign
15525,283.0,2,783.71,109.11044950064553,At Risk,0.7939840972036059,Offer Discount; Send Retention Campaign
15527,54.0,20,4476.65,730.9371893786634,Loyal Customers,0.1173923022618079,Mark as VIP
15528,163.0,1,229.33,153.75105251901425,Loyal Customers,0.5635949442831268,Maintain Engagement
15529,52.0,9,3515.8,712.9616482426844,Loyal Customers,0.32821218286830817,Mark as VIP
15530,59.0,4,1480.1,331.24661018134253,Loyal Customers,0.47803627021801315,Maintain Engagement
15532,41.0,9,3416.76,695.4086617060161,Loyal Customers,0.3279996364798466,Mark as VIP
15534,635.0,1,162.25,-88.55199838035082,At Risk,0.8207236921987169,Offer Discount; Send Retention Campaign
15535,82.0,6,1087.82,215.60925517673905,Loyal Customers,0.4208567230940744,Maintain Engagement
15536,318.0,1,259.09,77.5280162304818,At Risk,0.8077452395535236,Offer Discount; Send Retention Campaign
15537,73.0,1,110.92,191.47406964888484,Loyal Customers,0.5548784924586991,Maintain Engagement
15538,447.0,6,3358.4,513.084836407986,At Risk,0.7101017909157474,Offer Discount; Mark as VIP; Send Retention Campaign
15540,285.0,1,247.38,93.40885211547896,At Risk,0.8060973127856356,Offer Discount; Send Retention Campaign
15541,24.0,1,85.13000000000001,214.5116985976578,Loyal Customers,0.5508394640415207,Maintain Engagement
15542,422.0,3,918.45,46.58499588531356,At Risk,0.7813536691260714,Offer Discount; Send Retention Campaign
15543,198.0,2,242.84,51.37798747482276,Loyal Customers,0.5472948886761583,Maintain Engagement
15544,29.0,18,7388.09,1454.1700625414917,Loyal Customers,0.13524276914034938,Mark as VIP
15545,280.0,1,270.65999999999997,97.43416825637763,At Risk,0.8061418969205382,Offer Discount; Send Retention Campaign
15546,516.0,2,1079.1000000000001,189.60687511341803,At Risk,0.791763083267137,Offer Discount; Send Retention Campaign
15547,19.0,20,7970.26,1557.3860478695917,Loyal Customers,0.10869609898173077,Mark as VIP
15548,505.0,1,158.09,-23.278801473964677,At Risk,0.8149879982835118,Offer Discount; Send Retention Campaign
15549,67.0,7,2284.38,462.60098796075437,Loyal Customers,0.38813496575858986,Mark as VIP
15550,16.0,11,2076.45,375.20122604297336,Loyal Customers,0.28160312965210005,Maintain Engagement
15551,304.0,6,1274.02,144.43736408943238,At Risk,0.7058138440453359,Offer Discount; Send Retention Campaign
15552,127.0,2,252.52,88.06884055872666,Loyal Customers,0.5422640463539697,Maintain Engagement
15554,187.0,1,217.2,140.8670837052657,Loyal Customers,0.5651037398277102,Maintain Engagement
15555,13.0,30,10127.12,1871.6300298378844,Loyal Customers,0.035043719304646705,Mark as VIP
15558,549.0,1,214.13,-41.84067845777702,At Risk,0.8175598549551626,Offer Discount; Send Retention Campaign
15559,478.0,1,1109.4,51.81212598440601,At Risk,0.8244081498729013,Offer Discount; Send Retention Campaign
15560,307.0,2,153.52,153.83625233209364,At Risk,0.7776165362350602,Offer Discount; Send Retention Campaign
15561,59.0,7,1583.47,315.8190912944649,Loyal Customers,0.38963740904301625,Maintain Engagement
15562,261.0,3,673.3800000000001,82.75080898008144,At Risk,0.7729076643921148,Offer Discount; Send Retention Campaign
15563,110.0,5,2202.18,444.7409720101907,Loyal Customers,0.45025438313615723,Mark as VIP
15564,373.0,2,70.74000000000001,-63.289844181162266,At Risk,0.7972181047648698,Offer Discount; Send Retention Campaign
15566,302.0,2,227.87,-3.8247443894646267,At Risk,0.7944733099904219,Offer Discount; Send Retention Campaign
15569,13.0,10,3586.35,731.7764767197004,Loyal Customers,0.3001734713655252,Mark as VIP
15570,51.0,22,7972.2,1505.4113938401304,Loyal Customers,0.08882863931664058,Mark as VIP
15571,296.0,10,3401.2,548.7488898633567,At Risk,0.5917338836092375,Mark as VIP; Send Retention Campaign
15572,19.0,7,3071.1,656.2454842444376,Loyal Customers,0.382466884336308,Mark as VIP
15573,528.0,3,599.73,-63.59447162980109,At Risk,0.786130509251905,Offer Discount; Send Retention Campaign
15574,87.0,6,1518.7,303.96092297883774,Loyal Customers,0.4201768523940051,Maintain Engagement
15575,529.0,1,30.1,-43.650215707482175,At Risk,0.8145966342336134,Offer Discount; Send Retention Campaign
15577,60.0,5,397.98,99.5621500612097,Loyal Customers,0.44957325519994856,Maintain Engagement
15578,72.0,1,127.1,193.02387067283036,Loyal Customers,0.5551070457608468,Maintain Engagement
15579,223.0,4,1153.5,186.37906775643546,Loyal Customers,0.48990027291662963,Maintain Engagement
15580,286.0,8,1381.19,141.41679487844618,At Risk,0.6535345564646275,Send Retention Campaign
15581,30.0,38,7794.59,1151.5164687302458,Loyal Customers,0.015111725857448645,Mark as VIP
15582,10.0,2,541.51,192.13374223507122,Loyal Customers,0.5353109582274335,Maintain Engagement
15583,286.0,1,107.86,83.88821112886905,At Risk,0.8044949914995658,Offer Discount; Send Retention Campaign
15584,71.0,3,707.04,184.47968598643075,Loyal Customers,0.509360664866149,Maintain Engagement
15585,86.0,1,455.3,207.1754024385275,Loyal Customers,0.5622185276063397,Maintain Engagement
15586,502.0,3,1139.1,47.60344777434926,At Risk,0.7854837861036782,Offer Discount; Send Retention Campaign
15587,52.0,5,1065.24,241.00807559129316,Loyal Customers,0.4478378578678769,Maintain Engagement
15588,587.0,1,579.6,-37.380643524673815,At Risk,0.8232617931376542,Offer Discount; Send Retention Campaign
15589,165.0,3,478.53,99.82034116228175,Loyal Customers,0.515234085936214,Maintain Engagement
15590,292.0,5,1496.6,209.2143367116269,At Risk,0.7290375615262898,Offer Discount; Send Retention Campaign
15591,492.0,3,217.9,-114.36317211659605,At Risk,0.7838406566174795,Offer Discount; Send Retention Campaign
15594,3.0,2,788.22,233.07030790622957,Loyal Customers,0.5363123880360482,Maintain Engagement
15595,397.0,1,357.59999999999997,44.064827456503565,At Risk,0.8124573764257931,Offer Discount; Send Retention Campaign
15596,10.0,9,3130.04,647.8101169386331,Loyal Customers,0.32697203004393716,Mark as VIP
15597,485.0,1,238.8,-7.979532401991605,At Risk,0.8150190483283704,Offer Discount; Send Retention Campaign
15598,337.0,1,307.34,71.06694879044261,At Risk,0.8091726160270457,Offer Discount; Send Retention Campaign
15599,114.0,2,937.15,199.31160434956854,Loyal Customers,0.5453767629653883,Maintain Engagement
15600,338.0,4,1199.31,136.56712110393374,At Risk,0.7550407254455841,Offer Discount; Send Retention Campaign
15601,32.0,27,13769.02,2772.55995187208,Loyal Customers,0.04533407340112055,Mark as VIP
15602,110.0,12,2475.59,399.16057196344127,Loyal Customers,0.262584789611582,Maintain Engagement
15603,557.0,1,40.0,-57.127175168324925,At Risk,0.8159478396970903,Offer Discount; Send Retention Campaign
15605,162.0,7,1428.75,230.7775658093231,Loyal Customers,0.3972906961548965,Maintain Engagement
15606,29.0,16,4750.21,883.7860061098825,Loyal Customers,0.1726850888344752,Mark as VIP
15607,246.0,9,1708.97,215.19266354465242,Loyal Customers,0.3474163284050987,Maintain Engagement
15608,30.0,2,977.98,247.75933755385438,Loyal Customers,0.5395151616954407,Maintain Engagement
15609,94.0,1,298.48,193.00756342016172,Loyal Customers,0.5598872187430836,Maintain Engagement
15611,13.0,21,2352.97,239.03823271301718,Loyal Customers,0.10929922187190523,Maintain Engagement
15613,520.0,1,433.71999999999997,-13.028772258411891,At Risk,0.8187540385175668,Offer Discount; Send Retention Campaign
15614,347.0,4,3147.36,514.4165128942524,At Risk,0.7550353675805991,Offer Discount; Mark as VIP; Send Retention Campaign
15615,15.0,43,18342.08,3546.25196918475,Loyal Customers,0.006583883682778642,Mark as VIP
15616,348.0,1,317.11,66.15246980359672,At Risk,0.8097845459894831,Offer Discount; Send Retention Campaign
15617,305.0,3,828.5500000000001,90.40883514365026,At Risk,0.775194113752567,Offer Discount; Send Retention Campaign
15618,2.0,3,419.041,172.27223512199038,Loyal Customers,0.503003417478678,Maintain Engagement
15620,130.0,3,1264.19,256.8764445503508,Loyal Customers,0.5145518592720043,Maintain Engagement
15622,107.0,13,6745.05,1350.5878253344945,Loyal Customers,0.2258850849681167,Mark as VIP
15623,50.0,8,2437.05,489.8111822672185,Loyal Customers,0.35871172136353774,Mark as VIP
15624,26.0,4,588.13,174.20819417601717,Loyal Customers,0.4757179869674893,Maintain Engagement
15625,13.0,9,3236.4,669.607465174688,Loyal Customers,0.326821994094999,Mark as VIP
15626,239.0,2,673.6,97.27825965495708,At Risk,0.7930749924309055,Offer Discount; Send Retention Campaign
15627,367.0,2,566.9,17.230054433577607,At Risk,0.798693435887019,Offer Discount; Send Retention Campaign
15628,8.0,13,4407.42,869.5245230695596,Loyal Customers,0.22872099554509648,Mark as VIP
15629,360.0,4,2240.9,332.17849275531694,At Risk,0.7557289520440251,Offer Discount; Send Retention Campaign
15630,114.0,2,691.91,161.59289535240288,Loyal Customers,0.5439543724540877,Maintain Engagement
15631,552.0,1,596.67,-18.631562873011035,At Risk,0.8219490156201046,Offer Discount; Send Retention Campaign
15632,31.0,6,2351.84,509.6117786873591,Loyal Customers,0.413933044887862,Mark as VIP
15633,419.0,13,4352.46,653.1203101115761,At Risk,0.5090550437345387,Mark as VIP; Send Retention Campaign
15634,293.0,1,311.1,93.49339711986323,At Risk,0.8072127094922582,Offer Discount; Send Retention Campaign
15635,305.0,1,100.35,73.82365709633615,At Risk,0.8052827222360067,Offer Discount; Send Retention Campaign
15636,192.0,3,1026.52,181.941057524359,Loyal Customers,0.518748860913031,Maintain Engagement
15637,323.0,4,574.23,20.374113360333467,At Risk,0.7544978495108579,Offer Discount; Send Retention Campaign
15638,288.0,6,2265.2,360.61429601366024,At Risk,0.7029077101793061,Offer Discount; Send Retention Campaign
15639,44.0,3,1065.08,263.2162743758059,Loyal Customers,0.508006378005821,Maintain Engagement
15640,31.0,25,20361.26,4347.677394728707,Loyal Customers,0.04899701133539995,Mark as VIP
15641,15.0,12,5345.55,1094.5639953218863,Loyal Customers,0.24722568488297286,Mark as VIP
15642,639.0,1,105.78,-94.21804673029214,At Risk,0.8202700678557968,Offer Discount; Send Retention Campaign
15643,101.0,3,664.0,163.8901692098894,Loyal Customers,0.5111433684031752,Maintain Engagement
15644,76.0,4,813.0,194.35440774556804,Loyal Customers,0.4791292616953508,Maintain Engagement
15645,323.0,2,443.16,33.537527620868445,At Risk,0.794890744409453,Offer Discount; Send Retention Campaign
15646,67.0,5,974.61,215.3217477878119,Loyal Customers,0.4490067024758079,Maintain Engagement
15647,325.0,1,169.0,68.17676889693934,At Risk,0.8070093309925767,Offer Discount; Send Retention Campaign
15648,114.0,2,657.35,158.70576543865684,Loyal Customers,0.54340280243754,Maintain Engagement
15649,246.0,4,2170.35,378.4816577822004,At Risk,0.749218777550206,Offer Discount; Send Retention Campaign
15650,431.0,2,553.88,-18.045965160398964,At Risk,0.801744378716048,Offer Discount; Send Retention Campaign
15651,170.0,3,840.08,159.01309987801676,Loyal Customers,0.5168240232492226,Maintain Engagement
15652,1.0,5,1420.34,339.45269304529984,Loyal Customers,0.4435799028580072,Maintain Engagement
15653,2.0,2,877.44,253.43950085524267,Loyal Customers,0.5358680518588228,Maintain Engagement
15655,153.0,1,560.6700000000001,180.2055748978409,Loyal Customers,0.5690053607428696,Maintain Engagement
15656,88.0,3,563.63,151.7896106474139,Loyal Customers,0.5100709432299939,Maintain Engagement
15658,100.0,8,2423.4700000000003,461.7270034021933,Loyal Customers,0.3621303513193427,Mark as VIP
15659,296.0,2,226.04,-0.9517766553191223,At Risk,0.7941660130434759,Offer Discount; Send Retention Campaign
15660,45.0,12,2096.47,346.3633982048697,Loyal Customers,0.26025266659139634,Maintain Engagement
15661,227.0,8,1215.95,135.36407822560705,Loyal Customers,0.3746274388596362,Maintain Engagement
15662,570.0,2,283.73,-128.70954082935998,At Risk,0.8070863586342625,Offer Discount; Send Retention Campaign
15663,16.0,1,138.14,221.9708227098763,Loyal Customers,0.5512462101102266,Maintain Engagement
15664,358.0,3,867.6,69.7517553317897,At Risk,0.7780478679809354,Offer Discount; Send Retention Campaign
15665,78.0,5,4015.12,832.9341049321698,Loyal Customers,0.444981670154886,Mark as VIP
15666,381.0,2,632.94,25.07535630322775,At Risk,0.7991579527425174,Offer Discount; Send Retention Campaign
15668,127.0,1,76.32000000000001,162.0128930770138,Loyal Customers,0.558150448411338,Maintain Engagement
15669,13.0,3,565.54,189.10468608338294,Loyal Customers,0.5046901468664989,Maintain Engagement
15670,206.0,2,325.2,59.561906218603724,Loyal Customers,0.5484191442652614,Maintain Engagement
15671,4.0,5,1972.89,452.67812062403084,Loyal Customers,0.44270774238806143,Mark as VIP
15672,634.0,1,45.300000000000004,-95.60571547080065,At Risk,0.8193799262370682,Offer Discount; Send Retention Campaign
15673,66.0,8,5638.16,1181.0446937396237,Loyal Customers,0.3493281242621497,Mark as VIP
15674,123.0,12,5881.29,1161.386694087722,Loyal Customers,0.2512684788803211,Mark as VIP
15675,64.0,3,443.74,140.6748878819722,Loyal Customers,0.5083035322864579,Maintain Engagement
15676,193.0,1,897.8,181.82580003739014,Loyal Customers,0.578092793453706,Maintain Engagement
15677,331.0,2,648.4,49.25753831820077,At Risk,0.7971693484360909,Offer Discount; Send Retention Campaign
15678,305.0,2,1541.19,195.7663038253648,At Risk,0.7996674438631305,Offer Discount; Send Retention Campaign
15679,64.0,2,260.26,126.73126644909246,Loyal Customers,0.5368844244056552,Maintain Engagement
15680,276.0,8,3652.79,642.0582226678191,At Risk,0.6455636996245255,Mark as VIP; Send Retention Campaign
15681,92.0,12,2266.76,361.88732499101303,Loyal Customers,0.2622208753809897,Maintain Engagement
15682,509.0,2,318.24,-92.97204186707427,At Risk,0.804437513560246,Offer Discount; Send Retention Campaign
15683,27.0,2,524.54,180.0246945239012,Loyal Customers,0.5365888946999,Maintain Engagement
15684,456.0,3,173.95,-105.66540920216926,At Risk,0.7821355290137256,Offer Discount; Send Retention Campaign
15685,360.0,1,55.980000000000004,43.22692535880316,At Risk,0.807284262912844,Offer Discount; Send Retention Campaign
15686,330.0,1,90.0,60.55055116110253,At Risk,0.8063100279596864,Offer Discount; Send Retention Campaign
15687,96.0,5,1679.45,346.641744662711,Loyal Customers,0.4497816732509783,Maintain Engagement
15688,328.0,1,190.57,68.0582202906649,At Risk,0.8073994366569379,Offer Discount; Send Retention Campaign
15689,29.0,3,521.03,171.85336159657834,Loyal Customers,0.5059456274151644,Maintain Engagement
15690,10.0,1,111.0,223.24191894466185,Loyal Customers,0.5503040865995935,Maintain Engagement
15691,162.0,4,571.3,100.57678473717544,Loyal Customers,0.4859535512774074,Maintain Engagement
15693,569.0,1,37.5,-63.33877166805701,At Risk,0.8164484588826956,Offer Discount; Send Retention Campaign
15694,85.0,19,7637.19,1465.55222337596,Loyal Customers,0.1233525833547907,Mark as VIP
15695,176.0,4,1131.04,203.57855970164502,Loyal Customers,0.486761858306265,Maintain Engagement
15696,130.0,11,2808.01,482.41528396542253,Loyal Customers,0.2857072869526042,Mark as VIP
15697,599.0,1,246.75,-64.94108858664185,At Risk,0.8201035526017313,Offer Discount; Send Retention Campaign
15698,533.0,1,46.2,-44.62643224219278,At Risk,0.814957066771481,Offer Discount; Send Retention Campaign
15700,81.0,2,696.68,350.6052399493194,Loyal Customers,0.5166617905120622,Maintain Engagement
15701,20.0,1,857.0,266.41042822934133,Loyal Customers,0.5648943264443896,Maintain Engagement
15702,386.0,2,140.39,0.8106460696760678,At Risk,0.7924103881670205,Offer Discount; Send Retention Campaign
15703,174.0,1,211.5,147.0529252188109,Loyal Customers,0.5640592814061608,Maintain Engagement
15704,50.0,6,3817.96,807.276989251934,Loyal Customers,0.41204999784602947,Mark as VIP
15705,111.0,1,143.1,174.39525869941633,Loyal Customers,0.5582321835617385,Maintain Engagement
15706,26.0,1,450.05,237.0862922718951,Loyal Customers,0.557777755034949,Maintain Engagement
15708,48.0,8,3714.9100000000003,771.1181144567718,Loyal Customers,0.35423606736047014,Mark as VIP
15709,193.0,2,327.85,66.42002830532152,Loyal Customers,0.5475034400899246,Maintain Engagement
15710,326.0,1,898.87,114.8404035317077,At Risk,0.8154747641880515,Offer Discount; Send Retention Campaign
15711,466.0,2,420.25,-56.348143477831854,At Risk,0.8028891298942537,Offer Discount; Send Retention Campaign
15712,19.0,10,3166.36,634.9741554096632,Loyal Customers,0.3020558847756081,Mark as VIP
15713,53.0,4,1010.79,241.73366223601755,Loyal Customers,0.47781762732822064,Maintain Engagement
15714,363.0,3,453.93,-6.725861719413274,At Risk,0.7776704392268893,Offer Discount; Send Retention Campaign
15715,465.0,5,658.02,-45.18482633417284,At Risk,0.7394706085580556,Offer Discount; Send Retention Campaign
15716,55.0,11,3056.81,575.6248551528911,Loyal Customers,0.2803910800865399,Mark as VIP
15717,144.0,5,607.0,100.55822743375415,Loyal Customers,0.45528125408941206,Maintain Engagement
15718,449.0,1,293.79,13.724295445080202,At Risk,0.8140472725420709,Offer Discount; Send Retention Campaign
15719,9.0,29,9246.12,1686.9239487179973,Loyal Customers,0.03991695849554104,Mark as VIP
15720,460.0,1,143.19,-1.5540849915181525,At Risk,0.8128155327015402,Offer Discount; Send Retention Campaign
15722,18.0,9,4460.34,937.0599378381933,Loyal Customers,0.32297683619538226,Mark as VIP
15723,274.0,4,947.65,118.9631147286089,At Risk,0.7516623277698717,Offer Discount; Send Retention Campaign
15724,111.0,3,310.85,93.08272432778227,Loyal Customers,0.5114809447559429,Maintain Engagement
15726,299.0,1,321.91,91.16697563300778,At Risk,0.8076134671022186,Offer Discount; Send Retention Campaign
15727,17.0,14,8875.84,1865.5445993778628,Loyal Customers,0.19494949065658393,Mark as VIP
15728,289.0,2,544.6,53.19609642147117,At Risk,0.7948921160156864,Offer Discount; Send Retention Campaign
15729,122.0,3,192.55,66.09384599389676,Loyal Customers,0.5120700435589853,Maintain Engagement
15730,2.0,4,1382.92,340.9629808780759,Loyal Customers,0.47388488437839377,Maintain Engagement
15731,463.0,1,125.3,-4.222733686383094,At Risk,0.8127445173523689,Offer Discount; Send Retention Campaign
15732,122.0,10,1682.07,252.8688724110969,Loyal Customers,0.31375791572687933,Maintain Engagement
15733,192.0,1,162.3,134.79832699667247,Loyal Customers,0.5644479616503971,Maintain Engagement
15734,24.0,4,2263.3,502.57972519327814,Loyal Customers,0.47521028960459266,Mark as VIP
15735,331.0,1,327.68,75.4064371237144,At Risk,0.8091370900284307,Offer Discount; Send Retention Campaign
15736,345.0,2,1815.72,388.1473294950987,At Risk,0.786362800494593,Offer Discount; Send Retention Campaign
15737,57.0,5,897.9300000000001,207.4485769622114,Loyal Customers,0.4479980708043808,Maintain Engagement
15738,6.0,38,12414.0,2252.4218827774594,Loyal Customers,0.013432824020232197,Mark as VIP
15741,367.0,2,208.62,-38.975713330736994,At Risk,0.7974465383284373,Offer Discount; Send Retention Campaign
15742,529.0,1,156.87,-35.45771220442589,At Risk,0.816034983254674,Offer Discount; Send Retention Campaign
15743,23.0,2,434.05,170.182349424545,Loyal Customers,0.5354719786800642,Maintain Engagement
15745,146.0,1,302.85,167.07315974224292,Loyal Customers,0.5637291123566067,Maintain Engagement
15746,44.0,1,196.88,211.65014526441007,Loyal Customers,0.5543739542699722,Maintain Engagement
15747,30.0,8,2138.04,434.63089495215365,Loyal Customers,0.35833528461597536,Mark as VIP
15748,358.0,2,465.45,175.6899331081505,At Risk,0.7814859733732703,Offer Discount; Send Retention Campaign
15749,145.0,3,44534.3,8116.193245736239,Loyal Customers,0.5910830796339852,Mark as VIP
15750,80.0,14,5441.541,1051.47296757717,Loyal Customers,0.20884457903581954,Mark as VIP
15751,370.0,11,1380.44,42.53109356811893,At Risk,0.5770201681435398,Send Retention Campaign
15752,3.0,8,3674.31,784.4319116296514,Loyal Customers,0.351416926196457,Mark as VIP
15753,214.0,1,79.2,118.33626529533478,Loyal Customers,0.5644975090734826,Maintain Engagement
15754,156.0,7,2670.84,501.2746535181535,Loyal Customers,0.39316667962639834,Mark as VIP
15755,18.0,14,4773.7,930.3916284492298,Loyal Customers,0.2080333280035916,Mark as VIP
15756,62.0,3,364.84,128.9926066120642,Loyal Customers,0.5077764053571007,Maintain Engagement
15757,127.0,5,2487.3,495.0907180525914,Loyal Customers,0.45096782896702964,Mark as VIP
15759,128.0,7,830.9300000000001,119.03252287493052,Loyal Customers,0.3967055687358574,Maintain Engagement
15760,540.0,2,13916.34,3042.6407507502627,At Risk,0.7546966913367162,Offer Discount; Mark as VIP; Send Retention Campaign
15761,352.0,1,143.05,52.88717488960748,At Risk,0.8079384858761637,Offer Discount; Send Retention Campaign
15764,17.0,7,4499.73,965.1725677537402,Loyal Customers,0.37809139604035674,Mark as VIP
15765,576.0,1,370.63,-45.33945236467048,At Risk,0.8204835104352102,Offer Discount; Send Retention Campaign
15766,366.0,2,516.0,8.09032440992678,At Risk,0.7986248761208963,Offer Discount; Send Retention Campaign
15768,25.0,34,15601.09,3072.8925047957673,Loyal Customers,0.01973052248668233,Mark as VIP
15769,11.0,39,74315.32,16829.04842876673,Loyal Customers,0.00267198406977735,Mark as VIP
15770,522.0,1,321.45,-21.292553172984412,At Risk,0.8175829064483386,Offer Discount; Send Retention Campaign
15771,514.0,3,1006.54,17.96691085787836,At Risk,0.7858692296925007,Offer Discount; Send Retention Campaign
15772,328.0,1,280.88,73.89449852180002,At Risk,0.808455443292356,Offer Discount; Send Retention Campaign
15773,319.0,1,138.84,69.25269781627782,At Risk,0.8063800694397115,Offer Discount; Send Retention Campaign
15774,328.0,5,1059.14,101.1802733613655,At Risk,0.7316991672580349,Offer Discount; Send Retention Campaign
15775,155.0,2,150.5,58.41593435080949,Loyal Customers,0.5436908898519432,Maintain Engagement
15776,43.0,1,241.62,215.0456345430473,Loyal Customers,0.5551340921478488,Maintain Engagement
15777,150.0,7,1762.61,309.16744645094934,Loyal Customers,0.3953887865490034,Maintain Engagement
15778,341.0,1,307.95,69.08969195232925,At Risk,0.8093610987175073,Offer Discount; Send Retention Campaign
15779,372.0,2,124.08000000000001,-52.9700208397885,At Risk,0.7972204405466427,Offer Discount; Send Retention Campaign
15780,93.0,3,475.28000000000003,132.2339934833998,Loyal Customers,0.5104235179371933,Maintain Engagement
15781,47.0,2,211.3,122.71600280819644,Loyal Customers,0.5360903738769989,Maintain Engagement
15782,340.0,1,1399.36,140.12616601872338,At Risk,0.8216856790922987,Offer Discount; Send Retention Campaign
15784,377.0,2,848.33,53.30030032970569,At Risk,0.8004220040175696,Offer Discount; Send Retention Campaign
15785,67.0,15,5306.79,1010.0030232535028,Loyal Customers,0.18997599916628155,Mark as VIP
15786,24.0,3,6743.46,1305.5727690427768,Loyal Customers,0.5165804708169762,Mark as VIP
15788,418.0,1,221.83,24.70313973655061,At Risk,0.8118378107563482,Offer Discount; Send Retention Campaign
15789,268.0,6,1962.01,306.4175146491632,At Risk,0.7023472705235242,Offer Discount; Send Retention Campaign
15791,114.0,4,3218.89,644.8953144573294,Loyal Customers,0.4814639106940642,Mark as VIP
15792,309.0,2,933.84,100.5691212626096,At Risk,0.7975502813378498,Offer Discount; Send Retention Campaign
15793,178.0,6,1740.6,304.2131989624338,Loyal Customers,0.42626225608976975,Maintain Engagement
15794,646.0,2,777.0,77.997493025719,At Risk,0.7968111178874122,Offer Discount; Send Retention Campaign
15795,59.0,8,1979.8700000000001,385.5343883997683,Loyal Customers,0.3608071890869451,Maintain Engagement
15796,19.0,14,4039.9900000000002,763.190929841525,Loyal Customers,0.2104346484509058,Mark as VIP
15797,22.0,6,2821.08,610.7258867423076,Loyal Customers,0.4125044759130498,Mark as VIP
15798,402.0,3,1535.37,169.0371304085715,At Risk,0.7810739729378793,Offer Discount; Send Retention Campaign
15799,95.0,3,1021.39,230.1213636556294,Loyal Customers,0.5115918360620297,Maintain Engagement
15800,17.0,7,1242.58,263.6217486837521,Loyal Customers,0.38771093832558107,Maintain Engagement
15801,19.0,1,137.22,220.39885922797083,Loyal Customers,0.5514470773912115,Maintain Engagement
15802,52.0,1,451.42,224.0664211077405,Loyal Customers,0.559686461737608,Maintain Engagement
15803,355.0,3,1513.84,188.56873998947123,At Risk,0.7787025770178985,Offer Discount; Send Retention Campaign
15804,4.0,5,2554.84,573.7916980356657,Loyal Customers,0.44152175953656714,Mark as VIP
15805,16.0,24,8228.75,1543.6639449439106,Loyal Customers,0.07071766024270917,Mark as VIP
15806,67.0,2,521.88,160.41474131211794,Loyal Customers,0.5393544310642615,Maintain Engagement
15807,318.0,2,913.62,92.82848260027151,At Risk,0.797909382333437,Offer Discount; Send Retention Campaign
15808,216.0,21,18409.93,3862.7802763965246,Loyal Customers,0.08356043151317781,Mark as VIP
15809,94.0,6,1157.88,223.94022864657086,Loyal Customers,0.4216034423348343,Maintain Engagement
15810,80.0,7,2968.25,603.3331108329619,Loyal Customers,0.3870140550517894,Mark as VIP
15811,15.0,6,3445.7,747.0135081802966,Loyal Customers,0.4103666377107552,Mark as VIP
15812,17.0,12,5201.47,1061.0618127600515,Loyal Customers,0.24782910242963962,Mark as VIP
15813,117.0,2,1303.9099999999999,258.5622672805079,Loyal Customers,0.5470922999053396,Maintain Engagement
15814,302.0,2,689.11,66.80939948170226,At Risk,0.7962579861189818,Offer Discount; Send Retention Campaign
15815,50.0,4,1874.7,415.23623591269234,Loyal Customers,0.47695143273090185,Mark as VIP
15816,452.0,2,144.14999999999998,79.30283807790124,At Risk,0.7848577253963038,Offer Discount; Send Retention Campaign
15817,330.0,3,2766.4,429.8551578373383,At Risk,0.7788663884365323,Offer Discount; Mark as VIP; Send Retention Campaign
15818,498.0,1,340.5,-7.961379782118797,At Risk,0.8167439257183904,Offer Discount; Send Retention Campaign
15819,41.0,9,3614.81,738.8358928559626,Loyal Customers,0.32735546257698817,Mark as VIP
15820,229.0,1,206.98,119.03149729603513,At Risk,0.8030317725535507,Offer Discount; Send Retention Campaign
15822,269.0,5,1394.79,199.15083781854867,At Risk,0.7279217131614008,Offer Discount; Send Retention Campaign
15823,282.0,3,3897.17,658.2109826412981,At Risk,0.7779560400486923,Offer Discount; Mark as VIP; Send Retention Campaign
15824,363.0,2,890.94,68.21859066705736,At Risk,0.79980182889248,Offer Discount; Send Retention Campaign
15825,82.0,1,532.94,214.20956074476516,Loyal Customers,0.5633688868477679,Maintain Engagement
15826,120.0,2,1663.97,306.88769604239724,Loyal Customers,0.5501952482133444,Maintain Engagement
15827,24.0,27,3556.14,388.525985599386,Loyal Customers,0.05666572230088441,Maintain Engagement
15828,284.0,1,1108.82,149.58352898539232,At Risk,0.8159980149682726,Offer Discount; Send Retention Campaign
15829,8.0,2,636.14,210.33466545329787,Loyal Customers,0.535332899358574,Maintain Engagement
15831,34.0,2,451.11,165.67940148081095,Loyal Customers,0.5366040325085162,Maintain Engagement
15832,164.0,1,836.79,192.50394838428565,Loyal Customers,0.5748903035487437,Maintain Engagement
15833,647.0,1,80.4,-99.89158378098648,At Risk,0.8203346102771144,Offer Discount; Send Retention Campaign
15834,75.0,6,3331.06,692.7368280581516,Loyal Customers,0.41489212510362544,Mark as VIP
15835,47.0,3,675.51,191.6773693519387,Loyal Customers,0.5074218718822155,Maintain Engagement
15837,395.0,1,385.03000000000003,46.84582855566788,At Risk,0.8126826784403339,Offer Discount; Send Retention Campaign
15838,18.0,27,54673.42,12344.994889022613,Loyal Customers,0.01793886841972943,Mark as VIP
15839,57.0,1,299.18,211.70707284761681,Loyal Customers,0.5572199837141287,Maintain Engagement
15840,82.0,1,241.74,195.39077854006382,Loyal Customers,0.5579640850777889,Maintain Engagement
15841,128.0,7,2131.61,399.02390150144424,Loyal Customers,0.3928433363715444,Maintain Engagement
15842,303.0,2,548.8,45.37394449523333,At Risk,0.7957114229076617,Offer Discount; Send Retention Campaign
15843,213.0,1,118.95,121.40927612891221,Loyal Customers,0.5651615179352492,Maintain Engagement
15845,54.0,8,3241.27,663.5388331800586,Loyal Customers,0.3563346556569296,Mark as VIP
15846,295.0,1,107.01,79.29575431643201,At Risk,0.8049004655577254,Offer Discount; Send Retention Campaign
15847,197.0,4,613.98,91.57208650739807,Loyal Customers,0.4884694970168655,Maintain Engagement
15848,531.0,1,139.94,-37.560151445247584,At Risk,0.815931656492955,Offer Discount; Send Retention Campaign
15850,78.0,5,938.75,201.481111501054,Loyal Customers,0.4499996147798083,Maintain Engagement
15851,436.0,1,109.73,8.383632858245733,At Risk,0.8113548051736194,Offer Discount; Send Retention Campaign
15852,96.0,3,257.26,90.36595589584743,Loyal Customers,0.510363206225396,Maintain Engagement
15854,50.0,18,5002.85,893.4267111612785,Loyal Customers,0.14207268507859525,Mark as VIP
15855,46.0,6,1052.72,225.99657305628392,Loyal Customers,0.41841657482234135,Maintain Engagement
15856,4.0,42,29274.71,6153.689841906401,Loyal Customers,0.005634375334775435,Mark as VIP
15857,339.0,1,273.48,67.87040933421684,At Risk,0.8088691903574322,Offer Discount; Send Retention Campaign
15858,199.0,10,3337.7400000000002,582.9915794640128,Loyal Customers,0.31262651668553404,Mark as VIP
15859,342.0,1,438.46,77.01972321412444,At Risk,0.8109189049118526,Offer Discount; Send Retention Campaign
15860,8.0,15,2295.14,350.9195387204369,Loyal Customers,0.19679368031392272,Maintain Engagement
15861,44.0,7,2366.43,491.845966886264,Loyal Customers,0.3862915569853221,Mark as VIP
15862,21.0,12,2755.14,506.89929689344535,Loyal Customers,0.25659045060344443,Mark as VIP
15863,102.0,4,299.06,77.28510289559114,Loyal Customers,0.4816597385984618,Maintain Engagement
15864,8.0,4,1202.3,302.66517762238584,Loyal Customers,0.47435980619692597,Maintain Engagement
15865,123.0,3,1667.72,332.91393169956166,Loyal Customers,0.5148752835737569,Maintain Engagement
15866,11.0,1,230.53,230.46236837744732,Loyal Customers,0.5526046070737559,Maintain Engagement
15867,22.0,28,8201.22,1455.7282785605578,Loyal Customers,0.045809016830379995,Mark as VIP
15868,493.0,1,94.53,-21.33632843729083,At Risk,0.8137309879238948,Offer Discount; Send Retention Campaign
15869,186.0,3,323.65999999999997,57.041243578735475,Loyal Customers,0.5170886664365221,Maintain Engagement
15870,306.0,3,508.52000000000004,34.67162773687221,At Risk,0.7745508075457073,Offer Discount; Send Retention Campaign
15871,347.0,1,33.099999999999994,48.30251042222193,At Risk,0.8064203929815993,Offer Discount; Send Retention Campaign
15872,288.0,2,434.75,35.26716119706157,At Risk,0.7945712817774564,Offer Discount; Send Retention Campaign
15873,409.0,4,313.91999999999996,268.8532261627065,At Risk,0.7208209628675086,Offer Discount; Send Retention Campaign
15874,87.0,20,9086.63,1782.1475310189514,Loyal Customers,0.10823091349822092,Mark as VIP
15875,555.0,1,111.72,-51.48393552573259,At Risk,0.8166700912740499,Offer Discount; Send Retention Campaign
15876,318.0,2,1449.14,178.23198342574818,At Risk,0.7996377929433128,Offer Discount; Send Retention Campaign
15878,471.0,2,330.77,-72.85180990470519,At Risk,0.8028107460244165,Offer Discount; Send Retention Campaign
15879,313.0,4,1157.3,139.91972095787304,At Risk,0.7537992056274101,Offer Discount; Send Retention Campaign
15880,279.0,1,686.5600000000001,124.81584985334246,At Risk,0.8109474703934365,Offer Discount; Send Retention Campaign
15881,221.0,5,501.39,47.134710275992745,Loyal Customers,0.460045703215415,Maintain Engagement
15882,108.0,8,1495.98,255.17764610520828,Loyal Customers,0.36572840878367124,Maintain Engagement
15884,341.0,2,249.70000000000002,-20.110460007115535,At Risk,0.7964188209361311,Offer Discount; Send Retention Campaign
15885,2.0,15,1951.82,275.5847683831531,Loyal Customers,0.19760106437371733,Maintain Engagement
15886,326.0,3,871.78,86.78046067919684,At Risk,0.7764115887793137,Offer Discount; Send Retention Campaign
15887,316.0,3,1027.15,120.38303989073881,At Risk,0.7760603247261055,Offer Discount; Send Retention Campaign
15888,310.0,2,260.85,-1.9724095699110649,At Risk,0.7949053003751408,Offer Discount; Send Retention Campaign
15889,66.0,8,1806.28,344.0236805173599,Loyal Customers,0.36186214949955087,Maintain Engagement
15890,304.0,5,535.65,6.096091585244608,At Risk,0.7309618109062723,Offer Discount; Send Retention Campaign
15891,136.0,1,524.52,186.44026507302829,Loyal Customers,0.5671115332867723,Maintain Engagement
15892,578.0,1,128.2,-62.014815325135714,At Risk,0.8178646495964179,Offer Discount; Send Retention Campaign
15893,391.0,1,305.28000000000003,43.708667730044624,At Risk,0.8115865346693953,Offer Discount; Send Retention Campaign
15894,163.0,2,420.29,96.57325533532872,Loyal Customers,0.54573791751,Maintain Engagement
15895,59.0,1,179.17,202.9430949060374,Loyal Customers,0.5551328187693051,Maintain Engagement
15897,104.0,2,222.05,266.63282952488345,Loyal Customers,0.5154865003572052,Maintain Engagement
15898,136.0,24,5210.42,780.5979042914939,Loyal Customers,0.07783234630914163,Mark as VIP
15899,278.0,1,112.5,88.22142694698942,At Risk,0.8041801317603258,Offer Discount; Send Retention Campaign
15900,323.0,3,549.29,29.989003631681044,At Risk,0.7758292563763307,Offer Discount; Send Retention Campaign
15901,64.0,5,449.83,108.54609614106602,Loyal Customers,0.44972779599784857,Maintain Engagement
15902,289.0,1,145.01,84.77651907049716,At Risk,0.8050732501596305,Offer Discount; Send Retention Campaign
15903,137.0,7,4454.72,894.6501214560825,Loyal Customers,0.3865945915374639,Mark as VIP
15905,452.0,1,114.69,0.6374603517953119,At Risk,0.8121302435471169,Offer Discount; Send Retention Campaign
15906,54.0,7,1785.66,362.6620870805008,Loyal Customers,0.38858044884315557,Maintain Engagement
15907,86.0,2,529.52,155.76814996840608,Loyal Customers,0.5402415288871403,Maintain Engagement
15908,400.0,2,764.57,36.28082288498888,At Risk,0.8004941624854575,Offer Discount; Send Retention Campaign
15909,83.0,1,191.94,191.66828707064423,Loyal Customers,0.5571108512871202,Maintain Engagement
15910,8.0,12,2112.98,368.57385858085723,Loyal Customers,0.2581258734106351,Maintain Engagement
15911,533.0,8,1702.34,91.16609235211291,At Risk,0.6682292371779035,Send Retention Campaign
15912,88.0,9,1074.7,154.06367042401945,Loyal Customers,0.339286929687066,Maintain Engagement
15913,443.0,1,6.300000000000001,-1.8297111600861626,At Risk,0.8104751191886509,Offer Discount; Send Retention Campaign
15914,287.0,2,205.99,171.92081310928666,At Risk,0.776818577796835,Offer Discount; Send Retention Campaign
15915,311.0,1,429.21,92.05119742337246,At Risk,0.8094110242128696,Offer Discount; Send Retention Campaign
15916,101.0,10,2747.61,500.57627550765176,Loyal Customers,0.30862945871747505,Mark as VIP
15917,157.0,5,560.63,84.16660698081898,Loyal Customers,0.4563506708336414,Maintain Engagement
15918,100.0,3,582.88,147.36628352728349,Loyal Customers,0.5112586418284584,Maintain Engagement
15919,278.0,1,541.44,115.94164823436785,At Risk,0.8092199432302406,Offer Discount; Send Retention Campaign
15920,64.0,9,571.64,55.02369651698922,Loyal Customers,0.33948000315108856,Maintain Engagement
15921,82.0,4,802.11,186.26514373255202,Loyal Customers,0.4799985655398667,Maintain Engagement
15922,283.0,1,739.0,126.18810359788614,At Risk,0.8117321844328034,Offer Discount; Send Retention Campaign
15923,282.0,1,254.16,95.35951773927849,At Risk,0.8060393999866815,Offer Discount; Send Retention Campaign
15924,641.0,1,102.82,-95.41767557482387,At Risk,0.8203238030968212,Offer Discount; Send Retention Campaign
15925,104.0,1,207.15,182.06367262426903,Loyal Customers,0.5589151278121243,Maintain Engagement
15926,452.0,1,134.44,1.9138028948682404,At Risk,0.8123571996706659,Offer Discount; Send Retention Campaign
15927,557.0,1,123.39000000000001,-51.73810151430689,At Risk,0.816889617687152,Offer Discount; Send Retention Campaign
15928,566.0,1,293.53,-45.280340025982014,At Risk,0.8191914768609568,Offer Discount; Send Retention Campaign
15929,554.0,1,594.0,-19.812450485264662,At Risk,0.8220055550672617,Offer Discount; Send Retention Campaign
15931,337.0,1,239.9,66.70864291171637,At Risk,0.8083867013727788,Offer Discount; Send Retention Campaign
15932,17.0,6,1885.95,417.814144901353,Loyal Customers,0.41413720770546203,Mark as VIP
15934,327.0,2,2190.66,297.99779809234695,At Risk,0.8018730025907249,Offer Discount; Send Retention Campaign
15935,149.0,2,416.86,187.6322231791554,Loyal Customers,0.5324582392524614,Maintain Engagement
15936,288.0,2,282.79,13.043636278454187,At Risk,0.7938811090747374,Offer Discount; Send Retention Campaign
15938,22.0,9,734.81,112.61949116682109,Loyal Customers,0.3360974280674695,Maintain Engagement
15939,17.0,15,8805.630000000001,1837.7407040788578,Loyal Customers,0.17695780331371147,Mark as VIP
15940,220.0,1,35.8,112.5065258712649,At Risk,0.8005617564792512,Offer Discount; Send Retention Campaign
15941,547.0,1,405.0,-28.497377346468625,At Risk,0.8196084278389387,Offer Discount; Send Retention Campaign
15942,43.0,1,337.44,221.23799618746528,Loyal Customers,0.5569164810623578,Maintain Engagement
15943,559.0,2,271.28999999999996,-121.15067339066536,At Risk,0.8061800641464983,Offer Discount; Send Retention Campaign
15944,186.0,4,2164.24,401.41643480318027,Loyal Customers,0.4871313671255866,Maintain Engagement
15945,275.0,4,827.27,94.09216494006688,At Risk,0.7518281437565023,Offer Discount; Send Retention Campaign
15946,412.0,3,2304.18,304.3461080014562,At Risk,0.7824451340886227,Offer Discount; Send Retention Campaign
15948,334.0,1,553.85,88.51015101428692,At Risk,0.8118897954536284,Offer Discount; Send Retention Campaign
15950,16.0,8,6506.58,1395.7198288260868,Loyal Customers,0.34322669565341196,Mark as VIP
15951,195.0,2,680.12,120.37635378712145,Loyal Customers,0.5495759439154466,Maintain Engagement
15952,69.0,2,327.8,130.97201567508534,Loyal Customers,0.5381675383419918,Maintain Engagement
15953,121.0,14,2836.31,437.49524391016274,Loyal Customers,0.21950588977426683,Mark as VIP
15954,499.0,1,190.75,-18.143133893570962,At Risk,0.8150932634248641,Offer Discount; Send Retention Campaign
15955,16.0,16,6705.75,1338.797062012355,Loyal Customers,0.1664690671868756,Mark as VIP
15956,461.0,2,617.6,-24.094293585669107,At Risk,0.8034436691861712,Offer Discount; Send Retention Campaign
15957,330.0,2,501.21,195.25973564663894,At Risk,0.7802261349422398,Offer Discount; Send Retention Campaign
15958,313.0,3,388.64,5.839785183696222,At Risk,0.7751183563795424,Offer Discount; Send Retention Campaign
15959,591.0,3,579.49,156.67654564601696,At Risk,0.7633465029974202,Offer Discount; Send Retention Campaign
15960,283.0,4,410.95,12.999629461765835,At Risk,0.7518664704997916,Offer Discount; Send Retention Campaign
15961,288.0,1,451.28999999999996,105.07401486636519,At Risk,0.8086240691816992,Offer Discount; Send Retention Campaign
15962,359.0,1,295.83,59.231386464223704,At Risk,0.810035209619985,Offer Discount; Send Retention Campaign
15964,573.0,1,272.96000000000004,-50.138861607907415,At Risk,0.8192664874539053,Offer Discount; Send Retention Campaign
15965,277.0,10,2323.64,318.11854185111326,At Risk,0.5947782540454418,Send Retention Campaign
15966,360.0,1,426.53,67.17369646440778,At Risk,0.8115909788545425,Offer Discount; Send Retention Campaign
15967,228.0,11,2796.57,430.6543701253881,Loyal Customers,0.291635064790343,Mark as VIP
15968,298.0,1,418.05,97.88418677057945,At Risk,0.808691092068764,Offer Discount; Send Retention Campaign
15969,95.0,3,769.65,184.02083505223675,Loyal Customers,0.511195613963092,Maintain Engagement
15970,213.0,2,1017.3199999999999,161.49330487173006,Loyal Customers,0.5530755345299453,Maintain Engagement
15971,18.0,13,3812.4300000000003,729.5278951604554,Loyal Customers,0.23126018153972275,Mark as VIP
15972,366.0,5,1810.27,237.36150308108466,At Risk,0.7327834945163917,Offer Discount; Send Retention Campaign
15973,276.0,3,988.44,135.93175945428692,At Risk,0.7737167862189256,Offer Discount; Send Retention Campaign
15974,5.0,6,2895.01,636.6665049576828,Loyal Customers,0.41086693411316183,Mark as VIP
15976,75.0,6,1746.6399999999999,357.65760687747223,Loyal Customers,0.41883011661880304,Maintain Engagement
15978,342.0,2,2180.64,274.0827209112611,At Risk,0.8038992288610275,Offer Discount; Send Retention Campaign
15979,512.0,1,329.21999999999997,-15.748722270721146,At Risk,0.8172318091339325,Offer Discount; Send Retention Campaign
15980,164.0,5,4955.0,982.94918447706,Loyal Customers,0.44962940649340144,Mark as VIP
15981,47.0,19,8412.49,1664.3320712743955,Loyal Customers,0.12033378436856029,Mark as VIP
15982,515.0,1,324.51,-17.56561427101883,At Risk,0.8173104285473229,Offer Discount; Send Retention Campaign
15983,270.0,7,3632.07,650.8482721914806,At Risk,0.6724595773421786,Mark as VIP; Send Retention Campaign
15984,10.0,27,7770.41,1380.7626191436495,Loyal Customers,0.05145672346981242,Mark as VIP
15985,32.0,7,2715.28,573.2563620987808,Loyal Customers,0.3843930830293434,Mark as VIP
15986,291.0,1,186.3,86.43654377183788,At Risk,0.8056530568507115,Offer Discount; Send Retention Campaign
15987,30.0,7,1437.27,300.13035855461567,Loyal Customers,0.38788373502028917,Maintain Engagement
15988,461.0,2,612.0600000000001,-24.2837026617932,At Risk,0.8033622157551334,Offer Discount; Send Retention Campaign
15989,285.0,2,372.51,26.759153648262895,At Risk,0.7942322136808512,Offer Discount; Send Retention Campaign
15990,197.0,6,1619.31,269.3588947418878,Loyal Customers,0.4278779043738717,Maintain Engagement
15991,444.0,1,150.55,6.988266762054195,At Risk,0.8121839186240499,Offer Discount; Send Retention Campaign
15992,306.0,2,854.61,92.22887828469356,At Risk,0.7968884768830461,Offer Discount; Send Retention Campaign
15994,321.0,2,775.11,70.29314972552652,At Risk,0.7975025086659593,Offer Discount; Send Retention Campaign
15995,324.0,1,696.19,102.75055994294684,At Risk,0.8130762867045183,Offer Discount; Send Retention Campaign
15996,26.0,6,1534.08,338.00014925706694,Loyal Customers,0.41577439888261747,Maintain Engagement
15998,81.0,14,7330.43,1481.2683126080537,Loyal Customers,0.20279951032057403,Mark as VIP
15999,645.0,1,20.4,-102.76074108895477,At Risk,0.819580430699602,Offer Discount; Send Retention Campaign
16001,290.0,1,583.39,112.60263026828602,At Risk,0.8102500818394284,Offer Discount; Send Retention Campaign
16002,535.0,1,169.21,-37.68525753477991,At Risk,0.8164388507860886,Offer Discount; Send Retention Campaign
16003,44.0,8,4672.36,980.9790511723633,Loyal Customers,0.35102018831965076,Mark as VIP
16004,384.0,5,2146.39,296.3216207264674,At Risk,0.7334933048433144,Offer Discount; Send Retention Campaign
16005,92.0,8,2118.91,400.56466873948557,Loyal Customers,0.36241262790917367,Maintain Engagement
16006,121.0,2,347.17,106.07978011584385,Loyal Customers,0.5423139792422865,Maintain Engagement
16007,90.0,5,2106.65,435.51276270574124,Loyal Customers,0.44891355162804325,Mark as VIP
16008,114.0,13,5044.5,961.4442405454113,Loyal Customers,0.23198904660811304,Mark as VIP
16009,69.0,1,462.19,216.19154998353065,Loyal Customers,0.5611167519818823,Maintain Engagement
16010,155.0,11,1724.06,230.28500315709329,Loyal Customers,0.29071737771677136,Maintain Engagement
16011,2.0,25,4713.16,710.9430135470866,Loyal Customers,0.06818083458647961,Mark as VIP
16012,38.0,4,2706.62,582.6612176746648,Loyal Customers,0.4760669958701093,Mark as VIP
16013,8.0,72,43725.18,8987.12573095075,Loyal Customers,0.00012250690947560703,Mark as VIP
16014,61.0,4,997.82,235.21484724443303,Loyal Customers,0.47839972323513325,Maintain Engagement
16016,106.0,7,1842.75,349.6827520331163,Loyal Customers,0.3919153479925285,Maintain Engagement
16017,327.0,4,1341.95,169.24852534865653,At Risk,0.7544994879607266,Offer Discount; Send Retention Campaign
16018,90.0,3,451.13,128.34179173987644,Loyal Customers,0.5103082800757982,Maintain Engagement
16019,46.0,25,16631.86,3470.0376216049435,Loyal Customers,0.053362659485829966,Mark as VIP
16021,305.0,2,532.25,41.712640422132495,At Risk,0.7957542001456166,Offer Discount; Send Retention Campaign
16022,170.0,1,628.28,176.00398530012558,Loyal Customers,0.5714778010806487,Maintain Engagement
16023,102.0,2,500.69,140.41668390051387,Loyal Customers,0.5416538450936422,Maintain Engagement
16024,321.0,2,232.96,158.89171537197194,At Risk,0.7786578289223478,Offer Discount; Send Retention Campaign
16027,1.0,15,2048.36,298.1118678248306,Loyal Customers,0.19724980590927785,Maintain Engagement
16028,505.0,1,82.2,-28.18318808630943,At Risk,0.8141242017131797,Offer Discount; Send Retention Campaign
16029,3.0,96,95488.44,20840.17959174138,Champions,1.4521505770979438e-05,Mark as VIP
16030,219.0,1,331.24,132.10348732956783,At Risk,0.8040461057425405,Offer Discount; Send Retention Campaign
16031,2.0,2,548.94,196.98357945141748,Loyal Customers,0.5348168015162599,Maintain Engagement
16032,365.0,6,1970.45,265.050116549333,At Risk,0.7075593077586242,Offer Discount; Send Retention Campaign
16033,18.0,23,7898.03,1486.9443234136552,Loyal Customers,0.07923098840833606,Mark as VIP
16034,105.0,6,928.72,170.97883727871692,Loyal Customers,0.42281438996966686,Maintain Engagement
16035,470.0,1,217.73,-1.778637173764423,At Risk,0.8141136005320077,Offer Discount; Send Retention Campaign
16036,173.0,3,1986.65,365.8773470386035,Loyal Customers,0.5190789006271463,Maintain Engagement
16037,179.0,5,1509.3400000000001,268.01760739580243,Loyal Customers,0.4563708113013217,Maintain Engagement
16038,87.0,2,393.33,136.45130646204342,Loyal Customers,0.5392143992557795,Maintain Engagement
16039,333.0,2,456.4,15.718202131046382,At Risk,0.7968208324381377,Offer Discount; Send Retention Campaign
16040,57.0,6,1979.53,415.667128877076,Loyal Customers,0.4170095327586573,Mark as VIP
16041,50.0,2,2739.8,677.790651103619,Loyal Customers,0.526701871383613,Mark as VIP
16042,17.0,5,1528.1299999999999,353.6541902845544,Loyal Customers,0.44454416149042036,Maintain Engagement
16043,121.0,7,1759.0900000000001,323.41941707521835,Loyal Customers,0.3933102826250355,Maintain Engagement
16044,344.0,1,340.84000000000003,69.70269765428696,At Risk,0.8098789441234573,Offer Discount; Send Retention Campaign
16045,29.0,8,3434.93,718.9754128453166,Loyal Customers,0.35394874755904615,Mark as VIP
16046,472.0,1,235.78,-1.6204960522220517,At Risk,0.8144081666113432,Offer Discount; Send Retention Campaign
16047,591.0,1,107.14,-9882.147278331959,At Risk,0.9992701002771963,Offer Discount; Send Retention Campaign
16048,283.0,4,1075.23,139.79393220406916,At Risk,0.752087570303409,Offer Discount; Send Retention Campaign
16049,285.0,3,787.89,92.60644666859025,At Risk,0.7741685380550921,Offer Discount; Send Retention Campaign
16050,83.0,3,300.7,105.19446013929735,Loyal Customers,0.5094306701470256,Maintain Engagement
16051,591.0,1,188.44,-64.67601267163252,At Risk,0.819106428848093,Offer Discount; Send Retention Campaign
16053,32.0,5,3247.08,698.4750716308268,Loyal Customers,0.44289695965402603,Mark as VIP
16054,55.0,4,2111.88,457.1421327696463,Loyal Customers,0.4775463367821612,Mark as VIP
16055,130.0,1,134.8,164.27965096516067,Loyal Customers,0.5594541468928599,Maintain Engagement
16057,6.0,9,3135.96,650.4706915773883,Loyal Customers,0.32677811268128687,Mark as VIP
16058,315.0,1,62.7,66.34883302004647,At Risk,0.8052985363961553,Offer Discount; Send Retention Campaign
16059,73.0,10,2709.21,506.66025072171465,Loyal Customers,0.3069495708371868,Mark as VIP
16060,310.0,3,541.95,36.2401360373658,At Risk,0.7750505176513136,Offer Discount; Send Retention Campaign
16061,341.0,1,89.65,54.98206779269236,At Risk,0.8068101164866311,Offer Discount; Send Retention Campaign
16062,43.0,7,2487.97,518.9048087930161,Loyal Customers,0.3858098653939742,Mark as VIP
16063,170.0,1,335.32,157.0714632029783,Loyal Customers,0.5660634903660023,Maintain Engagement
16064,634.0,1,111.0,-91.35985698574268,At Risk,0.8201114420249376,Offer Discount; Send Retention Campaign
16065,275.0,8,2382.62,370.41017042818555,At Risk,0.6489316315514447,Send Retention Campaign
16066,34.0,1,316.38,224.41452058882754,Loyal Customers,0.5558721924029538,Maintain Engagement
16067,472.0,3,3395.29,472.7708595054231,At Risk,0.786698015307189,Offer Discount; Mark as VIP; Send Retention Campaign
16068,503.0,1,122.93,-24.54267529991114,At Risk,0.8144994260637162,Offer Discount; Send Retention Campaign
16069,327.0,1,457.7,85.82564972899826,At Risk,0.8104650909597582,Offer Discount; Send Retention Campaign
16071,437.0,3,750.5600000000001,9.388630480180723,At Risk,0.78181485666039,Offer Discount; Send Retention Campaign
16072,198.0,4,4328.89,821.1107399214328,Loyal Customers,0.4871477022927361,Mark as VIP
16073,207.0,1,122.4,124.6572492443359,Loyal Customers,0.5647921752917774,Maintain Engagement
16074,300.0,1,265.25,87.00115708280424,At Risk,0.8069949988885358,Offer Discount; Send Retention Campaign
16075,412.0,2,736.9300000000001,20.64392448679098,At Risk,0.8014487800385043,Offer Discount; Send Retention Campaign
16076,2.0,5,1357.98,328.7972361430968,Loyal Customers,0.44337302653038835,Maintain Engagement
16077,535.0,1,2300.4,100.04276597771133,At Risk,0.8392951949410506,Offer Discount; Send Retention Campaign
16078,193.0,2,362.99,71.6613325218849,Loyal Customers,0.5477306076924666,Maintain Engagement
16080,184.0,3,515.66,93.67794512463144,Loyal Customers,0.5171758646509996,Maintain Engagement
16081,95.0,6,2645.65,537.0407646635261,Loyal Customers,0.41811662125958515,Mark as VIP
16082,580.0,1,106.75,-64.4093592897392,At Risk,0.8177113582519546,Offer Discount; Send Retention Campaign
16083,10.0,4,2351.42,527.3493045148781,Loyal Customers,0.474094385195265,Mark as VIP
16084,208.0,1,436.18,144.43109305645925,Loyal Customers,0.5706667160262118,Maintain Engagement
16085,146.0,9,1687.06,260.3609446313466,Loyal Customers,0.34091672875622947,Maintain Engagement
16086,8.0,9,2643.3,540.5979520997212,Loyal Customers,0.32861745748845783,Mark as VIP
16087,298.0,5,1739.92,255.6345119575589,At Risk,0.7291260332749158,Offer Discount; Send Retention Campaign
16088,485.0,2,1437.43,99.30803333428685,At Risk,0.8066984728688393,Offer Discount; Send Retention Campaign
16089,296.0,2,271.44,6.734680578571556,At Risk,0.7942725148156777,Offer Discount; Send Retention Campaign
16090,534.0,1,205.91,-34.80935276481637,At Risk,0.8168089752432492,Offer Discount; Send Retention Campaign
16091,64.0,2,315.06,132.94439330125869,Loyal Customers,0.5375239793591282,Maintain Engagement
16092,24.0,6,1587.94,349.6456207551503,Loyal Customers,0.41560455511546174,Maintain Engagement
16093,16.0,1,17.0,214.1421576127695,Loyal Customers,0.5489871097845961,Maintain Engagement
16094,129.0,8,2869.43,545.0401530592825,Loyal Customers,0.36255784178503375,Mark as VIP
16095,365.0,1,447.05,65.97895264688094,At Risk,0.8120515952077454,Offer Discount; Send Retention Campaign
16096,174.0,4,1584.97,293.82360270629835,Loyal Customers,0.48643998754478157,Maintain Engagement
16097,150.0,1,185.04999999999998,157.44366389019206,Loyal Customers,0.561834142776989,Maintain Engagement
16098,37.0,13,4154.96,797.7288338069626,Loyal Customers,0.23107670827966914,Mark as VIP
16099,47.0,6,1433.4,305.33503080859884,Loyal Customers,0.41763541068178733,Maintain Engagement
16100,372.0,1,582.64,71.21226152198204,At Risk,0.8139176467316999,Offer Discount; Send Retention Campaign
16101,344.0,3,1938.46,272.2276386459107,At Risk,0.7785710832046869,Offer Discount; Send Retention Campaign
16102,8.0,2,1392.84,327.4604488698526,Loyal Customers,0.5396245672132495,Maintain Engagement
16103,67.0,20,5918.47,1058.4670545163824,Loyal Customers,0.1145306359058707,Mark as VIP
16104,328.0,8,2476.25,359.2341728015619,At Risk,0.6528158725801699,Send Retention Campaign
16105,158.0,5,2386.19,458.61696998400777,Loyal Customers,0.45340217675998656,Mark as VIP
16107,13.0,3,1494.1200000000001,359.55460712727927,Loyal Customers,0.5060937986189027,Maintain Engagement
16108,344.0,3,1393.42,172.41274182390146,At Risk,0.777978945901662,Offer Discount; Send Retention Campaign
16109,128.0,3,939.48,198.02545887857514,Loyal Customers,0.5139518023228942,Maintain Engagement
16110,172.0,3,1175.72,219.2392291211881,Loyal Customers,0.5175322017781723,Maintain Engagement
16111,337.0,1,562.48,87.55535569877878,At Risk,0.8121236035333753,Offer Discount; Send Retention Campaign
16112,53.0,4,195.74,82.81027390830059,Loyal Customers,0.47794190054493696,Maintain Engagement
16113,92.0,1,161.38,185.1558233237921,Loyal Customers,0.5571950654855363,Maintain Engagement
16114,80.0,1,135.75000000000003,189.54952029255492,Loyal Customers,0.5558483252993166,Maintain Engagement
16115,27.0,9,1838.85,353.8543921068981,Loyal Customers,0.3325803237454985,Maintain Engagement
16116,121.0,1,612.78,199.70660487007416,Loyal Customers,0.5676622876072366,Maintain Engagement
16117,99.0,3,654.4,160.9296484787654,Loyal Customers,0.5113033473140902,Maintain Engagement
16118,562.0,1,4376.25,220.58186852890015,At Risk,0.8602472062583922,Offer Discount; Send Retention Campaign
16119,304.0,6,1297.45,147.62162701201038,At Risk,0.705978332367382,Offer Discount; Send Retention Campaign
16120,332.0,2,1747.77,384.3398114709928,At Risk,0.7854440531673793,Offer Discount; Send Retention Campaign
16121,125.0,4,897.87,183.64320254745934,Loyal Customers,0.4830817556314087,Maintain Engagement
16122,22.0,5,867.18,215.63548382159433,Loyal Customers,0.44595984141329453,Maintain Engagement
16124,227.0,4,1772.49,303.85951495126164,Loyal Customers,0.49027376673187345,Maintain Engagement
16125,277.0,14,4587.65,758.8720628265496,At Risk,0.46853691897978883,Mark as VIP; Send Retention Campaign
16126,11.0,14,12065.73,2595.0474871501474,Loyal Customers,0.18500995082310173,Mark as VIP
16127,636.0,1,145.06,-90.1670705925751,At Risk,0.8205762859175391,Offer Discount; Send Retention Campaign
16128,53.0,8,2615.53,527.981578594066,Loyal Customers,0.3582351337362789,Mark as VIP
16129,317.0,3,1396.05,187.77404238856923,At Risk,0.7764805660145547,Offer Discount; Send Retention Campaign
16130,332.0,4,987.48,97.6630119334348,At Risk,0.7548059540998349,Offer Discount; Send Retention Campaign
16131,25.0,10,8729.38,1871.3093818884415,Loyal Customers,0.28307091220385294,Mark as VIP
16132,454.0,2,664.1999999999999,-12.369374349887721,At Risk,0.8031962456282168,Offer Discount; Send Retention Campaign
16133,11.0,46,19022.49,3650.1184976949407,Loyal Customers,0.004578690943645422,Mark as VIP
16134,269.0,4,1810.78,291.27731768314834,At Risk,0.7511266668903501,Offer Discount; Send Retention Campaign
16135,172.0,2,819.4499999999999,151.94374624776742,Loyal Customers,0.5489201025494717,Maintain Engagement
16136,187.0,2,396.72,79.82985029837226,Loyal Customers,0.547495737468236,Maintain Engagement
16137,590.0,1,422.7,-49.03280497460594,At Risk,0.8216641719422854,Offer Discount; Send Retention Campaign
16138,288.0,3,910.35,112.74163227608307,At Risk,0.7745365459442387,Offer Discount; Send Retention Campaign
16139,22.0,4,782.11,212.4030496926182,Loyal Customers,0.4756344369647457,Maintain Engagement
16140,281.0,2,956.5600000000001,119.81898197706568,At Risk,0.7961500982429935,Offer Discount; Send Retention Campaign
16141,327.0,1,335.54,77.93106719422389,At Risk,0.8090470577388595,Offer Discount; Send Retention Campaign
16142,159.0,1,535.34,175.54360811950914,Loyal Customers,0.568969567899202,Maintain Engagement
16143,17.0,11,4435.25,903.9870663523352,Loyal Customers,0.2732716989087616,Mark as VIP
16144,156.0,1,175.2,153.7820911658738,Loyal Customers,0.5620853493394973,Maintain Engagement
16145,9.0,16,5606.26,1090.46082304647,Loyal Customers,0.16932681659627669,Mark as VIP
16146,67.0,4,946.38,222.612838214185,Loyal Customers,0.4787815533461642,Maintain Engagement
16147,43.0,5,2398.91,518.7946255907912,Loyal Customers,0.4450818329646717,Mark as VIP
16148,206.0,2,386.62,69.49247330285982,Loyal Customers,0.5487050194472735,Maintain Engagement
16149,52.0,2,305.38,134.11894336358654,Loyal Customers,0.5370818647822245,Maintain Engagement
16150,38.0,8,3751.27,782.8631581834952,Loyal Customers,0.35361069015981683,Mark as VIP
16152,178.0,1,1829.04,249.56967081973522,Loyal Customers,0.5940450313730034,Maintain Engagement
16153,25.0,10,4332.8,892.3729702364001,Loyal Customers,0.2982390641108214,Mark as VIP
16155,291.0,5,796.9,66.93537094857692,At Risk,0.7297944334583969,Offer Discount; Send Retention Campaign
16156,61.0,16,4541.31,819.4826530668388,Loyal Customers,0.17467456630561567,Mark as VIP
16158,432.0,9,628.32,-115.68077200914092,At Risk,0.6392581305959094,Send Retention Campaign
16159,191.0,4,1232.79,215.92717731081257,Loyal Customers,0.4878369238060171,Maintain Engagement
16161,50.0,36,10319.94,1778.4811385702371,Loyal Customers,0.01794016211030846,Mark as VIP
16162,162.0,1,37.4,141.8517575106095,Loyal Customers,0.5599622621390513,Maintain Engagement
16163,142.0,6,2849.58,556.3543220286974,Loyal Customers,0.4209882495928736,Mark as VIP
16165,415.0,1,79.9,17.04343069805236,At Risk,0.8100630998497433,Offer Discount; Send Retention Campaign
16166,338.0,2,435.83,9.871439305956756,At Risk,0.7969960090752432,Offer Discount; Send Retention Campaign
16167,324.0,5,1386.12,169.81673220142022,At Risk,0.7311012798170095,Offer Discount; Send Retention Campaign
16168,4.0,57,9480.99,1162.5656623040052,Loyal Customers,0.0016428221571138603,Mark as VIP
16170,22.0,19,6544.61,1244.866031431804,Loyal Customers,0.123907792853727,Mark as VIP
16172,5.0,8,1884.55,392.3185495781745,Loyal Customers,0.3574181728588265,Maintain Engagement
16173,1.0,2,635.05,238.1747680832554,Loyal Customers,0.5312645630141521,Maintain Engagement
16174,36.0,7,2246.75,470.27818847799847,Loyal Customers,0.3860646606256066,Mark as VIP
16175,4.0,7,1836.44,398.11068381150454,Loyal Customers,0.38504216663891894,Maintain Engagement
16176,331.0,4,2052.69,307.372306121586,At Risk,0.7544687530669055,Offer Discount; Send Retention Campaign
16177,346.0,7,1915.36,244.2557983555365,At Risk,0.6818424808972697,Send Retention Campaign
16178,47.0,2,612.6,183.5404929350513,Loyal Customers,0.5385534679757321,Maintain Engagement
16180,9.0,13,16249.87,3556.1319906007775,Loyal Customers,0.19111912733819658,Mark as VIP
16182,39.0,8,8198.0,1753.666858366502,Loyal Customers,0.3393076596577289,Mark as VIP
16183,304.0,3,739.1,93.83293764234224,At Risk,0.7730777528074545,Offer Discount; Send Retention Campaign
16184,15.0,5,985.8000000000001,246.22429264336358,Loyal Customers,0.44486819416905077,Maintain Engagement
16185,142.0,2,450.31,110.76077344656369,Loyal Customers,0.5445291765843897,Maintain Engagement
16186,13.0,23,7715.7,1444.9328062546313,Loyal Customers,0.07951418587639236,Mark as VIP
16187,9.0,12,5395.7,1112.841791659228,Loyal Customers,0.24629944391644673,Mark as VIP
16188,50.0,4,860.83,214.48600616561538,Loyal Customers,0.47755081307987657,Maintain Engagement
16190,304.0,7,2508.4700000000003,392.056024623864,At Risk,0.6776852174048874,Send Retention Campaign
16191,172.0,19,13123.18,2690.114536515539,Loyal Customers,0.11358281207986819,Mark as VIP
16192,645.0,1,351.3,-81.37634881032943,At Risk,0.8232380354176597,Offer Discount; Send Retention Campaign
16193,146.0,2,630.43,136.68120445621793,Loyal Customers,0.5458312433318708,Maintain Engagement
16194,285.0,1,308.6,97.3651908743106,At Risk,0.8068173336247627,Offer Discount; Send Retention Campaign
16195,633.0,1,323.25,-77.13904419367987,At Risk,0.8224159611592847,Offer Discount; Send Retention Campaign
16196,398.0,1,93.3,26.480286595228108,At Risk,0.809449262331095,Offer Discount; Send Retention Campaign
16197,379.0,9,2016.71,217.01747774052234,At Risk,0.6306904209442231,Send Retention Campaign
16198,347.0,1,629.36,86.83577648463682,At Risk,0.8133377546458875,Offer Discount; Send Retention Campaign
16199,302.0,7,942.75,56.74624273165051,At Risk,0.6817014085201555,Send Retention Campaign
16200,74.0,11,5113.4,1027.540541560598,Loyal Customers,0.2741944207020307,Mark as VIP
16201,19.0,2,552.45,188.3948640821274,Loyal Customers,0.5361603501605593,Maintain Engagement
16202,270.0,9,2501.99,378.14746385790363,At Risk,0.6215491589957746,Send Retention Campaign
16203,57.0,5,899.9399999999999,204.5418402789012,Loyal Customers,0.44847315822047124,Maintain Engagement
16204,290.0,2,538.53,49.5697375680391,At Risk,0.7951246992957635,Offer Discount; Send Retention Campaign
16205,89.0,4,1181.58,257.48791683360656,Loyal Customers,0.4803433719898463,Maintain Engagement
16206,34.0,12,2475.12,437.29571935417937,Loyal Customers,0.2582944751112379,Mark as VIP
16208,199.0,9,3273.78,584.451759289737,Loyal Customers,0.3387771064954289,Mark as VIP
16209,29.0,8,4001.06,842.4033313992576,Loyal Customers,0.3521341364251894,Mark as VIP
16210,8.0,28,28652.170000000002,6249.77909546262,Loyal Customers,0.028782598207083315,Mark as VIP
16211,331.0,2,543.5699999999999,39.92825212735988,At Risk,0.7961308559616064,Offer Discount; Send Retention Campaign
16212,193.0,3,1101.52,194.83968953244454,Loyal Customers,0.5189884027988011,Maintain Engagement
16214,80.0,4,2038.25,430.64806154505806,Loyal Customers,0.4793224024845939,Mark as VIP
16216,177.0,1,914.9300000000001,190.99953744391559,Loyal Customers,0.5772609197009472,Maintain Engagement
16217,145.0,2,304.25,90.19731259444194,Loyal Customers,0.5434070198681135,Maintain Engagement
16218,24.0,12,3990.77,784.9050414390429,Loyal Customers,0.2523486581720591,Mark as VIP
16219,410.0,1,40.8,17.037443151007324,At Risk,0.8093828454013025,Offer Discount; Send Retention Campaign
16221,185.0,8,1686.02,259.8378573481566,Loyal Customers,0.37009123053135795,Maintain Engagement
16222,228.0,2,1345.22,203.77713398601628,At Risk,0.7953372421920899,Offer Discount; Send Retention Campaign
16223,284.0,2,1102.3500000000001,146.6823060335064,At Risk,0.7962834872876753,Offer Discount; Send Retention Campaign
16224,50.0,4,1187.12,278.686911874279,Loyal Customers,0.47741690361066247,Maintain Engagement
16225,59.0,14,2724.73,443.353103912827,Loyal Customers,0.21677311208213532,Mark as VIP
16226,113.0,5,672.17,130.40769038649051,Loyal Customers,0.45279524552500194,Maintain Engagement
16227,135.0,3,1027.22,210.73925309267707,Loyal Customers,0.5145780379006372,Maintain Engagement
16228,295.0,3,890.81,122.87600560786831,At Risk,0.7731165107712926,Offer Discount; Send Retention Campaign
16229,122.0,5,2215.46,441.74543509721093,Loyal Customers,0.45105805425763035,Mark as VIP
16230,99.0,2,542.03,151.64293211726994,Loyal Customers,0.5411895906718913,Maintain Engagement
16231,289.0,4,1078.22,136.97957046561135,At Risk,0.752456162122876,Offer Discount; Send Retention Campaign
16232,53.0,6,2447.13,516.5305643970446,Loyal Customers,0.4155683384980002,Mark as VIP
16233,239.0,8,1755.53,246.20682099133262,Loyal Customers,0.3737816769480512,Maintain Engagement
16234,386.0,3,333.18,-39.76556094906152,At Risk,0.7786383258376115,Offer Discount; Send Retention Campaign
16235,96.0,7,1851.69,355.8534917329619,Loyal Customers,0.3912993603262439,Maintain Engagement
16237,346.0,1,136.65,55.49859235696664,At Risk,0.8075898850961319,Offer Discount; Send Retention Campaign
16238,332.0,1,63.66,57.83999124532801,At Risk,0.8060917284613379,Offer Discount; Send Retention Campaign
16239,99.0,5,1425.9,291.66610024448147,Loyal Customers,0.45061863088548065,Maintain Engagement
16241,6.0,13,3507.58,668.2040915269058,Loyal Customers,0.23148837373734252,Mark as VIP
16242,75.0,10,4717.78,952.8407298906257,Loyal Customers,0.299973038538275,Mark as VIP
16244,121.0,2,2579.38,446.5680929351645,Loyal Customers,0.5556475900544908,Mark as VIP
16245,31.0,2,769.7,216.18366790569718,Loyal Customers,0.5382383978241003,Maintain Engagement
16246,369.0,2,827.25,54.09898375483772,At Risk,0.7999667133081146,Offer Discount; Send Retention Campaign
16247,80.0,1,114.56,188.18011783748068,Loyal Customers,0.5554540938956529,Maintain Engagement
16249,22.0,4,1440.77,343.9584684863172,Loyal Customers,0.47507978798777917,Maintain Engagement
16250,171.0,3,791.38,150.95044559241364,Loyal Customers,0.5166229077085662,Maintain Engagement
16251,422.0,1,128.31,16.642737400743385,At Risk,0.8109392137678115,Offer Discount; Send Retention Campaign
16252,292.0,1,295.09000000000003,92.96292136094695,At Risk,0.8069791450846926,Offer Discount; Send Retention Campaign
16253,165.0,6,5326.69,1067.660014377454,Loyal Customers,0.4166053482891499,Mark as VIP
16254,288.0,3,985.14,126.13961048065596,At Risk,0.7746491319686254,Offer Discount; Send Retention Campaign
16255,5.0,14,4469.68,867.8163668856629,Loyal Customers,0.20838054401834796,Mark as VIP
16256,176.0,3,1629.37,299.4736342717299,Loyal Customers,0.5186590397095536,Maintain Engagement
16257,86.0,1,46.95,180.78580864288938,Loyal Customers,0.5546312318186437,Maintain Engagement
16258,37.0,14,10480.07,2221.1755867998672,Loyal Customers,0.19091100911261014,Mark as VIP
16259,320.0,3,361.94,-2.968199360534527,At Risk,0.7754868351697616,Offer Discount; Send Retention Campaign
16261,22.0,4,731.0,202.85828809233044,Loyal Customers,0.47558104561459075,Maintain Engagement
16262,288.0,1,755.15,124.71094879741099,At Risk,0.8121423021292211,Offer Discount; Send Retention Campaign
16263,333.0,1,351.01,75.9057979225949,At Risk,0.8094990575986308,Offer Discount; Send Retention Campaign
16264,348.0,2,837.53,90.00802754377145,At Risk,0.7967855020311789,Offer Discount; Send Retention Campaign
16265,20.0,10,5550.19,1167.0846781970336,Loyal Customers,0.2935512511237606,Mark as VIP
16266,25.0,13,1657.18,237.3186434931743,Loyal Customers,0.2390387153666733,Maintain Engagement
16267,501.0,1,186.66,-19.41578891904817,At Risk,0.8151353670987574,Offer Discount; Send Retention Campaign
16269,347.0,1,717.57,92.53634234410362,At Risk,0.8143447653841837,Offer Discount; Send Retention Campaign
16270,263.0,1,1141.24,162.2662292710873,At Risk,0.8154378264647157,Offer Discount; Send Retention Campaign
16271,35.0,8,2926.81,604.4954545139268,Loyal Customers,0.356075125834544,Mark as VIP
16272,26.0,1,411.7,234.60792586547234,Loyal Customers,0.5570648472203791,Maintain Engagement
16273,558.0,2,336.03999999999996,-92.33997350963841,At Risk,0.804695897789878,Offer Discount; Send Retention Campaign
16274,283.0,1,715.9,124.69526750953247,At Risk,0.8114660319921683,Offer Discount; Send Retention Campaign
16275,106.0,3,2151.11,429.40838614848815,Loyal Customers,0.5144754404427896,Mark as VIP
16276,86.0,3,2629.3900000000003,526.4518964344823,Loyal Customers,0.5138513987079343,Mark as VIP
16277,643.0,1,188.69,-90.87667109777715,At Risk,0.8213617548072255,Offer Discount; Send Retention Campaign
16278,9.0,3,1117.84,290.55172877820957,Loyal Customers,0.5055152625029365,Maintain Engagement
16279,86.0,7,4554.58,942.0054819268978,Loyal Customers,0.38273422170558785,Mark as VIP
16280,635.0,1,238.05,-83.6534280125062,At Risk,0.8215625475351164,Offer Discount; Send Retention Campaign
16281,333.0,2,1361.96,153.63088468322792,At Risk,0.8003551097100945,Offer Discount; Send Retention Campaign
16282,249.0,3,1307.5800000000002,204.07769940694493,At Risk,0.7730782383707757,Offer Discount; Send Retention Campaign
16283,30.0,6,3419.36,733.0387423958906,Loyal Customers,0.4116173519909988,Mark as VIP
16284,303.0,1,205.8,81.6466959276807,At Risk,0.8064339279556689,Offer Discount; Send Retention Campaign
16285,555.0,1,176.9,-47.2716820088973,At Risk,0.8174042881618697,Offer Discount; Send Retention Campaign
16286,387.0,2,328.95,-30.606829786069397,At Risk,0.7988516770341969,Offer Discount; Send Retention Campaign
16287,79.0,5,1006.98,215.03631691210916,Loyal Customers,0.44995305210164177,Maintain Engagement
16288,380.0,1,129.85,37.917379340410776,At Risk,0.8090581043891171,Offer Discount; Send Retention Campaign
16289,372.0,1,136.31,42.36821254731075,At Risk,0.8087700576610701,Offer Discount; Send Retention Campaign
16290,374.0,4,2069.3,290.6245526321414,At Risk,0.7566179207998489,Offer Discount; Send Retention Campaign
16291,591.0,1,117.72,-149.1784798924125,At Risk,0.8251380230934924,Offer Discount; Send Retention Campaign
16292,31.0,5,1253.76,289.94170609526026,Loyal Customers,0.44605574357331146,Maintain Engagement
16293,1.0,11,3863.29,783.6789525025741,Loyal Customers,0.2743589560813301,Mark as VIP
16294,386.0,1,126.05000000000001,34.64678749637585,At Risk,0.8092860754301561,Offer Discount; Send Retention Campaign
16296,536.0,4,1313.67,60.741059095729725,At Risk,0.7654487645330669,Offer Discount; Send Retention Campaign
16297,178.0,1,301.9,150.87834164361027,Loyal Customers,0.5660222291547953,Maintain Engagement
16298,96.0,5,601.8,124.17654177919383,Loyal Customers,0.45172471503893175,Maintain Engagement
16299,386.0,1,193.65,39.01543336532427,At Risk,0.8100710228776559,Offer Discount; Send Retention Campaign
16300,340.0,3,1392.43,173.99281678282324,At Risk,0.7778005347458405,Offer Discount; Send Retention Campaign
16301,646.0,1,107.33,-97.64706466397581,At Risk,0.8205902472450202,Offer Discount; Send Retention Campaign
16302,36.0,1,233.22,218.03197164533606,Loyal Customers,0.554469805831359,Maintain Engagement
16303,25.0,6,6603.97,1407.7514573754236,Loyal Customers,0.40358372072536414,Mark as VIP
16304,604.0,1,381.66,-58.743385644567866,At Risk,0.8218136671699876,Offer Discount; Send Retention Campaign
16305,48.0,1,361.21999999999997,220.25392967071906,Loyal Customers,0.557720966459133,Maintain Engagement
16306,123.0,7,1192.82,201.01512231813973,Loyal Customers,0.3950613026210357,Maintain Engagement
16307,339.0,3,1194.92,139.29604321969651,At Risk,0.7774369878828016,Offer Discount; Send Retention Campaign
16308,17.0,6,4160.0,895.7782257410411,Loyal Customers,0.40892427884131993,Mark as VIP
16309,16.0,2,706.57,214.12900275050248,Loyal Customers,0.5367624937753629,Maintain Engagement
16310,324.0,2,460.08,20.731444860279566,At Risk,0.7964149130348154,Offer Discount; Send Retention Campaign
16312,342.0,1,171.15,59.74483079949965,At Risk,0.8078111385811118,Offer Discount; Send Retention Campaign
16314,299.0,3,1491.4,214.71026299733808,At Risk,0.7756253943451403,Offer Discount; Send Retention Campaign
16315,240.0,2,402.71,54.41464421629968,At Risk,0.7921485519318032,Offer Discount; Send Retention Campaign
16316,67.0,12,5018.81,996.0239964015125,Loyal Customers,0.2510597628320133,Mark as VIP
16317,29.0,5,2192.51,483.6232296374819,Loyal Customers,0.4443828806701116,Mark as VIP
16319,127.0,1,404.40000000000003,183.2150430279699,Loyal Customers,0.56423815212073,Maintain Engagement
16320,82.0,6,5628.99,796.1412322888307,Loyal Customers,0.4639763886570468,Mark as VIP
16321,215.0,5,454.55,47.83331372566062,Loyal Customers,0.45863001611801635,Maintain Engagement
16323,106.0,2,353.66,114.1060362250011,Loyal Customers,0.5413349876169722,Maintain Engagement
16324,38.0,3,428.68,155.38555127004742,Loyal Customers,0.5057355440622084,Maintain Engagement
16325,65.0,11,3419.28,651.9309898197637,Loyal Customers,0.2796850389350265,Mark as VIP
16326,6.0,18,3254.0,512.3646480708658,Loyal Customers,0.1450743606642672,Mark as VIP
16327,109.0,14,9356.76,1928.9186881421294,Loyal Customers,0.19769795323201575,Mark as VIP
16328,473.0,1,310.83,2.725436098746286,At Risk,0.8153056532158051,Offer Discount; Send Retention Campaign
16329,337.0,4,1703.07,235.04243328230496,At Risk,0.7549569286222462,Offer Discount; Send Retention Campaign
16330,21.0,6,431.38,106.87214839969215,Loyal Customers,0.4182213841515083,Maintain Engagement
16331,342.0,6,2037.7,285.59474786477836,At Risk,0.7066538984939974,Offer Discount; Send Retention Campaign
16332,40.0,7,1076.48,216.40894865926475,Loyal Customers,0.3897878957674189,Maintain Engagement
16333,8.0,18,15619.6,3367.4944397432255,Loyal Customers,0.11506118647728608,Mark as VIP
16334,401.0,1,277.48,36.87039930181902,At Risk,0.8117154183318922,Offer Discount; Send Retention Campaign
16335,461.0,7,2774.0,371.504947434541,At Risk,0.6867862045381176,Send Retention Campaign
16336,330.0,4,3517.69,595.5292634419798,At Risk,0.7540325329796036,Offer Discount; Mark as VIP; Send Retention Campaign
16338,67.0,1,214.8,201.21232537700814,Loyal Customers,0.556375934056574,Maintain Engagement
16339,194.0,1,109.95,130.4068724203749,Loyal Customers,0.563622452852748,Maintain Engagement
16340,17.0,3,1526.06,360.658591587831,Loyal Customers,0.5068352298244487,Maintain Engagement
16341,111.0,4,2676.57,539.9396073646677,Loyal Customers,0.481431847006552,Mark as VIP
16342,17.0,3,283.71,137.87903397464652,Loyal Customers,0.504190261220837,Maintain Engagement
16343,317.0,1,316.59,81.74811972935271,At Risk,0.8083716796970889,Offer Discount; Send Retention Campaign
16344,68.0,4,842.42,201.18078567330866,Loyal Customers,0.4789662811971427,Maintain Engagement
16345,392.0,1,623.33,63.758460031227344,At Risk,0.8152681301938448,Offer Discount; Send Retention Campaign
16346,294.0,1,224.51,87.39335414868907,At Risk,0.8062411930078802,Offer Discount; Send Retention Campaign
16347,298.0,9,2621.76,391.5297105721352,At Risk,0.6228977440668461,Send Retention Campaign
16348,38.0,5,1103.91,256.1936992013762,Loyal Customers,0.4467306144155331,Maintain Engagement
16349,200.0,1,53.5,123.73377754379351,Loyal Customers,0.5630097137868771,Maintain Engagement
16350,243.0,6,1514.12,228.02979760378162,At Risk,0.7013138363364778,Offer Discount; Send Retention Campaign
16351,242.0,13,3330.0299999999997,508.15401606948626,Loyal Customers,0.2447654730617507,Mark as VIP
16353,1.0,29,6791.56,1115.8511380367281,Loyal Customers,0.04209432084890624,Mark as VIP
16354,289.0,3,733.71,80.13381259058377,At Risk,0.7743686733725235,Offer Discount; Send Retention Campaign
16355,285.0,1,416.35,104.32852803968353,At Risk,0.8080796603196073,Offer Discount; Send Retention Campaign
16356,107.0,6,415.87,60.75947958014814,Loyal Customers,0.42434506433646,Maintain Engagement
16357,71.0,3,467.44,141.60123574731858,Loyal Customers,0.5088380084454442,Maintain Engagement
16358,94.0,2,1354.3,273.11173760302916,Loyal Customers,0.5464024844288101,Maintain Engagement
16359,4.0,14,2358.06,387.3617001871355,Loyal Customers,0.21528099754111207,Maintain Engagement
16362,1.0,4,592.22,186.1348640574563,Loyal Customers,0.4741001723542781,Maintain Engagement
16364,47.0,1,347.55,219.87467626880493,Loyal Customers,0.5573943908427244,Maintain Engagement
16365,32.0,13,2629.34,454.1530721616724,Loyal Customers,0.23605237399125378,Mark as VIP
16366,492.0,3,1220.83,66.94270047545052,At Risk,0.785141039470449,Offer Discount; Send Retention Campaign
16367,272.0,2,728.82,95.77260651989678,At Risk,0.7942406289996337,Offer Discount; Send Retention Campaign
16368,345.0,1,142.78,56.39891274507005,At Risk,0.8076160078791079,Offer Discount; Send Retention Campaign
16369,106.0,5,1465.6,295.747170212856,Loyal Customers,0.4511406418967077,Maintain Engagement
16370,27.0,3,953.11,253.29724588717767,Loyal Customers,0.5062882938254591,Maintain Engagement
16371,358.0,1,157.2,50.776600698643676,At Risk,0.8083770814176796,Offer Discount; Send Retention Campaign
16372,319.0,3,960.68,106.35399247752594,At Risk,0.776175551882982,Offer Discount; Send Retention Campaign
16373,292.0,2,309.49,19.075848215208907,At Risk,0.7937996590319569,Offer Discount; Send Retention Campaign
16374,172.0,4,1454.72,269.39781761918107,Loyal Customers,0.4863185013207267,Maintain Engagement
16375,380.0,2,104.0,109.48055401831516,At Risk,0.7810987152829271,Offer Discount; Send Retention Campaign
16377,177.0,2,1308.48,223.95086475866395,Loyal Customers,0.5522124881930099,Maintain Engagement
16378,157.0,3,362.95,82.161000268811,Loyal Customers,0.514541864885402,Maintain Engagement
16381,305.0,2,258.7,6.664235967912077,At Risk,0.7940438691311431,Offer Discount; Send Retention Campaign
16382,317.0,2,353.1,8.400871900180277,At Risk,0.7956185346592691,Offer Discount; Send Retention Campaign
16383,178.0,6,2615.94,489.14594782215454,Loyal Customers,0.42410157773484414,Mark as VIP
16384,173.0,3,1183.55,219.9574456359739,Loyal Customers,0.5176486454271076,Maintain Engagement
16385,68.0,4,749.57,182.99567499878015,Loyal Customers,0.4789921699025259,Maintain Engagement
16386,163.0,2,846.49,161.35253911031782,Loyal Customers,0.5483191305747074,Maintain Engagement
16387,232.0,5,918.55,120.28837728553219,Loyal Customers,0.4611675890202106,Maintain Engagement
16388,563.0,1,186.05,-50.71371991972762,At Risk,0.8178575474411454,Offer Discount; Send Retention Campaign
16389,115.0,2,670.1700000000001,159.61597199512255,Loyal Customers,0.5436306619483878,Maintain Engagement
16390,446.0,3,467.5,-46.817865033982685,At Risk,0.781945099787349,Offer Discount; Send Retention Campaign
16391,310.0,4,1103.61,131.93798525966378,At Risk,0.7535362410310246,Offer Discount; Send Retention Campaign
16392,179.0,3,763.05,140.58658637008944,Loyal Customers,0.5173314849989217,Maintain Engagement
16393,4.0,19,4280.72,730.2851132700006,Loyal Customers,0.12876501511426267,Mark as VIP
16394,81.0,3,933.1,222.20987147825525,Loyal Customers,0.5102506030069887,Maintain Engagement
16395,78.0,12,3018.2,537.6721019120931,Loyal Customers,0.25884713159388273,Mark as VIP
16396,386.0,1,137.8,35.406130528330664,At Risk,0.8094226901252065,Offer Discount; Send Retention Campaign
16397,538.0,1,127.88,-41.86871479722117,At Risk,0.8161039720768525,Offer Discount; Send Retention Campaign
16398,64.0,2,1705.8,342.75572919395483,Loyal Customers,0.5461894503990411,Maintain Engagement
16399,145.0,2,411.66,103.96076057942457,Loyal Customers,0.544428635350221,Maintain Engagement
16400,4.0,9,3159.44,656.5996326239372,Loyal Customers,0.3265762031229754,Mark as VIP
16401,41.0,18,5206.25,945.8984804335038,Loyal Customers,0.1411500939041879,Mark as VIP
16402,174.0,2,511.4,105.07901980029374,Loyal Customers,0.5470613937478815,Maintain Engagement
16403,222.0,1,177.5,120.65554068652756,At Risk,0.8023542569048817,Offer Discount; Send Retention Campaign
16405,212.0,2,167.25,56.36382573254372,Loyal Customers,0.5444570644021659,Maintain Engagement
16406,360.0,2,389.61,-8.075053220792029,At Risk,0.7978415724134446,Offer Discount; Send Retention Campaign
16407,20.0,12,2224.34,389.10926503500275,Loyal Customers,0.25824433659342827,Maintain Engagement
16408,501.0,1,231.93,-16.490217935508213,At Risk,0.8156488441658558,Offer Discount; Send Retention Campaign
16409,60.0,10,4719.43,960.4288313887669,Loyal Customers,0.299084444221383,Mark as VIP
16410,644.0,1,130.32,-95.15299829348214,At Risk,0.8207587203733385,Offer Discount; Send Retention Campaign
16411,279.0,3,827.04,105.36719273240499,At Risk,0.7736415959551649,Offer Discount; Send Retention Campaign
16412,303.0,4,495.4,15.096795591585078,At Risk,0.7534157223166312,Offer Discount; Send Retention Campaign
16413,285.0,1,266.78000000000003,94.6625759299406,At Risk,0.8063257004717805,Offer Discount; Send Retention Campaign
16414,190.0,4,484.26,69.47764828788115,Loyal Customers,0.4880235151491962,Maintain Engagement
16415,493.0,2,509.09000000000003,-55.88753924087098,At Risk,0.8044309537783432,Offer Discount; Send Retention Campaign
16416,300.0,6,1921.48,281.7369078829032,At Risk,0.7043922360080611,Offer Discount; Send Retention Campaign
16417,402.0,1,35.7,20.741212064341198,At Risk,0.8089605914924404,Offer Discount; Send Retention Campaign
16418,2.0,4,795.03,225.51864999566544,Loyal Customers,0.47409271194556774,Maintain Engagement
16419,22.0,8,1487.42,296.60832341723943,Loyal Customers,0.35992360437530346,Maintain Engagement
16420,306.0,1,75.0,71.68124538277158,At Risk,0.8050291441228167,Offer Discount; Send Retention Campaign
16421,286.0,3,526.27,45.48991169845408,At Risk,0.7737993936111377,Offer Discount; Send Retention Campaign
16422,9.0,97,58084.770000000004,11895.617811994378,Champions,3.4244990022086954e-05,Mark as VIP
16424,101.0,2,443.06,130.70870674225785,Loyal Customers,0.5414413749376901,Maintain Engagement
16425,212.0,1,302.7,133.78827816261662,Loyal Customers,0.5684890159685715,Maintain Engagement
16426,2.0,4,689.83,205.68931808843405,Loyal Customers,0.4740094809512051,Maintain Engagement
16427,172.0,2,241.06,71.4012301111535,Loyal Customers,0.544352586207517,Maintain Engagement
16428,323.0,3,660.28,51.493128644503486,At Risk,0.7758313828574993,Offer Discount; Send Retention Campaign
16429,16.0,1,284.55,231.43256001272778,Loyal Customers,0.5539737344657558,Maintain Engagement
16430,291.0,6,817.09,52.939164088421705,At Risk,0.7061624785499548,Offer Discount; Send Retention Campaign
16431,123.0,3,642.81,149.15135436937322,Loyal Customers,0.5126909393938184,Maintain Engagement
16433,318.0,1,200.26,73.72613107559658,At Risk,0.8070558946958167,Offer Discount; Send Retention Campaign
16434,6.0,9,2125.83,427.42508298977236,Loyal Customers,0.3302672320131817,Mark as VIP
16435,421.0,3,1011.5699999999999,191.89893053164383,At Risk,0.7684215367499452,Offer Discount; Send Retention Campaign
16436,578.0,3,329.34,-136.2679550227033,At Risk,0.7881062390513459,Offer Discount; Send Retention Campaign
16437,290.0,2,301.25,16.479429431868084,At Risk,0.7938948670398943,Offer Discount; Send Retention Campaign
16439,632.0,1,310.70000000000005,-77.44591766403744,At Risk,0.8222348694778039,Offer Discount; Send Retention Campaign
16440,124.0,2,488.76,125.79751762491259,Loyal Customers,0.5434335035780331,Maintain Engagement
16441,200.0,4,864.23,139.26683429221265,Loyal Customers,0.48859152212034956,Maintain Engagement
16442,137.0,4,719.71,142.30488197711054,Loyal Customers,0.484069323095711,Maintain Engagement
16443,430.0,1,162.24,14.802105475601365,At Risk,0.8116903875338248,Offer Discount; Send Retention Campaign
16444,5.0,16,3543.31,619.0463853245069,Loyal Customers,0.17525385047236336,Mark as VIP
16445,296.0,3,372.22,20.422809017680493,At Risk,0.77330853201911,Offer Discount; Send Retention Campaign
16446,115.0,1,2.9,163.3181642162345,Loyal Customers,0.555915475091733,Maintain Engagement
16447,45.0,3,775.14,209.95172305696593,Loyal Customers,0.5075744535081342,Maintain Engagement
16448,107.0,2,367.87,115.94970575489782,Loyal Customers,0.541466961092937,Maintain Engagement
16449,107.0,2,707.69,169.23453100956488,Loyal Customers,0.5432920578093077,Maintain Engagement
16450,59.0,3,1505.73,335.7166917656932,Loyal Customers,0.5098934774538285,Maintain Engagement
16451,470.0,2,746.1800000000001,-9.018955549069688,At Risk,0.8043495374458219,Offer Discount; Send Retention Campaign
16452,540.0,2,332.17,-105.70131537596933,At Risk,0.8058482001082672,Offer Discount; Send Retention Campaign
16453,440.0,2,251.71,-60.16456592805048,At Risk,0.8002132187824228,Offer Discount; Send Retention Campaign
16454,516.0,2,24.05,-100.30755141086058,At Risk,0.7998395003666768,Offer Discount; Send Retention Campaign
16455,4.0,10,3866.57,798.8023097862587,Loyal Customers,0.29862352336878073,Mark as VIP
16456,9.0,13,6862.91,1426.3818304144581,Loyal Customers,0.22053683788690803,Mark as VIP
16457,128.0,1,208.36,170.0418004953102,Loyal Customers,0.5606750967566865,Maintain Engagement
16458,16.0,23,4384.1,669.2840536439021,Loyal Customers,0.08521674380139516,Mark as VIP
16459,639.0,1,71.78999999999999,-96.41464840315552,At Risk,0.8198921663630303,Offer Discount; Send Retention Campaign
16461,87.0,3,1615.22,341.54432370149664,Loyal Customers,0.5121367816776666,Maintain Engagement
16462,95.0,2,68.0,77.39545340837418,Loyal Customers,0.5386297469812329,Maintain Engagement
16463,114.0,1,319.37,184.2741881393893,Loyal Customers,0.5617221256169794,Maintain Engagement
16464,52.0,1,385.0,219.77403266668193,Loyal Customers,0.5584527077325571,Maintain Engagement
16465,330.0,2,746.24,68.06516211952788,At Risk,0.7971851021053086,Offer Discount; Send Retention Campaign
16466,13.0,13,3237.31,601.8732204565736,Loyal Customers,0.23293405961987732,Mark as VIP
16467,418.0,7,2869.16,413.0360291072286,At Risk,0.6838864422859994,Mark as VIP; Send Retention Campaign
16468,379.0,2,712.62,46.39409416457198,At Risk,0.7986087751286038,Offer Discount; Send Retention Campaign
16469,156.0,3,455.36,96.33369476631049,Loyal Customers,0.5150875402633492,Maintain Engagement
16470,25.0,10,2235.34,424.57193710069595,Loyal Customers,0.3057345112850764,Mark as VIP
16471,184.0,4,1189.98,211.20394920929334,Loyal Customers,0.48731583087875857,Maintain Engagement
16472,344.0,2,789.6,61.19425979093131,At Risk,0.7986208770486717,Offer Discount; Send Retention Campaign
16473,74.0,4,470.83,126.13855058681509,Loyal Customers,0.4793992199805184,Maintain Engagement
16474,55.0,1,355.57,216.35961217702908,Loyal Customers,0.5581231853891253,Maintain Engagement
16475,53.0,3,459.3,149.9979190047057,Loyal Customers,0.5073852059740327,Maintain Engagement
16476,341.0,1,350.35,71.82978936125556,At Risk,0.8098535738662123,Offer Discount; Send Retention Campaign
16477,41.0,10,3824.82,771.6452058840091,Loyal Customers,0.30095496649453357,Mark as VIP
16481,592.0,1,453.38,-48.05845087488558,At Risk,0.8220886261922125,Offer Discount; Send Retention Campaign
16483,102.0,1,139.35,178.69044079296054,Loyal Customers,0.5575103255157178,Maintain Engagement
16484,83.0,2,404.3,143.0924580203693,Loyal Customers,0.5385608363305977,Maintain Engagement
16485,342.0,4,1931.03,277.3349537808994,At Risk,0.7551635696479952,Offer Discount; Send Retention Campaign
16486,447.0,1,134.36,4.429480463301957,At Risk,0.8121322642015102,Offer Discount; Send Retention Campaign
16487,487.0,2,209.4,-98.3084162455649,At Risk,0.8029876545695018,Offer Discount; Send Retention Campaign
16488,24.0,2,354.57,160.34846682704745,Loyal Customers,0.5346630569558614,Maintain Engagement
16489,290.0,2,303.7,16.39686617023665,At Risk,0.7939480377379092,Offer Discount; Send Retention Campaign
16490,345.0,1,205.41000000000003,60.446372667736284,At Risk,0.8083481905646681,Offer Discount; Send Retention Campaign
16491,323.0,1,801.66,110.0707217603599,At Risk,0.8142367157297745,Offer Discount; Send Retention Campaign
16492,450.0,1,385.56,19.150756574285424,At Risk,0.81513603408169,Offer Discount; Send Retention Campaign
16493,83.0,6,1562.75,314.617438562885,Loyal Customers,0.4198768281798764,Maintain Engagement
16494,206.0,1,826.53,170.66577697749938,Loyal Customers,0.5777144281173144,Maintain Engagement
16495,185.0,2,246.51,229.5250138228413,Loyal Customers,0.5215748938150582,Maintain Engagement
16496,117.0,5,1916.29,383.0772573255628,Loyal Customers,0.45115154174300176,Maintain Engagement
16497,113.0,22,5280.29,848.2453742023665,Loyal Customers,0.09541028315821312,Mark as VIP
16498,71.0,2,100.97,264.80688757756633,Loyal Customers,0.5123341521628344,Maintain Engagement
16499,270.0,8,2578.34,412.2795716703405,At Risk,0.6484121281543889,Mark as VIP; Send Retention Campaign
16500,240.0,4,608.05,69.37629362958614,At Risk,0.7498879090261449,Offer Discount; Send Retention Campaign
16501,293.0,1,1237.23,153.34449177384698,At Risk,0.8178406082063282,Offer Discount; Send Retention Campaign
16502,530.0,2,266.5,58.63481474279831,At Risk,0.7891938731568143,Offer Discount; Send Retention Campaign
16503,16.0,11,3614.34,720.977141287176,Loyal Customers,0.27603511420548754,Mark as VIP
16507,482.0,1,152.76,-12.027353605940561,At Risk,0.8139061575784605,Offer Discount; Send Retention Campaign
16508,540.0,1,248.8,-35.062606212087985,At Risk,0.8175551385724207,Offer Discount; Send Retention Campaign
16509,206.0,1,363.70000000000005,140.75541651114662,Loyal Customers,0.5691840259435967,Maintain Engagement
16510,282.0,6,2100.0,328.15463487669143,At Risk,0.7029589631849492,Offer Discount; Send Retention Campaign
16511,54.0,5,1451.46,318.8785018592429,Loyal Customers,0.4474102390953211,Maintain Engagement
16515,1.0,9,2839.52,587.9749648934637,Loyal Customers,0.32742003509911355,Mark as VIP
16517,187.0,1,162.7,137.34502453577323,Loyal Customers,0.5640942082875127,Maintain Engagement
16518,193.0,3,665.75,115.90611197233085,Loyal Customers,0.5181768601254682,Maintain Engagement
16519,275.0,3,444.88,34.377836393985945,At Risk,0.7733224713535477,Offer Discount; Send Retention Campaign
16520,96.0,6,2482.62,502.1928247084015,Loyal Customers,0.4185746588226593,Mark as VIP
16521,325.0,3,1148.01,137.183989865365,At Risk,0.7767318685984929,Offer Discount; Send Retention Campaign
16522,345.0,2,433.36,17.599978398269855,At Risk,0.7962211097557392,Offer Discount; Send Retention Campaign
16523,5.0,20,7743.81,1512.1699288469342,Loyal Customers,0.10876945443858924,Mark as VIP
16524,356.0,2,308.14,-18.62704984878326,At Risk,0.7973478780588232,Offer Discount; Send Retention Campaign
16525,8.0,43,21927.54,4396.85012946635,Loyal Customers,0.006017862885176773,Mark as VIP
16526,81.0,2,717.21,182.1141780674892,Loyal Customers,0.541696351330854,Maintain Engagement
16527,334.0,1,1044.38,120.2106222878864,At Risk,0.8174698978062853,Offer Discount; Send Retention Campaign
16529,99.0,4,2012.0,415.62140211949736,Loyal Customers,0.4807675233423742,Mark as VIP
16530,578.0,1,48.35,-67.1751166954839,At Risk,0.816966652960339,Offer Discount; Send Retention Campaign
16531,36.0,8,1738.27,345.2846092069103,Loyal Customers,0.3599199665712562,Maintain Engagement
16532,45.0,4,6524.639999999999,1328.9307775853836,Loyal Customers,0.47522220399812454,Mark as VIP
16534,552.0,1,635.9,-16.096326520365324,At Risk,0.8223812189884513,Offer Discount; Send Retention Campaign
16535,295.0,2,407.84,27.213548342333524,At Risk,0.7948407778706337,Offer Discount; Send Retention Campaign
16536,19.0,1,548.97,247.00817781583413,Loyal Customers,0.5591086461643547,Maintain Engagement
16537,551.0,1,23.35,-55.178163324585626,At Risk,0.815494275466749,Offer Discount; Send Retention Campaign
16538,450.0,3,399.62,-58.21214040188886,At Risk,0.7817691686411578,Offer Discount; Send Retention Campaign
16539,129.0,9,3396.81,647.2609792588137,Loyal Customers,0.3337117690230574,Mark as VIP
16540,323.0,1,226.70000000000002,72.91396689629704,At Risk,0.8075942933174286,Offer Discount; Send Retention Campaign
16541,645.0,1,424.03,-76.67617700487654,At Risk,0.824034106988313,Offer Discount; Send Retention Campaign
16542,311.0,1,137.7,73.21238148761523,At Risk,0.8059994208846845,Offer Discount; Send Retention Campaign
16543,501.0,1,292.21,-12.5946266192326,At Risk,0.8163308583142612,Offer Discount; Send Retention Campaign
16544,429.0,4,376.70000000000005,-70.55415418226676,At Risk,0.7601330169954352,Offer Discount; Send Retention Campaign
16545,74.0,2,689.8199999999999,181.86831655299846,Loyal Customers,0.5409633775771149,Maintain Engagement
16546,200.0,5,5606.47,1099.911180944116,Loyal Customers,0.45098270968805326,Mark as VIP
16547,456.0,1,111.71,-1.5718000169322295,At Risk,0.8122752370298431,Offer Discount; Send Retention Campaign
16548,508.0,1,30.15,-33.05942469364902,At Risk,0.8136636239768102,Offer Discount; Send Retention Campaign
16549,34.0,26,9809.07,1865.7291105207566,Loyal Customers,0.055242539459855675,Mark as VIP
16550,18.0,18,9435.13,1931.4496453502832,Loyal Customers,0.12986435327809376,Mark as VIP
16551,5.0,7,2237.12,483.52535131722976,Loyal Customers,0.3839792101971688,Mark as VIP
16552,152.0,2,475.02,110.2923041265338,Loyal Customers,0.545289356211855,Maintain Engagement
16553,73.0,33,16644.01,3314.228427961206,Loyal Customers,0.02185493713476988,Mark as VIP
16554,132.0,7,2318.73,437.3061947261782,Loyal Customers,0.3925664069074265,Mark as VIP
16555,19.0,5,1781.77,404.5410255705157,Loyal Customers,0.4443000634556654,Maintain Engagement
16556,15.0,16,7255.16,1464.9998245698544,Loyal Customers,0.16488618910978328,Mark as VIP
16557,47.0,1,101.15,203.95109132636526,Loyal Customers,0.5528091222482209,Maintain Engagement
16558,2.0,32,10220.19,1859.079236266922,Loyal Customers,0.027866906087644083,Mark as VIP
16559,307.0,1,185.20000000000002,78.29874413571537,At Risk,0.8063750554911019,Offer Discount; Send Retention Campaign
16560,268.0,7,2539.15,416.59969119715157,At Risk,0.6753140636085405,Mark as VIP; Send Retention Campaign
16562,386.0,1,223.86,40.96775276918436,At Risk,0.8104210103083616,Offer Discount; Send Retention Campaign
16563,310.0,5,3345.02,578.8090875168766,At Risk,0.7277559815710836,Offer Discount; Mark as VIP; Send Retention Campaign
16564,479.0,1,87.8,-14.712881098093249,At Risk,0.8130296885847866,Offer Discount; Send Retention Campaign
16565,274.0,4,773.05,84.8227894642842,At Risk,0.751692659027591,Offer Discount; Send Retention Campaign
16566,80.0,3,463.88,137.34805779421237,Loyal Customers,0.5093568522321114,Maintain Engagement
16567,104.0,2,865.6,193.94030063519693,Loyal Customers,0.5441477151798108,Maintain Engagement
16568,337.0,2,1020.9,99.74671300042877,At Risk,0.7992111257709933,Offer Discount; Send Retention Campaign
16569,541.0,4,1331.03,61.748221454473594,At Risk,0.7656955307264822,Offer Discount; Send Retention Campaign
16570,37.0,16,5829.98,1127.6130884116064,Loyal Customers,0.16983849341784282,Mark as VIP
16571,86.0,9,3723.84,740.3785128478061,Loyal Customers,0.32987557626814784,Mark as VIP
16572,36.0,3,1009.6,258.3602843229192,Loyal Customers,0.5071465434526524,Maintain Engagement
16573,200.0,1,292.63,139.18753918050447,Loyal Customers,0.5674377504898303,Maintain Engagement
16574,333.0,2,850.34,75.68214537021055,At Risk,0.7983669651665628,Offer Discount; Send Retention Campaign
16576,330.0,2,540.87,30.9716028322365,At Risk,0.7969272726933839,Offer Discount; Send Retention Campaign
16577,576.0,1,380.0,-44.733916687273336,At Risk,0.8205874807921341,Offer Discount; Send Retention Campaign
16578,536.0,1,156.6,-39.00434752688898,At Risk,0.8163404577798532,Offer Discount; Send Retention Campaign
16579,335.0,1,295.05,71.28104731690524,At Risk,0.8089387811797006,Offer Discount; Send Retention Campaign
16581,92.0,1,105.84,181.56655421785416,Loyal Customers,0.5561622495290551,Maintain Engagement
16582,22.0,1,313.62,230.28618990999945,Loyal Customers,0.5549503064607583,Maintain Engagement
16583,283.0,2,531.4,52.09550910681611,At Risk,0.7947534329782905,Offer Discount; Send Retention Campaign
16584,164.0,4,2839.53,545.2298050457046,Loyal Customers,0.48526092069663657,Mark as VIP
16585,503.0,2,341.59,-86.63800687301341,At Risk,0.8042719397328004,Offer Discount; Send Retention Campaign
16586,158.0,3,1462.78,278.15505618549656,Loyal Customers,0.5170601636779598,Maintain Engagement
16587,142.0,1,225.15,164.06848004134372,Loyal Customers,0.5619994006029265,Maintain Engagement
16588,295.0,4,1361.28,189.80594159348476,At Risk,0.7526807200444875,Offer Discount; Send Retention Campaign
16589,16.0,3,367.8,150.7867144813522,Loyal Customers,0.5046856017606421,Maintain Engagement
16590,310.0,2,605.9,62.501873105707716,At Risk,0.7951373642738105,Offer Discount; Send Retention Campaign
16592,46.0,22,5908.5599999999995,1027.6978779448077,Loyal Customers,0.09255216256623047,Mark as VIP
16593,99.0,7,996.61,169.26094538291392,Loyal Customers,0.39418453725760905,Maintain Engagement
16595,286.0,4,1450.02,211.0361617387266,At Risk,0.7522443758989416,Offer Discount; Send Retention Campaign
16596,275.0,3,450.13,35.1312126120705,At Risk,0.7733495180496783,Offer Discount; Send Retention Campaign
16598,195.0,1,145.05,132.17103826269704,Loyal Customers,0.5643450811742503,Maintain Engagement
16599,295.0,1,172.8,83.54742904598999,At Risk,0.8056777777519288,Offer Discount; Send Retention Campaign
16600,162.0,9,1577.35,228.00459936245153,Loyal Customers,0.34236886178863635,Maintain Engagement
16601,300.0,2,439.45,29.66930284586101,At Risk,0.7951897264327656,Offer Discount; Send Retention Campaign
16602,298.0,1,235.25,86.07074794152919,At Risk,0.80655100360345,Offer Discount; Send Retention Campaign
16603,1.0,1,296.62,239.77512571576193,Loyal Customers,0.5531094390273606,Maintain Engagement
16604,472.0,2,432.45,-24.448982471694535,At Risk,0.8001514148910431,Offer Discount; Send Retention Campaign
16605,633.0,1,60.48,-94.12053938574502,At Risk,0.8195056973423858,Offer Discount; Send Retention Campaign
16606,314.0,2,357.66,15.131834524862256,At Risk,0.7950639838330328,Offer Discount; Send Retention Campaign
16607,38.0,21,4626.74,754.7192360616567,Loyal Customers,0.10513243870172304,Mark as VIP
16608,363.0,2,1288.72,127.4937389910873,At Risk,0.8014638830844707,Offer Discount; Send Retention Campaign
16609,45.0,5,2710.04,584.5097796409104,Loyal Customers,0.4443083333073268,Mark as VIP
16610,129.0,1,75.66,160.9619015919285,Loyal Customers,0.5582830852600884,Maintain Engagement
16611,96.0,6,1785.13,354.99531723603934,Loyal Customers,0.42026719270825325,Maintain Engagement
16612,29.0,8,2928.07,607.5791426996632,Loyal Customers,0.35569586104058637,Mark as VIP
16614,92.0,3,1179.79,259.97340958127415,Loyal Customers,0.5117181622609515,Maintain Engagement
16615,536.0,1,291.5,-30.286443270658765,At Risk,0.8178595802401492,Offer Discount; Send Retention Campaign
16616,67.0,1,210.10000000000002,200.90858816422622,Loyal Customers,0.5562885194562973,Maintain Engagement
16617,145.0,1,151.85,157.81896348259642,Loyal Customers,0.5608564331243567,Maintain Engagement
16618,120.0,4,1441.29,295.0210208401833,Loyal Customers,0.48221043237441913,Maintain Engagement
16619,173.0,4,1938.33,363.71036832952535,Loyal Customers,0.48624244148583573,Maintain Engagement
16620,170.0,5,1675.73,306.46381470532987,Loyal Customers,0.4554779557735422,Maintain Engagement
16621,57.0,3,609.41,175.26806676891573,Loyal Customers,0.5079447383781563,Maintain Engagement
16622,453.0,1,225.4,7.287917823572798,At Risk,0.8134443269808782,Offer Discount; Send Retention Campaign
16623,155.0,4,1015.24,191.58366253656408,Loyal Customers,0.4852388190078519,Maintain Engagement
16624,107.0,1,426.43,194.72212068589107,Loyal Customers,0.5632013421112076,Maintain Engagement
16625,184.0,5,1654.03,295.6495966626378,Loyal Customers,0.4564328041641043,Maintain Engagement
16626,23.0,7,2165.34,461.9793182269957,Loyal Customers,0.3850307648248198,Mark as VIP
16628,16.0,6,1749.89,387.71552404724014,Loyal Customers,0.4146620445010879,Maintain Engagement
16629,5.0,1,236.78,233.8912913217622,Loyal Customers,0.5522852190942996,Maintain Engagement
16630,317.0,1,106.80000000000001,68.19045379966752,At Risk,0.8059109565557145,Offer Discount; Send Retention Campaign
16631,391.0,7,1892.52,217.32649164823897,At Risk,0.6846798631737494,Send Retention Campaign
16632,395.0,2,406.4,-22.19721705197253,At Risk,0.7994699674145875,Offer Discount; Send Retention Campaign
16633,24.0,3,1168.26,293.676274561895,Loyal Customers,0.5064844309734553,Maintain Engagement
16634,132.0,6,1814.61,343.0355574638693,Loyal Customers,0.42277890273493884,Maintain Engagement
16635,316.0,1,473.0,92.36027593381067,At Risk,0.8101455640504067,Offer Discount; Send Retention Campaign
16636,348.0,4,3802.04,642.3386343543435,At Risk,0.7549324037877787,Offer Discount; Mark as VIP; Send Retention Campaign
16637,33.0,2,530.55,179.1195477310784,Loyal Customers,0.5368889228538345,Maintain Engagement
16638,8.0,14,2300.75,373.3431610131745,Loyal Customers,0.2155670052766514,Maintain Engagement
16639,116.0,3,961.62,208.8388513462586,Loyal Customers,0.5130027279896228,Maintain Engagement
16640,307.0,1,179.4,77.92391949015467,At Risk,0.8063068092792228,Offer Discount; Send Retention Campaign
16641,15.0,2,554.5,190.44874075121976,Loyal Customers,0.5359203166997433,Maintain Engagement
16642,117.0,2,696.85,161.27290788085725,Loyal Customers,0.5441391095360802,Maintain Engagement
16643,155.0,2,923.11,176.7633292628181,Loyal Customers,0.5482395657637316,Maintain Engagement
16644,87.0,2,833.78,201.50737244948095,Loyal Customers,0.542161279827839,Maintain Engagement
16645,645.0,1,160.39,-93.71389589377566,At Risk,0.8211349662294972,Offer Discount; Send Retention Campaign
16646,359.0,1,678.8,83.98079931083936,At Risk,0.8144360703605289,Offer Discount; Send Retention Campaign
16647,79.0,4,541.9,136.85118069004585,Loyal Customers,0.479845780833393,Maintain Engagement
16648,365.0,2,382.14,-11.298612926903388,At Risk,0.7980083315174447,Offer Discount; Send Retention Campaign
16649,430.0,1,306.58,24.130069154951002,At Risk,0.8133471855294695,Offer Discount; Send Retention Campaign
16650,330.0,6,1397.69,159.31517469128676,At Risk,0.7069144679034991,Offer Discount; Send Retention Campaign
16651,496.0,1,136.2,-20.15591577188104,At Risk,0.8143397343492211,Offer Discount; Send Retention Campaign
16652,19.0,14,15302.29,3328.720365502918,Loyal Customers,0.17587860771107286,Mark as VIP
16654,51.0,8,1711.47,331.13870106623904,Loyal Customers,0.3611221066765349,Maintain Engagement
16655,41.0,10,4622.74,948.5495370137767,Loyal Customers,0.2982456049688172,Mark as VIP
16656,5.0,26,15324.050000000001,3167.6234644237684,Loyal Customers,0.04858763517383587,Mark as VIP
16657,58.0,2,446.11,153.5908314993954,Loyal Customers,0.5382147397486555,Maintain Engagement
16658,278.0,6,814.07,59.200022878350524,At Risk,0.7053339753435973,Offer Discount; Send Retention Campaign
16659,99.0,1,39.12,173.72559170616574,Loyal Customers,0.5554287542052769,Maintain Engagement
16660,120.0,5,996.26,192.22728627635155,Loyal Customers,0.45294447518229364,Maintain Engagement
16661,450.0,4,986.63,38.14053085937405,At Risk,0.7611508114118242,Offer Discount; Send Retention Campaign
16662,303.0,1,163.8,78.93244849431022,At Risk,0.8059394324439944,Offer Discount; Send Retention Campaign
16663,639.0,1,165.0,-90.39095784923995,At Risk,0.8209269973258377,Offer Discount; Send Retention Campaign
16664,478.0,1,109.2,-12.825737893143241,At Risk,0.8132300713654502,Offer Discount; Send Retention Campaign
16665,272.0,1,135.4,92.72635512381913,At Risk,0.804174280699104,Offer Discount; Send Retention Campaign
16666,531.0,1,106.96,-39.69148192983221,At Risk,0.8155581325541646,Offer Discount; Send Retention Campaign
16667,194.0,1,203.35,136.44284171267958,Loyal Customers,0.5653526490979085,Maintain Engagement
16668,26.0,12,822.22,68.4120520668746,Loyal Customers,0.26372580033012394,Maintain Engagement
16670,15.0,17,7174.22,1429.2977061215224,Loyal Customers,0.1495856710109504,Mark as VIP
16671,74.0,1,1382.88,273.17023740640906,Loyal Customers,0.5784808436792146,Maintain Engagement
16672,9.0,17,6911.84,1378.3796554683934,Loyal Customers,0.14958809982515675,Mark as VIP
16673,589.0,1,188.83,-63.64246992004769,At Risk,0.8190237074217682,Offer Discount; Send Retention Campaign
16674,8.0,1,122.2,224.97405728564524,Loyal Customers,0.5503675295177881,Maintain Engagement
16675,351.0,2,608.86,33.827373702729574,At Risk,0.7978996813398019,Offer Discount; Send Retention Campaign
16676,123.0,5,1868.28,370.8692670423026,Loyal Customers,0.4515695852572832,Maintain Engagement
16677,321.0,2,880.62,86.33120813037522,At Risk,0.7979185286081147,Offer Discount; Send Retention Campaign
16678,8.0,8,2137.3,448.09370689171175,Loyal Customers,0.3565143155814352,Mark as VIP
16679,276.0,3,793.06,97.68722463364514,At Risk,0.7737528028866896,Offer Discount; Send Retention Campaign
16680,438.0,2,637.75,18.264415070065752,At Risk,0.799881234368036,Offer Discount; Send Retention Campaign
16681,54.0,5,1484.18,325.6050291788917,Loyal Customers,0.4473553653253504,Maintain Engagement
16682,2.0,3,810.22,240.23174535613987,Loyal Customers,0.5041549002586516,Maintain Engagement
16683,443.0,1,320.25,18.45928840435738,At Risk,0.8140822522193956,Offer Discount; Send Retention Campaign
16684,43.0,45,114372.71,26198.729100004595,Champions,0.00353638500007002,Mark as VIP
16686,7.0,15,4487.8,852.7512484034326,Loyal Customers,0.1898342716305414,Mark as VIP
16687,300.0,1,157.63,80.04622115948729,At Risk,0.8057287864824547,Offer Discount; Send Retention Campaign
16690,111.0,3,213.95,75.20795479944297,Loyal Customers,0.5113473169206879,Maintain Engagement
16691,328.0,2,178.83,-23.72796454312879,At Risk,0.795460379111602,Offer Discount; Send Retention Campaign
16692,166.0,4,1914.6999999999998,363.5779645402339,Loyal Customers,0.4855946400204709,Maintain Engagement
16693,181.0,4,875.01,150.83243389772286,Loyal Customers,0.4872120392646073,Maintain Engagement
16694,633.0,1,98.30000000000001,-91.67642419693368,At Risk,0.8199268460428641,Offer Discount; Send Retention Campaign
16695,471.0,2,193.15,77.19564622203484,At Risk,0.7859978950069563,Offer Discount; Send Retention Campaign
16696,45.0,4,657.9,178.93015833623156,Loyal Customers,0.47699840074018046,Maintain Engagement
16697,150.0,1,112.75,152.77128080846154,Loyal Customers,0.5604925391426914,Maintain Engagement
16698,136.0,2,1998.0,355.8923392257419,Loyal Customers,0.55246927258703,Maintain Engagement
16699,290.0,7,994.6,73.12323553967542,At Risk,0.6809016071515045,Send Retention Campaign
16700,31.0,22,8187.11,1564.5593325172601,Loyal Customers,0.08800818623710067,Mark as VIP
16701,39.0,23,8568.85,1630.4590733090656,Loyal Customers,0.07866246464978809,Mark as VIP
16702,325.0,4,1110.83,124.74533982195493,At Risk,0.7544649881692936,Offer Discount; Send Retention Campaign
16704,528.0,2,695.66,-43.70730915659999,At Risk,0.8066219910312655,Offer Discount; Send Retention Campaign
16705,8.0,32,39260.411,8676.645110605614,Loyal Customers,0.014162338788374092,Mark as VIP
16706,8.0,2,411.55,183.36005430129399,Loyal Customers,0.5329285602800578,Maintain Engagement
16707,310.0,4,551.11,22.716743123541164,At Risk,0.7537602815657578,Offer Discount; Send Retention Campaign
16709,109.0,13,8042.18,1643.431763392751,Loyal Customers,0.22170647328981882,Mark as VIP
16710,48.0,19,5709.94,1038.603966055988,Loyal Customers,0.1267430494061888,Mark as VIP
16711,50.0,7,2127.32,437.2559491871931,Loyal Customers,0.3874273905274479,Mark as VIP
16712,4.0,10,3121.42,633.9683789845443,Loyal Customers,0.3011096121079897,Mark as VIP
16713,25.0,28,11608.33,2251.777045928371,Loyal Customers,0.04248404473900682,Mark as VIP
16714,128.0,4,1529.8,306.0361911424841,Loyal Customers,0.4831053064727189,Maintain Engagement
16715,472.0,1,323.8,4.067791068855627,At Risk,0.8154085583162048,Offer Discount; Send Retention Campaign
16716,176.0,3,2149.6800000000003,393.9862687954252,Loyal Customers,0.5195892745056623,Maintain Engagement
16717,5.0,12,4687.51,951.0551383762315,Loyal Customers,0.2489529508922076,Mark as VIP
16718,279.0,5,3647.53,656.4249023925884,At Risk,0.7255629429047549,Offer Discount; Mark as VIP; Send Retention Campaign
16719,58.0,12,3469.31,649.538252102037,Loyal Customers,0.2561311335981038,Mark as VIP
16720,286.0,2,640.24,67.10333649889691,At Risk,0.795332673708565,Offer Discount; Send Retention Campaign
16721,171.0,1,292.47,153.79811505884265,Loyal Customers,0.5653424002157993,Maintain Engagement
16722,9.0,19,7914.85,1567.6684799536158,Loyal Customers,0.12034319752018853,Mark as VIP
16723,1.0,4,1301.63,325.0200493383546,Loyal Customers,0.47391071000173923,Maintain Engagement
16724,314.0,1,147.35,72.3235036097746,At Risk,0.8062508094728253,Offer Discount; Send Retention Campaign
16725,211.0,14,1882.11,175.29180491550125,Loyal Customers,0.22730479450068397,Maintain Engagement
16726,106.0,6,1501.58,291.3753869157742,Loyal Customers,0.4214927691229169,Maintain Engagement
16727,274.0,4,1437.42,214.58092270053783,At Risk,0.7515934568452655,Offer Discount; Send Retention Campaign
16728,76.0,3,550.0,155.5646960487254,Loyal Customers,0.5091362616712383,Maintain Engagement
16729,8.0,17,5363.43,1024.2621732666103,Loyal Customers,0.15362186705646622,Mark as VIP
16730,144.0,2,480.94,115.9531108175596,Loyal Customers,0.5446372721217979,Maintain Engagement
16731,558.0,1,174.05,-48.96837162285999,At Risk,0.8175037607190059,Offer Discount; Send Retention Campaign
16732,313.0,3,3783.89,622.0557476463516,At Risk,0.7793806923139321,Offer Discount; Mark as VIP; Send Retention Campaign
16733,439.0,1,259.68,16.56163390663994,At Risk,0.8132120439537286,Offer Discount; Send Retention Campaign
16734,24.0,2,306.15999999999997,319.79235685931974,Loyal Customers,0.5101222110096315,Maintain Engagement
16735,8.0,13,5964.3,1222.6672737409815,Loyal Customers,0.22349997789584378,Mark as VIP
16736,415.0,5,2956.56,446.74928306671075,At Risk,0.7342551817563925,Offer Discount; Mark as VIP; Send Retention Campaign
16737,487.0,1,417.6,2.567067646081341,At Risk,0.8171294666988734,Offer Discount; Send Retention Campaign
16738,207.0,1,3.75,116.9895002450645,Loyal Customers,0.5625933238932723,Maintain Engagement
16739,86.0,2,786.43,190.21036195794693,Loyal Customers,0.5424670484011764,Maintain Engagement
16740,305.0,1,236.81,82.64237625723439,At Risk,0.8068899865146225,Offer Discount; Send Retention Campaign
16741,535.0,1,173.06,-37.436451520054334,At Risk,0.8164823237557189,Offer Discount; Send Retention Campaign
16742,402.0,13,2387.71,215.81309278657903,At Risk,0.5172463097589199,Send Retention Campaign
16743,22.0,13,3901.03,748.1293461827997,Loyal Customers,0.23111325586690232,Mark as VIP
16744,6.0,3,403.51,164.96288640890333,Loyal Customers,0.5036294127410577,Maintain Engagement
16745,8.0,16,6372.7,1270.3833116243015,Loyal Customers,0.1667783999606881,Mark as VIP
16746,10.0,36,15789.82,3085.6952375311466,Loyal Customers,0.015578068767493437,Mark as VIP
16748,127.0,12,3031.63,516.1921673123957,Loyal Customers,0.26154865022715523,Mark as VIP
16749,501.0,2,4387.08,530.8686301833353,At Risk,0.8191444724457332,Offer Discount; Mark as VIP; Send Retention Campaign
16750,31.0,3,416.12,153.60135830700364,Loyal Customers,0.5056406238207819,Maintain Engagement
16752,282.0,1,415.0,105.75379291030924,At Risk,0.8079271510571957,Offer Discount; Send Retention Campaign
16754,281.0,29,67502.47,15204.391633876094,Loyal Customers,0.011278882760899698,Mark as VIP
16755,24.0,7,2900.58,616.7801483506657,Loyal Customers,0.38334742102264396,Mark as VIP
16756,124.0,7,1312.3700000000001,224.93645014265002,Loyal Customers,0.39495879493768626,Maintain Engagement
16757,228.0,2,270.48,41.37320613876091,At Risk,0.790936797145868,Offer Discount; Send Retention Campaign
16760,339.0,1,228.0,64.93126711351005,At Risk,0.8083388154328546,Offer Discount; Send Retention Campaign
16761,6.0,1,316.62,238.54677693001247,Loyal Customers,0.5538449193978267,Maintain Engagement
16762,54.0,1,314.15000000000003,214.18701672092368,Loyal Customers,0.5572808404981962,Maintain Engagement
16763,108.0,2,964.6999999999999,206.1430579929093,Loyal Customers,0.5451617018497269,Maintain Engagement
16764,8.0,4,782.5500000000001,226.99826722257274,Loyal Customers,0.47352613339146404,Maintain Engagement
16765,204.0,2,454.75,81.61612202291684,Loyal Customers,0.548862196366146,Maintain Engagement
16766,183.0,2,1145.6,367.6359334759718,Loyal Customers,0.5268441936807975,Maintain Engagement
16767,3.0,11,7318.7,1558.418800919739,Loyal Customers,0.2623918480629048,Mark as VIP
16768,13.0,8,1516.52,307.35685148783165,Loyal Customers,0.359238579688198,Maintain Engagement
16769,170.0,4,1141.75,208.61611454187118,Loyal Customers,0.4863308931378513,Maintain Engagement
16770,146.0,8,1818.51,308.0615671820093,Loyal Customers,0.3670360639990673,Maintain Engagement
16771,185.0,8,3376.7400000000002,627.308797369061,Loyal Customers,0.3647312094835288,Mark as VIP
16772,333.0,3,3723.55,601.0830250425756,At Risk,0.7803081541526317,Offer Discount; Mark as VIP; Send Retention Campaign
16773,346.0,2,249.65,-22.627461658853917,At Risk,0.7966556046976004,Offer Discount; Send Retention Campaign
16774,26.0,7,1475.1299999999999,309.069459620859,Loyal Customers,0.3876628588329635,Maintain Engagement
16775,32.0,13,2535.78,434.58724872594007,Loyal Customers,0.23620173185717402,Mark as VIP
16776,325.0,1,231.57,72.22035132327238,At Risk,0.8077425708424464,Offer Discount; Send Retention Campaign
16777,167.0,4,1258.66,233.27003763054188,Loyal Customers,0.48604256820400327,Maintain Engagement
16778,184.0,1,93.18,134.3648073222833,Loyal Customers,0.5625888085597373,Maintain Engagement
16779,16.0,46,29033.25,6014.135924237832,Loyal Customers,0.003582941180060898,Mark as VIP
16780,9.0,3,605.55,197.62479826786893,Loyal Customers,0.5045793423425328,Maintain Engagement
16781,282.0,2,934.25,114.03430501339153,At Risk,0.7962879422638303,Offer Discount; Send Retention Campaign
16782,48.0,34,9800.86,1697.3794216192402,Loyal Customers,0.02276251416544513,Mark as VIP
16783,346.0,1,391.95,71.9973392555251,At Risk,0.810561469357657,Offer Discount; Send Retention Campaign
16784,286.0,4,788.9300000000001,81.50065392549328,At Risk,0.7523882946017448,Offer Discount; Send Retention Campaign
16785,319.0,1,533.78,94.77567118140388,At Risk,0.8109841339122293,Offer Discount; Send Retention Campaign
16786,303.0,1,51.84,71.6970403362115,At Risk,0.8046165647786394,Offer Discount; Send Retention Campaign
16787,307.0,4,1035.43,119.06816098002764,At Risk,0.7534980560067647,Offer Discount; Send Retention Campaign
16788,33.0,5,1950.3,431.7640646591234,Loyal Customers,0.44508590891238836,Mark as VIP
16791,32.0,13,3117.18,564.7896345950932,Loyal Customers,0.23437247619843934,Mark as VIP
16792,192.0,5,623.46,79.55364016559929,Loyal Customers,0.4587801453355973,Maintain Engagement
16794,18.0,9,1496.7,282.6440874196623,Loyal Customers,0.3332085433044755,Maintain Engagement
16795,275.0,3,2492.39,406.47152266218137,At Risk,0.7758654513772457,Offer Discount; Mark as VIP; Send Retention Campaign
16797,302.0,5,1827.77,271.4621267717662,At Risk,0.7292652401755714,Offer Discount; Send Retention Campaign
16798,463.0,3,848.71,13.572956307974664,At Risk,0.7832873966297141,Offer Discount; Send Retention Campaign
16799,342.0,2,495.98,24.565262002019153,At Risk,0.7967103366956795,Offer Discount; Send Retention Campaign
16801,73.0,4,1619.73,353.79490751046217,Loyal Customers,0.47869512675917625,Maintain Engagement
16802,589.0,2,582.61,-91.573392453309,At Risk,0.8089689681426576,Offer Discount; Send Retention Campaign
16804,180.0,1,118.05,137.9887076033079,Loyal Customers,0.5627607780893359,Maintain Engagement
16805,83.0,5,1097.24,231.48532571066687,Loyal Customers,0.4501053193498855,Maintain Engagement
16806,13.0,4,801.49,222.74457705247443,Loyal Customers,0.4746778039702633,Maintain Engagement
16807,52.0,6,2123.88,448.61123241050757,Loyal Customers,0.41630856838413544,Mark as VIP
16808,8.0,2,288.42,154.09771059878113,Loyal Customers,0.5337092384478529,Maintain Engagement
16809,46.0,7,1283.43,257.90212056918864,Loyal Customers,0.38959971641648206,Maintain Engagement
16810,102.0,2,842.04,190.89898025212716,Loyal Customers,0.5439268685731926,Maintain Engagement
16812,270.0,4,2392.0,419.42189257443397,At Risk,0.7494427167291219,Offer Discount; Mark as VIP; Send Retention Campaign
16813,6.0,7,1187.64,261.7908017298896,Loyal Customers,0.3864910198857029,Maintain Engagement
16814,18.0,31,11197.3,2101.514771189386,Loyal Customers,0.030599290267393064,Mark as VIP
16815,363.0,2,410.97,-5.07981140590357,At Risk,0.7979493771250631,Offer Discount; Send Retention Campaign
16816,13.0,4,417.06,146.03955144153667,Loyal Customers,0.4749901723524756,Maintain Engagement
16817,95.0,11,2379.58,405.7327099105489,Loyal Customers,0.2849461003177075,Maintain Engagement
16818,3.0,9,2528.4700000000003,523.4616180482167,Loyal Customers,0.32795782122258654,Mark as VIP
16819,374.0,2,182.59,124.48979048476576,At Risk,0.781121859487319,Offer Discount; Send Retention Campaign
16820,5.0,1,497.61,250.7474141323812,Loyal Customers,0.5571398519133118,Maintain Engagement
16821,291.0,1,113.35,81.72215447982893,At Risk,0.8047909238191341,Offer Discount; Send Retention Campaign
16822,596.0,1,181.39,-67.65246605435038,At Risk,0.8192453268306293,Offer Discount; Send Retention Campaign
16823,137.0,7,2260.09,422.1441886484313,Loyal Customers,0.3930930940017302,Mark as VIP
16824,74.0,2,448.5,145.0013653157975,Loyal Customers,0.5395255875294104,Maintain Engagement
16825,95.0,4,1370.41,291.5917136007565,Loyal Customers,0.48070954464817944,Maintain Engagement
16827,303.0,5,392.13,-22.693883238887793,At Risk,0.7310713584914966,Offer Discount; Send Retention Campaign
16828,3.0,2,128.5,140.303912159074,Loyal Customers,0.5312111460997618,Maintain Engagement
16829,66.0,2,513.32,158.91264375760016,Loyal Customers,0.5393315555533917,Maintain Engagement
16830,352.0,3,881.59,74.93822237796883,At Risk,0.7777988863713045,Offer Discount; Send Retention Campaign
16831,474.0,1,91.8,-11.933533778989158,At Risk,0.8128521461857335,Offer Discount; Send Retention Campaign
16832,94.0,5,417.61,87.27035662137172,Loyal Customers,0.45189571998010925,Maintain Engagement
16833,169.0,5,1973.8,368.4179957076108,Loyal Customers,0.4548786449569112,Maintain Engagement
16834,137.0,2,898.9599999999999,181.5639801375694,Loyal Customers,0.546870420660446,Maintain Engagement
16835,38.0,6,1538.41,332.1910940433933,Loyal Customers,0.41671580458076496,Maintain Engagement
16836,26.0,3,621.82,191.73280930537317,Loyal Customers,0.5058971961560849,Maintain Engagement
16837,67.0,9,1911.74,356.88734453918414,Loyal Customers,0.33401801085210037,Maintain Engagement
16838,107.0,4,1159.61,243.88691056366645,Loyal Customers,0.48170207244459967,Maintain Engagement
16839,19.0,32,16585.420000000002,3346.1431261095877,Loyal Customers,0.024144673897394213,Mark as VIP
16840,513.0,2,139.85,-121.7233831935655,At Risk,0.8039011280398939,Offer Discount; Send Retention Campaign
16841,47.0,11,3697.3,723.4495381988526,Loyal Customers,0.27762357296228957,Mark as VIP
16842,10.0,3,1264.19,317.2880074795769,Loyal Customers,0.505755084090556,Maintain Engagement
16843,3.0,32,18184.1,3729.0666814052465,Loyal Customers,0.02316402258140905,Mark as VIP
16844,472.0,2,614.34,-22.5183953448377,At Risk,0.8032403907976964,Offer Discount; Send Retention Campaign
16845,528.0,1,253.88,-28.684277370020027,At Risk,0.8170859187260519,Offer Discount; Send Retention Campaign
16846,487.0,2,628.09,-33.81133147919684,At Risk,0.8045228250611343,Offer Discount; Send Retention Campaign
16847,528.0,1,421.45,-17.85507636026125,At Risk,0.8189655128120963,Offer Discount; Send Retention Campaign
16848,286.0,3,1130.2,157.10499090213568,At Risk,0.7743608384495084,Offer Discount; Send Retention Campaign
16849,96.0,1,124.57,180.76030127242365,Loyal Customers,0.5568006187733928,Maintain Engagement
16850,243.0,1,332.41,120.07903020305338,At Risk,0.8051684589750272,Offer Discount; Send Retention Campaign
16852,86.0,1,113.06,185.05816335289217,Loyal Customers,0.5558614047907556,Maintain Engagement
16854,326.0,2,1408.96,164.43177705230028,At Risk,0.8001980957657937,Offer Discount; Send Retention Campaign
16856,327.0,2,323.09000000000003,4.73969873995236,At Risk,0.7954138941643255,Offer Discount; Send Retention Campaign
16857,352.0,1,352.8,66.44225582173686,At Risk,0.8103790884054596,Offer Discount; Send Retention Campaign
16858,278.0,10,4668.28,840.0516349384861,At Risk,0.5853037094442348,Mark as VIP; Send Retention Campaign
16859,54.0,7,1932.41,393.4802865696763,Loyal Customers,0.3882540629991999,Maintain Engagement
16860,362.0,3,1610.62,202.74484856411,At Risk,0.7791634573818514,Offer Discount; Send Retention Campaign
16861,68.0,4,843.63,201.7268753567505,Loyal Customers,0.4789209938362497,Maintain Engagement
16862,457.0,4,662.33,-28.755380069860507,At Risk,0.7615745161965777,Offer Discount; Send Retention Campaign
16863,276.0,2,659.97,78.7511752765098,At Risk,0.7945897865550509,Offer Discount; Send Retention Campaign
16864,343.0,2,409.25,3.6922755041626942,At Risk,0.7970925626508303,Offer Discount; Send Retention Campaign
16865,311.0,1,130.95,72.77616315010931,At Risk,0.8059198776706519,Offer Discount; Send Retention Campaign
16866,50.0,3,207.74,116.70001175810864,Loyal Customers,0.5051291612030726,Maintain Engagement
16867,599.0,1,76.74000000000001,-75.92797444729194,At Risk,0.8182058053207065,Offer Discount; Send Retention Campaign
16868,304.0,3,393.39,10.78203610643834,At Risk,0.7747096654931876,Offer Discount; Send Retention Campaign
16869,75.0,2,387.68,153.5869408060351,Loyal Customers,0.5365737508587054,Maintain Engagement
16870,379.0,1,450.15999999999997,59.12156302890247,At Risk,0.8127142030169547,Offer Discount; Send Retention Campaign
16871,120.0,4,2037.82,414.828133385961,Loyal Customers,0.48161136568968094,Mark as VIP
16872,15.0,5,997.79,245.793340243785,Loyal Customers,0.44526487388797925,Maintain Engagement
16873,37.0,10,11365.24,2452.690527159296,Loyal Customers,0.2748446880856723,Mark as VIP
16874,289.0,1,217.74,89.47669087595017,At Risk,0.8059318441904748,Offer Discount; Send Retention Campaign
16875,54.0,10,3277.2,642.1927126761792,Loyal Customers,0.30381269947215633,Mark as VIP
16876,313.0,1,136.01,72.09482631547377,At Risk,0.8060713737434091,Offer Discount; Send Retention Campaign
16877,61.0,2,188.98,114.30213066238974,Loyal Customers,0.5366823441903897,Maintain Engagement
16880,9.0,7,1430.8,308.523531969704,Loyal Customers,0.38654975471911673,Maintain Engagement
16882,149.0,2,215.70000000000002,73.17190310096487,Loyal Customers,0.5433856589680676,Maintain Engagement
16883,97.0,19,2396.59,248.4066089009135,Loyal Customers,0.1365728864097538,Maintain Engagement
16884,466.0,2,644.08,-11.271758623710298,At Risk,0.8027353202341754,Offer Discount; Send Retention Campaign
16885,266.0,2,429.88,50.75444405690257,At Risk,0.7930039708953805,Offer Discount; Send Retention Campaign
16886,366.0,1,134.0,45.24394601472926,At Risk,0.8084703347379316,Offer Discount; Send Retention Campaign
16887,310.0,2,465.84000000000003,28.420782710036292,At Risk,0.7957932622114465,Offer Discount; Send Retention Campaign
16888,310.0,3,437.15,15.275080233231165,At Risk,0.7751155739329152,Offer Discount; Send Retention Campaign
16889,104.0,6,2530.9,508.6189581265485,Loyal Customers,0.41899124901544643,Mark as VIP
16890,386.0,3,285.41,-49.02742068281191,At Risk,0.7786380719271974,Offer Discount; Send Retention Campaign
16891,5.0,9,1807.26,357.4875993194729,Loyal Customers,0.33131916196062133,Maintain Engagement
16892,93.0,3,339.54,106.5480042034419,Loyal Customers,0.5103304598896299,Maintain Engagement
16893,276.0,2,401.77,54.39745828210471,At Risk,0.7921327098343715,Offer Discount; Send Retention Campaign
16894,412.0,3,1324.06,132.03105548220492,At Risk,0.7806776543684087,Offer Discount; Send Retention Campaign
16895,348.0,4,902.28,72.61231004382842,At Risk,0.7557244072537237,Offer Discount; Send Retention Campaign
16896,465.0,1,103.95,-6.610815157097704,At Risk,0.8125890517140316,Offer Discount; Send Retention Campaign
16897,209.0,2,289.78,64.27246258801671,Loyal Customers,0.5467474999116889,Maintain Engagement
16898,87.0,4,827.03,188.76630170546997,Loyal Customers,0.48033771726908253,Maintain Engagement
16899,59.0,5,949.64,214.2655682119181,Loyal Customers,0.4484609012187301,Maintain Engagement
16901,638.0,1,204.26,-87.3496132357185,At Risk,0.8213183637840554,Offer Discount; Send Retention Campaign
16902,26.0,1,1706.88,318.30885421672605,Loyal Customers,0.580993347342322,Maintain Engagement
16903,290.0,2,689.04,76.94493217663955,At Risk,0.7952968688879754,Offer Discount; Send Retention Campaign
16904,4.0,19,4427.17,766.7649297754673,Loyal Customers,0.12823788830269073,Mark as VIP
16905,146.0,13,2785.65,432.5593273002545,Loyal Customers,0.2415504234377579,Mark as VIP
16906,96.0,6,1263.97,245.1838041965661,Loyal Customers,0.42150841662221694,Maintain Engagement
16907,57.0,8,1438.13,268.7785721574097,Loyal Customers,0.36237996573756076,Maintain Engagement
16908,632.0,1,252.59,-81.20127286292188,At Risk,0.8215939553086531,Offer Discount; Send Retention Campaign
16910,1.0,1,111.78,227.82985201137672,Loyal Customers,0.549664222088145,Maintain Engagement
16911,545.0,2,255.25,-115.80093487839076,At Risk,0.8054085655336755,Offer Discount; Send Retention Campaign
16912,44.0,11,3463.31,672.3542178739588,Loyal Customers,0.27829204149267067,Mark as VIP
16913,200.0,3,423.91,68.18162269443121,Loyal Customers,0.5182965466613222,Maintain Engagement
16915,37.0,9,1303.89,230.7388472026106,Loyal Customers,0.3350900375477819,Maintain Engagement
16916,282.0,3,745.22,90.53361558009362,At Risk,0.7735360258313339,Offer Discount; Send Retention Campaign
16917,186.0,2,1857.83,303.1770092659568,Loyal Customers,0.5561447004764791,Maintain Engagement
16918,5.0,13,2967.17,544.294546704722,Loyal Customers,0.23347469727577802,Mark as VIP
16919,66.0,24,5125.91,798.5268626487741,Loyal Customers,0.07640907423438366,Mark as VIP
16920,321.0,1,355.45,82.24276680377312,At Risk,0.8090065074459822,Offer Discount; Send Retention Campaign
16921,352.0,2,276.88,-20.983630841269587,At Risk,0.7969987173552124,Offer Discount; Send Retention Campaign
16922,482.0,1,611.08,17.591548386019213,At Risk,0.8190803632522641,Offer Discount; Send Retention Campaign
16923,9.0,27,11052.26,2149.090659733598,Loyal Customers,0.04783323203096293,Mark as VIP
16925,450.0,1,125.65,2.354088707445044,At Risk,0.8121665971808131,Offer Discount; Send Retention Campaign
16926,281.0,5,1421.35,200.17292068763874,At Risk,0.7283979551742401,Offer Discount; Send Retention Campaign
16927,25.0,3,543.05,178.4068787262707,Loyal Customers,0.505613086747166,Maintain Engagement
16928,4.0,27,3669.18,425.0844727195682,Loyal Customers,0.056211555975429026,Mark as VIP
16929,37.0,2,428.88,166.28433724125046,Loyal Customers,0.5358916200651699,Maintain Engagement
16931,13.0,16,3548.2,618.2191828824222,Loyal Customers,0.17540344714956002,Mark as VIP
16932,333.0,2,278.77,-11.041659634058306,At Risk,0.7960944692543086,Offer Discount; Send Retention Campaign
16933,149.0,8,2842.75,528.733075638369,Loyal Customers,0.36405843593122394,Mark as VIP
16934,293.0,4,1160.06,150.9116258956504,At Risk,0.7526666442521307,Offer Discount; Send Retention Campaign
16935,291.0,3,535.1,48.41623938849057,At Risk,0.7736755627496685,Offer Discount; Send Retention Campaign
16936,295.0,1,288.49,91.02388822614756,At Risk,0.8070389566539963,Offer Discount; Send Retention Campaign
16937,408.0,1,202.1,28.46978481934525,At Risk,0.8111609966704982,Offer Discount; Send Retention Campaign
16938,89.0,8,6717.55,1405.2280243688153,Loyal Customers,0.3473639218653496,Mark as VIP
16939,398.0,3,449.0,-26.185085539376246,At Risk,0.7795290519255583,Offer Discount; Send Retention Campaign
16940,79.0,7,5246.14,1094.0282763559096,Loyal Customers,0.38027257564995415,Mark as VIP
16941,521.0,1,33.0,-39.42944728302996,At Risk,0.8142744602672696,Offer Discount; Send Retention Campaign
16942,46.0,7,1449.14,298.9017093887053,Loyal Customers,0.38837232926028453,Maintain Engagement
16943,121.0,5,1299.49,254.10229513436087,Loyal Customers,0.45250162030543156,Maintain Engagement
16944,519.0,1,101.36,-34.00334743510723,At Risk,0.814963613312884,Offer Discount; Send Retention Campaign
16945,8.0,27,7209.72,1250.6897957439992,Loyal Customers,0.0520668920920845,Mark as VIP
16946,293.0,5,1222.04,152.07688340961562,At Risk,0.7294851078581597,Offer Discount; Send Retention Campaign
16947,145.0,5,955.21,171.3577397073392,Loyal Customers,0.4548089428310912,Maintain Engagement
16948,48.0,7,868.77,167.51568572716434,Loyal Customers,0.3909819726806985,Maintain Engagement
16949,95.0,4,893.75,199.62270108636466,Loyal Customers,0.4806407170977889,Maintain Engagement
16950,34.0,9,3384.22,691.2779538908651,Loyal Customers,0.32771969904996234,Mark as VIP
16951,44.0,3,1277.75,302.85426609866676,Loyal Customers,0.5082403721693763,Maintain Engagement
16952,19.0,5,798.78,202.4290840567852,Loyal Customers,0.44595135895204985,Maintain Engagement
16954,34.0,15,5242.179999999999,1011.8721932219285,Loyal Customers,0.18868814743014298,Mark as VIP
16955,94.0,6,1309.41,255.501863009018,Loyal Customers,0.42129451164521975,Maintain Engagement
16957,149.0,2,416.64,105.67521790618139,Loyal Customers,0.5443204326856258,Maintain Engagement
16958,345.0,1,809.44,99.48177450532478,At Risk,0.8153006314392243,Offer Discount; Send Retention Campaign
16960,162.0,6,1737.91,311.92161924989273,Loyal Customers,0.42508980315900746,Maintain Engagement
16961,26.0,3,794.56,223.190439260458,Loyal Customers,0.5061947886751963,Maintain Engagement
16962,319.0,1,251.04,76.50361595971009,At Risk,0.8076966597288153,Offer Discount; Send Retention Campaign
16963,97.0,1,110.55000000000001,179.3500901164801,Loyal Customers,0.5566124092470317,Maintain Engagement
16964,643.0,2,207.85,-7.279901298228765,At Risk,0.7944326340246802,Offer Discount; Send Retention Campaign
16965,136.0,1,201.19,165.54508358179868,Loyal Customers,0.5611208869445685,Maintain Engagement
16966,80.0,4,1486.56,325.89547642627315,Loyal Customers,0.4789965463786464,Maintain Engagement
16967,99.0,1,319.02,191.8141121014126,Loyal Customers,0.5606304284457522,Maintain Engagement
16968,17.0,1,253.31,228.90950740910233,Loyal Customers,0.5534646280472603,Maintain Engagement
16969,44.0,2,478.96,167.0382773312379,Loyal Customers,0.5371896966900729,Maintain Engagement
16970,536.0,1,71.4,-44.51039232029734,At Risk,0.8153759630909699,Offer Discount; Send Retention Campaign
16972,292.0,2,786.25,88.20147827349513,At Risk,0.7960165340522175,Offer Discount; Send Retention Campaign
16973,296.0,1,127.0,80.08343733212945,At Risk,0.805182985578277,Offer Discount; Send Retention Campaign
16974,432.0,2,365.5,-44.703205845513025,At Risk,0.8008279898064242,Offer Discount; Send Retention Campaign
16975,332.0,3,926.12,95.3546271837298,At Risk,0.7766102372798502,Offer Discount; Send Retention Campaign
16976,176.0,1,251.51999999999998,148.63087624776153,Loyal Customers,0.5649450783007915,Maintain Engagement
16977,305.0,4,496.0,14.431013918473809,At Risk,0.753500384688438,Offer Discount; Send Retention Campaign
16978,575.0,2,424.55,60.0482920866034,At Risk,0.7920143862832727,Offer Discount; Send Retention Campaign
16979,57.0,5,1563.39,340.9042099760766,Loyal Customers,0.4473643833498066,Maintain Engagement
16980,164.0,3,1473.33,277.8709297021029,Loyal Customers,0.5173992143006128,Maintain Engagement
16983,6.0,9,2969.27,614.5970311553926,Loyal Customers,0.3272328793119675,Mark as VIP
16984,39.0,8,9499.58,2037.9129543330266,Loyal Customers,0.33516330018093987,Mark as VIP
16985,67.0,20,9037.58,1780.5959248919287,Loyal Customers,0.10778398613188181,Mark as VIP
16986,355.0,9,3015.55,450.0391322725356,At Risk,0.6253393779449878,Mark as VIP; Send Retention Campaign
16987,79.0,7,1540.3,296.33151090277755,Loyal Customers,0.3911788706706525,Maintain Engagement
16988,289.0,1,256.55,91.9847847542622,At Risk,0.8063888287953005,Offer Discount; Send Retention Campaign
16989,8.0,2,890.7,248.26498575877815,Loyal Customers,0.5369905006222219,Maintain Engagement
16990,128.0,2,344.0,101.93718724866295,Loyal Customers,0.5428241782950903,Maintain Engagement
16991,331.0,1,1041.21,121.51826976973274,At Risk,0.8173026868399028,Offer Discount; Send Retention Campaign
16992,8.0,11,4834.54,998.2625144584422,Loyal Customers,0.27132746915888867,Mark as VIP
16993,373.0,2,1950.9499999999998,224.14866227050805,At Risk,0.804393761440764,Offer Discount; Send Retention Campaign
16996,31.0,8,1708.43,341.4219869114777,Loyal Customers,0.35966165934693906,Maintain Engagement
16997,197.0,3,702.0,126.50473656542232,Loyal Customers,0.517657691259207,Maintain Engagement
16998,59.0,5,402.0,101.60618447742439,Loyal Customers,0.44939093943250585,Maintain Engagement
17000,306.0,2,406.3,36.487613730321755,At Risk,0.7939296602641329,Offer Discount; Send Retention Campaign
17001,1.0,16,5444.72,1057.1847534921671,Loyal Customers,0.16948649054651155,Mark as VIP
17002,125.0,6,2071.34,400.8565288274969,Loyal Customers,0.42163722230211603,Maintain Engagement
17003,312.0,4,830.16,77.03560508986573,At Risk,0.7537385806683029,Offer Discount; Send Retention Campaign
17004,2.0,3,2018.6200000000001,457.9565536953816,Loyal Customers,0.5065771094920011,Mark as VIP
17005,380.0,2,742.36,36.24301577503559,At Risk,0.8000965377615422,Offer Discount; Send Retention Campaign
17006,302.0,4,854.54,86.27649496642306,At Risk,0.7532501570195032,Offer Discount; Send Retention Campaign
17007,64.0,6,805.61,165.07240259189734,Loyal Customers,0.4202611431569689,Maintain Engagement
17008,339.0,1,81.36,55.45466607471411,At Risk,0.8066210976443807,Offer Discount; Send Retention Campaign
17009,460.0,1,242.06,4.835382716513436,At Risk,0.8139463889677687,Offer Discount; Send Retention Campaign
17011,557.0,2,400.8,-63.527748724757544,At Risk,0.8032031789766276,Offer Discount; Send Retention Campaign
17012,634.0,1,384.16,-73.70690867861299,At Risk,0.823128058978535,Offer Discount; Send Retention Campaign
17015,95.0,1,524.5,207.10992259531872,Loyal Customers,0.564151756004295,Maintain Engagement
17016,486.0,1,552.4,11.782678921131492,At Risk,0.8185987725312155,Offer Discount; Send Retention Campaign
17017,72.0,23,10847.63,2144.321331211314,Loyal Customers,0.07567821240619803,Mark as VIP
17018,235.0,5,1772.6,293.7239443605574,At Risk,0.7254564117801366,Offer Discount; Send Retention Campaign
17019,171.0,10,3735.52,685.5827931768285,Loyal Customers,0.30944896380076925,Mark as VIP
17020,452.0,2,935.62,29.60936657027912,At Risk,0.804176269838111,Offer Discount; Send Retention Campaign
17021,351.0,6,1182.22,101.57067544208218,At Risk,0.7088372203498442,Offer Discount; Send Retention Campaign
17022,342.0,1,189.0,60.89838595868213,At Risk,0.8080198712642874,Offer Discount; Send Retention Campaign
17023,327.0,3,800.1800000000001,72.75682341410453,At Risk,0.776425519998753,Offer Discount; Send Retention Campaign
17024,9.0,2,56.25,120.17296096115109,Loyal Customers,0.5320989728746567,Maintain Engagement
17025,283.0,4,1313.84,185.99133364930935,At Risk,0.7520960439201987,Offer Discount; Send Retention Campaign
17026,95.0,3,208.98000000000002,82.4519829986802,Loyal Customers,0.5101521607161554,Maintain Engagement
17027,89.0,7,1092.7,194.9761053352039,Loyal Customers,0.3931998018500688,Maintain Engagement
17028,491.0,3,1593.83,135.26346049412706,At Risk,0.7855357342908208,Offer Discount; Send Retention Campaign
17029,20.0,7,2137.3,454.60949442596194,Loyal Customers,0.38529734352535167,Mark as VIP
17031,64.0,5,2619.45,553.6741839018014,Loyal Customers,0.4462178500802144,Mark as VIP
17032,457.0,8,3004.6,411.19277197647364,At Risk,0.659456148903213,Mark as VIP; Send Retention Campaign
17033,123.0,3,910.75,196.1952123744398,Loyal Customers,0.513407145604957,Maintain Engagement
17034,197.0,3,680.2,116.71432103975326,Loyal Customers,0.5184669789012655,Maintain Engagement
17035,155.0,4,613.59,112.39664525891197,Loyal Customers,0.4854268839537271,Maintain Engagement
17036,293.0,1,176.89999999999998,84.82073032085594,At Risk,0.8056341516796222,Offer Discount; Send Retention Campaign
17038,324.0,1,630.77,98.52279644077794,At Risk,0.8123259258967939,Offer Discount; Send Retention Campaign
17039,514.0,1,1954.99,88.3082256026841,At Risk,0.8349049516246825,Offer Discount; Send Retention Campaign
17040,47.0,2,463.25,160.5294832182057,Loyal Customers,0.5376912112888118,Maintain Engagement
17041,18.0,5,1355.6,317.3781046888077,Loyal Customers,0.4449493913744687,Maintain Engagement
17042,31.0,4,922.8199999999999,237.70543998340048,Loyal Customers,0.47592315230024274,Maintain Engagement
17043,88.0,6,1206.34,236.65984135131094,Loyal Customers,0.421131553359143,Maintain Engagement
17044,284.0,11,11013.82,2246.602059395782,At Risk,0.5286881819012856,Mark as VIP; Send Retention Campaign
17045,22.0,5,827.6800000000001,207.51225289805268,Loyal Customers,0.44602646091580134,Maintain Engagement
17046,67.0,5,1906.07,405.68853048307005,Loyal Customers,0.44760557748248947,Maintain Engagement
17047,114.0,5,1937.76,388.38439670199534,Loyal Customers,0.45098658262998553,Maintain Engagement
17048,27.0,7,2071.68,436.91934144840724,Loyal Customers,0.3859826565610309,Mark as VIP
17049,27.0,15,6894.150000000001,1393.2685584565963,Loyal Customers,0.18330525433350153,Mark as VIP
17050,6.0,11,4691.79,967.1892181627194,Loyal Customers,0.27171805267121224,Mark as VIP
17051,104.0,4,714.39,158.00260746070717,Loyal Customers,0.48163507947629314,Maintain Engagement
17053,40.0,1,498.48,233.15770488440097,Loyal Customers,0.5596915464635109,Maintain Engagement
17054,47.0,4,1207.32,285.9841611453734,Loyal Customers,0.476925580172652,Maintain Engagement
17055,355.0,1,239.55,57.61097295434337,At Risk,0.8092004142217752,Offer Discount; Send Retention Campaign
17056,648.0,1,128.60000000000002,-97.28083123920851,At Risk,0.8209124817242334,Offer Discount; Send Retention Campaign
17057,505.0,1,294.74,-14.44780357467755,At Risk,0.8165355481123703,Offer Discount; Send Retention Campaign
17058,109.0,2,819.66,187.5034821901789,Loyal Customers,0.5437902881715374,Maintain Engagement
17059,20.0,8,4757.59,1011.7505057477756,Loyal Customers,0.3491319613652327,Mark as VIP
17060,176.0,1,234.24,147.51415730374623,Loyal Customers,0.5646250232120692,Maintain Engagement
17061,20.0,10,4658.83,972.7080444750043,Loyal Customers,0.29615710781376176,Mark as VIP
17062,223.0,6,1208.22,172.18601311707107,Loyal Customers,0.4303684940820958,Maintain Engagement
17063,73.0,10,2849.26,537.2330259110128,Loyal Customers,0.30652679665350446,Mark as VIP
17064,92.0,2,461.3,138.32164496097465,Loyal Customers,0.5408516822817638,Maintain Engagement
17065,547.0,2,194.7,39.115123353554054,At Risk,0.7897357620556166,Offer Discount; Send Retention Campaign
17066,636.0,1,228.34,-84.78510568183492,At Risk,0.8214983462041702,Offer Discount; Send Retention Campaign
17067,634.0,3,454.54,-102.76508855074098,At Risk,0.7872074673928743,Offer Discount; Send Retention Campaign
17068,4.0,42,8148.2300000000005,1165.444068831965,Loyal Customers,0.009433555314237098,Mark as VIP
17069,65.0,10,4580.37,926.9123664739304,Loyal Customers,0.2998848747633618,Mark as VIP
17070,23.0,2,445.32,170.0590416099206,Loyal Customers,0.5358066374156871,Maintain Engagement
17071,43.0,10,2774.59,535.790923606688,Loyal Customers,0.30491406236630536,Mark as VIP
17072,534.0,1,282.05,-29.888809917749086,At Risk,0.8176658980975052,Offer Discount; Send Retention Campaign
17073,19.0,1,453.79,240.85717613230565,Loyal Customers,0.5573399640106363,Maintain Engagement
17074,472.0,1,203.05,-3.7356703020842588,At Risk,0.8140351074814525,Offer Discount; Send Retention Campaign
17075,163.0,9,2103.68,343.71595815327987,Loyal Customers,0.34058203997686226,Maintain Engagement
17076,183.0,5,735.87,107.07256077005957,Loyal Customers,0.45795287351509745,Maintain Engagement
17077,487.0,1,306.0,-4.645075534016996,At Risk,0.8158695263497191,Offer Discount; Send Retention Campaign
17080,179.0,6,746.23,94.74560958583055,Loyal Customers,0.42863273831702153,Maintain Engagement
17081,305.0,4,674.23,49.310033242866325,At Risk,0.7534664457121175,Offer Discount; Send Retention Campaign
17082,228.0,5,3365.12,624.0588010017549,Loyal Customers,0.45692946288151076,Mark as VIP
17083,19.0,9,4049.79,845.8209106901311,Loyal Customers,0.3244589473605284,Mark as VIP
17084,306.0,1,2253.22,212.44857977124872,At Risk,0.8295103978121443,Offer Discount; Send Retention Campaign
17085,33.0,28,7891.41,1377.6750766000184,Loyal Customers,0.04626889377244335,Mark as VIP
17087,647.0,1,221.53,-90.77106615547302,At Risk,0.8218966346229153,Offer Discount; Send Retention Campaign
17088,92.0,2,1399.1100000000001,282.59163994690323,Loyal Customers,0.5462884498593531,Maintain Engagement
17089,296.0,1,128.45,80.17714349351962,At Risk,0.805200123928389,Offer Discount; Send Retention Campaign
17090,8.0,10,1917.3,362.9866152758474,Loyal Customers,0.30572282090537445,Maintain Engagement
17091,8.0,17,6675.34,1318.0713917694388,Loyal Customers,0.15066181682886268,Mark as VIP
17092,35.0,9,4450.25,926.2156509535205,Loyal Customers,0.3241102895068976,Mark as VIP
17093,502.0,1,235.88,-16.739118939602463,At Risk,0.8157377577173829,Offer Discount; Send Retention Campaign
17094,232.0,2,402.20000000000005,59.234373331456766,At Risk,0.7916762477965207,Offer Discount; Send Retention Campaign
17095,209.0,6,1792.05,299.5572896414753,Loyal Customers,0.4283490389123607,Maintain Engagement
17096,52.0,9,3180.9900000000002,637.8201970061127,Loyal Customers,0.3295252248494589,Mark as VIP
17097,10.0,7,1025.56,150.08893336407021,Loyal Customers,0.3976388812227202,Maintain Engagement
17098,291.0,3,591.07,53.596519864370634,At Risk,0.774254018763642,Offer Discount; Send Retention Campaign
17099,442.0,1,582.17,35.89002191107522,At Risk,0.8170069494173762,Offer Discount; Send Retention Campaign
17101,88.0,4,1115.9,245.06795878246947,Loyal Customers,0.4802971402950272,Maintain Engagement
17102,171.0,1,25.5,136.5451951234404,Loyal Customers,0.5603927798103527,Maintain Engagement
17103,632.0,1,424.3,-70.10452460615943,At Risk,0.8234825859132198,Offer Discount; Send Retention Campaign
17104,333.0,1,474.03000000000003,83.85595790481437,At Risk,0.8109244548341143,Offer Discount; Send Retention Campaign
17105,69.0,2,665.78,181.07439578269833,Loyal Customers,0.5404035777169423,Maintain Engagement
17106,299.0,1,491.23,102.10927028582387,At Risk,0.8095880414246275,Offer Discount; Send Retention Campaign
17107,64.0,7,11594.05,2468.0695531155316,Loyal Customers,0.3608476964800689,Mark as VIP
17108,573.0,1,174.95,-56.472751868494015,At Risk,0.818170384063286,Offer Discount; Send Retention Campaign
17109,142.0,4,875.01,170.897416591512,Loyal Customers,0.48429139602518867,Maintain Engagement
17110,75.0,3,510.7,146.8457688470114,Loyal Customers,0.5092960435725146,Maintain Engagement
17111,335.0,1,227.97,66.94600641617927,At Risk,0.8081563375601101,Offer Discount; Send Retention Campaign
17112,412.0,1,205.17000000000002,26.651505330901045,At Risk,0.8113763441627657,Offer Discount; Send Retention Campaign
17113,484.0,6,2322.59,275.8720301404214,At Risk,0.7144403775899701,Offer Discount; Send Retention Campaign
17114,48.0,6,603.59,131.30233788221443,Loyal Customers,0.4194933825220071,Maintain Engagement
17115,92.0,6,2536.81,515.4619401547018,Loyal Customers,0.4181833517755415,Mark as VIP
17116,557.0,1,389.78,-34.52266404346085,At Risk,0.8198730763674927,Offer Discount; Send Retention Campaign
17117,198.0,1,116.19999999999999,128.79410023760016,Loyal Customers,0.5640272700755515,Maintain Engagement
17118,227.0,1,157.02,116.81117437452008,At Risk,0.8023424773713701,Offer Discount; Send Retention Campaign
17120,143.0,1,307.46,168.88358924865173,Loyal Customers,0.5635977805215402,Maintain Engagement
17121,312.0,1,314.74,84.14941115595133,At Risk,0.8081224149438256,Offer Discount; Send Retention Campaign
17122,29.0,4,570.5,167.66283098055982,Loyal Customers,0.4761723581141644,Maintain Engagement
17123,71.0,3,977.17,233.7050334767651,Loyal Customers,0.509821267637245,Maintain Engagement
17124,95.0,1,298.89,192.52989013239744,Loyal Customers,0.5599672226692112,Maintain Engagement
17126,62.0,9,2070.44,388.1298869324157,Loyal Customers,0.3339577793924241,Maintain Engagement
17127,338.0,5,1155.0300000000002,115.41454631751333,At Risk,0.7321979092814533,Offer Discount; Send Retention Campaign
17128,244.0,1,157.09,108.2448164041898,At Risk,0.8031341651451782,Offer Discount; Send Retention Campaign
17129,430.0,1,31.85,6.375659693764078,At Risk,0.8101840242763708,Offer Discount; Send Retention Campaign
17132,361.0,2,1272.8,130.03014507172293,At Risk,0.8009419163175188,Offer Discount; Send Retention Campaign
17133,100.0,8,12208.880000000001,2599.068284068243,Loyal Customers,0.3305411545056573,Mark as VIP
17134,16.0,3,637.1,199.7577302902792,Loyal Customers,0.505159929111923,Maintain Engagement
17135,199.0,5,1314.98,218.40007201880059,Loyal Customers,0.4580951458819235,Maintain Engagement
17136,572.0,1,231.68,-52.30240957256831,At Risk,0.8187618669240708,Offer Discount; Send Retention Campaign
17137,326.0,6,1133.63,102.36156020055813,At Risk,0.7076072810573495,Offer Discount; Send Retention Campaign
17138,185.0,7,4417.27,862.6161646659637,Loyal Customers,0.39002309558493514,Mark as VIP
17139,32.0,20,15767.81,3356.735462659646,Loyal Customers,0.09351660178534611,Mark as VIP
17140,157.0,1,465.32,172.02690892386534,Loyal Customers,0.5675309555407355,Maintain Engagement
17141,328.0,4,754.33,53.412665232660345,At Risk,0.75470174502156,Offer Discount; Send Retention Campaign
17142,148.0,4,1283.75,247.63318160581179,Loyal Customers,0.48466021604673293,Maintain Engagement
17143,327.0,2,924.11,90.97667032223035,At Risk,0.7982742935914879,Offer Discount; Send Retention Campaign
17145,422.0,4,3120.91,471.9511586346909,At Risk,0.7590369226692772,Offer Discount; Mark as VIP; Send Retention Campaign
17146,15.0,13,5860.24,1195.7285728236604,Loyal Customers,0.22418410437639935,Mark as VIP
17147,116.0,7,2458.47,475.4790123642123,Loyal Customers,0.3910289966598249,Mark as VIP
17149,361.0,1,143.10000000000002,48.352880522171006,At Risk,0.8083490260627111,Offer Discount; Send Retention Campaign
17150,286.0,6,1375.65,173.0791060083098,At Risk,0.7047319769461491,Offer Discount; Send Retention Campaign
17151,645.0,1,231.90000000000003,-89.09256651376813,At Risk,0.8219250058725396,Offer Discount; Send Retention Campaign
17152,104.0,4,2016.5,414.46845646464675,Loyal Customers,0.4810621879057042,Mark as VIP
17155,87.0,6,784.06,148.022739773691,Loyal Customers,0.4220894633963795,Maintain Engagement
17156,401.0,1,591.87,57.187833839374264,At Risk,0.8153093173397309,Offer Discount; Send Retention Campaign
17157,86.0,18,4994.36,873.459953697964,Loyal Customers,0.14337886872125294,Mark as VIP
17158,142.0,4,1411.58,275.8350222833402,Loyal Customers,0.48416381670157316,Maintain Engagement
17159,81.0,3,1089.16,248.9369208534539,Loyal Customers,0.5107659025729273,Maintain Engagement
17160,19.0,16,9692.31,2022.0022097472167,Loyal Customers,0.15822920987285966,Mark as VIP
17161,353.0,1,856.01,98.45800180774955,At Risk,0.8161813456364425,Offer Discount; Send Retention Campaign
17162,40.0,9,1463.66,267.20216463229553,Loyal Customers,0.3343792057100108,Maintain Engagement
17163,355.0,2,406.68,-3.047415673711612,At Risk,0.797680138769939,Offer Discount; Send Retention Campaign
17164,61.0,3,1270.42,293.5566877036392,Loyal Customers,0.5093873771020928,Maintain Engagement
17165,193.0,6,1794.32,308.0511573846129,Loyal Customers,0.42720028404344895,Maintain Engagement
17166,113.0,1,127.59,172.3845868718181,Loyal Customers,0.5580888652243206,Maintain Engagement
17167,289.0,3,867.11,107.13022239084245,At Risk,0.7742540968795371,Offer Discount; Send Retention Campaign
17168,408.0,1,400.2,41.271985213408925,At Risk,0.8134369151418752,Offer Discount; Send Retention Campaign
17169,93.0,2,629.63,162.72700737087052,Loyal Customers,0.542043835686289,Maintain Engagement
17170,283.0,2,178.68,10.022236827335064,At Risk,0.7922391670772794,Offer Discount; Send Retention Campaign
17171,198.0,2,384.59,72.44989319172265,Loyal Customers,0.5482214226573751,Maintain Engagement
17172,340.0,2,638.81,39.74267075618491,At Risk,0.7978896387593148,Offer Discount; Send Retention Campaign
17173,26.0,2,961.26,258.9297274159141,Loyal Customers,0.5374279359498955,Maintain Engagement
17174,127.0,1,59.9,160.95175158044378,Loyal Customers,0.5578452909038364,Maintain Engagement
17175,50.0,3,1132.6299999999999,273.5874201411335,Loyal Customers,0.5084038730579653,Maintain Engagement
17176,111.0,3,902.3199999999999,199.84597467533723,Loyal Customers,0.5126376648799004,Maintain Engagement
17177,415.0,1,119.5,19.60257827808732,At Risk,0.8105217858126389,Offer Discount; Send Retention Campaign
17178,640.0,1,436.71000000000004,-73.33588521620925,At Risk,0.8239596410863039,Offer Discount; Send Retention Campaign
17179,87.0,6,1507.26,301.0857615924129,Loyal Customers,0.4202700578440777,Maintain Engagement
17180,150.0,10,2025.81,315.39855583068504,Loyal Customers,0.314276867819643,Maintain Engagement
17181,283.0,2,380.97,29.355949909762103,At Risk,0.7941411496491741,Offer Discount; Send Retention Campaign
17182,332.0,2,321.3,-4.6392252010114134,At Risk,0.7962690013271843,Offer Discount; Send Retention Campaign
17183,15.0,1,329.67,234.85260676814323,Loyal Customers,0.5547410793399541,Maintain Engagement
17184,479.0,2,198.41000000000003,-97.00630413200804,At Risk,0.8026709500420219,Offer Discount; Send Retention Campaign
17185,501.0,3,229.46,-76.62533087926977,At Risk,0.7803155219020003,Offer Discount; Send Retention Campaign
17187,136.0,2,467.71,116.49631482760503,Loyal Customers,0.5441879335761313,Maintain Engagement
17188,74.0,11,3933.79,762.8797232305893,Loyal Customers,0.2783760974320022,Mark as VIP
17189,15.0,5,957.63,237.02897739135875,Loyal Customers,0.44540533279004096,Maintain Engagement
17190,117.0,6,1493.3,282.85116684054327,Loyal Customers,0.4224760926168742,Maintain Engagement
17191,4.0,14,4303.88,830.3755090805024,Loyal Customers,0.20888911085343795,Mark as VIP
17192,445.0,1,77.83,1.7845716932811229,At Risk,0.8113915891718095,Offer Discount; Send Retention Campaign
17193,86.0,4,1059.3,234.64464518663317,Loyal Customers,0.4802166272981058,Maintain Engagement
17194,183.0,3,812.5,147.68315253946201,Loyal Customers,0.5176943071234833,Maintain Engagement
17195,565.0,1,562.98,-27.36298072942418,At Risk,0.8221363536959156,Offer Discount; Send Retention Campaign
17196,337.0,1,352.9,74.01126100626055,At Risk,0.8097021556535247,Offer Discount; Send Retention Campaign
17198,275.0,2,1043.32,168.0242132737925,At Risk,0.793166451313914,Offer Discount; Send Retention Campaign
17199,492.0,1,145.12,-17.562783266148358,At Risk,0.8142636729855393,Offer Discount; Send Retention Campaign
17200,297.0,4,356.71,-9.05003689240607,At Risk,0.7531178592981044,Offer Discount; Send Retention Campaign
17201,433.0,3,899.41,38.23574083080723,At Risk,0.7818168909609495,Offer Discount; Send Retention Campaign
17202,330.0,1,160.65,65.11630309366484,At Risk,0.8071400827123105,Offer Discount; Send Retention Campaign
17203,298.0,4,2012.03,658.3640871639433,At Risk,0.7137092258137934,Offer Discount; Mark as VIP; Send Retention Campaign
17204,85.0,9,5504.6900000000005,1134.5277362626468,Loyal Customers,0.323623267363874,Mark as VIP
17205,325.0,2,615.27,44.29680349197787,At Risk,0.7970313383765236,Offer Discount; Send Retention Campaign
17207,561.0,1,303.21999999999997,-42.13327680459531,At Risk,0.8190820271226518,Offer Discount; Send Retention Campaign
17208,305.0,1,115.35,74.79303117968283,At Risk,0.805459891455172,Offer Discount; Send Retention Campaign
17209,558.0,3,611.6,-75.94163762199196,At Risk,0.7875621997399641,Offer Discount; Send Retention Campaign
17210,302.0,1,253.37,85.22507378337588,At Risk,0.806947082979863,Offer Discount; Send Retention Campaign
17211,90.0,11,3194.32,588.9517499979904,Loyal Customers,0.28196237189806617,Mark as VIP
17212,162.0,3,794.41,155.08183893686913,Loyal Customers,0.5161072126971193,Maintain Engagement
17213,51.0,11,4181.08,829.9138777677408,Loyal Customers,0.2761487041527753,Mark as VIP
17214,158.0,4,613.67,113.32706620570593,Loyal Customers,0.485293716604501,Maintain Engagement
17215,374.0,1,186.15,44.58078047615885,At Risk,0.8094408666926505,Offer Discount; Send Retention Campaign
17216,464.0,1,65.05,-8.620555767200813,At Risk,0.8120974315626355,Offer Discount; Send Retention Campaign
17217,143.0,2,218.0,74.76022717521653,Loyal Customers,0.5432205038352155,Maintain Engagement
17218,123.0,13,3180.54,533.8427749508229,Loyal Customers,0.23892344270762472,Mark as VIP
17219,326.0,1,144.9,66.11513835698696,At Risk,0.8067721456004028,Offer Discount; Send Retention Campaign
17220,8.0,17,3578.48,605.8748729447848,Loyal Customers,0.15917366446043635,Mark as VIP
17221,501.0,3,643.39,-27.18749329195407,At Risk,0.7833804833049344,Offer Discount; Send Retention Campaign
17222,387.0,5,1250.8600000000001,110.92492335699319,At Risk,0.7348261844599475,Offer Discount; Send Retention Campaign
17223,219.0,3,873.53,143.65114199765145,Loyal Customers,0.5200026366411008,Maintain Engagement
17224,411.0,1,100.86000000000001,20.414647468018075,At Risk,0.8101252877218219,Offer Discount; Send Retention Campaign
17225,491.0,1,131.15,-17.961424149729396,At Risk,0.8140599517830417,Offer Discount; Send Retention Campaign
17226,218.0,3,900.12,145.68152595609337,Loyal Customers,0.5204573400597047,Maintain Engagement
17227,82.0,9,1556.46,263.55959561227957,Loyal Customers,0.3371916146733116,Maintain Engagement
17228,117.0,9,1958.73,335.06282437114044,Loyal Customers,0.33804020429275655,Maintain Engagement
17229,6.0,2,318.76,162.4895103534418,Loyal Customers,0.5333455586705586,Maintain Engagement
17230,173.0,18,9924.95,1967.1024373571088,Loyal Customers,0.13382203203904217,Mark as VIP
17231,35.0,22,5961.44,1045.4188868448293,Loyal Customers,0.09218744473568076,Mark as VIP
17233,358.0,2,369.98,-10.284253849084507,At Risk,0.7976913612051282,Offer Discount; Send Retention Campaign
17234,92.0,1,149.89,184.41328277594852,Loyal Customers,0.5569814389297032,Maintain Engagement
17235,282.0,7,1696.72,229.9379638285692,At Risk,0.6782817976062965,Send Retention Campaign
17236,89.0,11,1710.8600000000001,256.9073919905177,Loyal Customers,0.28722347141428434,Maintain Engagement
17237,285.0,2,687.39,102.97197324681332,At Risk,0.7927861149761023,Offer Discount; Send Retention Campaign
17238,46.0,26,5998.37,968.7172134932497,Loyal Customers,0.060248309038288324,Mark as VIP
17239,222.0,4,1189.45,192.64412047416556,Loyal Customers,0.49000322495835263,Maintain Engagement
17240,506.0,1,130.6,-25.55951055675348,At Risk,0.8147198114780454,Offer Discount; Send Retention Campaign
17241,295.0,12,2744.14,368.3218173882467,At Risk,0.5368388481811094,Send Retention Campaign
17242,18.0,5,2889.2799999999997,631.9747803527312,Loyal Customers,0.44248141027158583,Mark as VIP
17243,2.0,59,16667.170000000002,2826.7726298910547,Loyal Customers,0.0010886375479491912,Mark as VIP
17244,293.0,4,871.14,93.69233471717757,At Risk,0.7527953744518948,Offer Discount; Send Retention Campaign
17245,114.0,2,371.63,112.71683875140366,Loyal Customers,0.5420401224473642,Maintain Engagement
17246,456.0,2,38.92,-109.89893463326916,At Risk,0.8010007781479631,Offer Discount; Send Retention Campaign
17248,30.0,2,546.16,181.80233481732216,Loyal Customers,0.536938846247739,Maintain Engagement
17249,338.0,1,68.03,55.09738515202247,At Risk,0.8064185152124781,Offer Discount; Send Retention Campaign
17250,170.0,1,162.65,145.91267500488158,Loyal Customers,0.5628648193870919,Maintain Engagement
17251,272.0,3,812.4300000000001,102.50416870956286,At Risk,0.7736446163764497,Offer Discount; Send Retention Campaign
17252,26.0,2,353.86,156.5118713194405,Loyal Customers,0.5351992750314576,Maintain Engagement
17254,311.0,1,198.29,77.12800653494656,At Risk,0.8067123160340143,Offer Discount; Send Retention Campaign
17255,209.0,3,613.18,99.10206542656152,Loyal Customers,0.5191382696946731,Maintain Engagement
17256,17.0,5,498.93,142.08354006173732,Loyal Customers,0.44626718072095817,Maintain Engagement
17257,346.0,2,192.73,140.15278934878097,At Risk,0.7797542663282552,Offer Discount; Send Retention Campaign
17258,306.0,2,417.3,23.167012735075673,At Risk,0.7953990560067898,Offer Discount; Send Retention Campaign
17259,58.0,6,1889.34,396.02521752999763,Loyal Customers,0.4173142424599401,Maintain Engagement
17260,321.0,1,120.95,67.0882186341218,At Risk,0.8062613080295529,Offer Discount; Send Retention Campaign
17261,419.0,1,230.44,24.755390947682486,At Risk,0.8119817520188657,Offer Discount; Send Retention Campaign
17262,136.0,10,2459.62,418.90006246518755,Loyal Customers,0.31184958574673194,Mark as VIP
17263,118.0,1,63.440000000000005,165.71804947849432,Loyal Customers,0.5572588342859501,Maintain Engagement
17264,334.0,1,279.59,70.78611527437846,At Risk,0.8087132236045009,Offer Discount; Send Retention Campaign
17265,48.0,2,562.9,178.99948911674164,Loyal Customers,0.5378151792569188,Maintain Engagement
17266,57.0,3,320.15,121.22508916303963,Loyal Customers,0.5076453929180725,Maintain Engagement
17267,36.0,2,317.62,315.48986252373084,Loyal Customers,0.5110723346541255,Maintain Engagement
17268,17.0,11,1733.8899999999999,297.8502178762663,Loyal Customers,0.28289171893835685,Maintain Engagement
17269,295.0,1,537.46,107.1135592615338,At Risk,0.8099436352312224,Offer Discount; Send Retention Campaign
17270,379.0,2,604.4,14.908290279171524,At Risk,0.7995908327831555,Offer Discount; Send Retention Campaign
17271,646.0,1,210.39,-90.98681846199611,At Risk,0.8217306926215375,Offer Discount; Send Retention Campaign
17272,109.0,2,1409.44,275.8690621035381,Loyal Customers,0.5475484344651845,Maintain Engagement
17273,333.0,1,141.12,62.341669499020725,At Risk,0.8070481823954435,Offer Discount; Send Retention Campaign
17274,305.0,1,465.4,97.41499103804716,At Risk,0.8095597329403863,Offer Discount; Send Retention Campaign
17275,293.0,1,114.52,80.78942663291213,At Risk,0.8048970612422185,Offer Discount; Send Retention Campaign
17276,311.0,1,508.39,97.16820008466453,At Risk,0.8103297250802871,Offer Discount; Send Retention Campaign
17277,137.0,2,1065.3500000000001,208.36205669977966,Loyal Customers,0.5476603256584034,Maintain Engagement
17278,151.0,2,271.24,78.9312332607351,Loyal Customers,0.5441101999636143,Maintain Engagement
17280,347.0,1,118.86,53.844745181408655,At Risk,0.8074271838600177,Offer Discount; Send Retention Campaign
17281,283.0,6,797.8499999999999,52.917338201857774,At Risk,0.7057137560622416,Offer Discount; Send Retention Campaign
17282,40.0,5,2339.66,508.37796617133705,Loyal Customers,0.4449272490866106,Mark as VIP
17283,288.0,1,188.46,88.08864217796662,At Risk,0.8055405170300131,Offer Discount; Send Retention Campaign
17284,30.0,7,2634.72,557.4077526897521,Loyal Customers,0.3844241108902068,Mark as VIP
17285,538.0,2,428.34,-87.69877964715522,At Risk,0.8059073092852673,Offer Discount; Send Retention Campaign
17286,310.0,2,241.56,165.7489973263871,At Risk,0.7781362149221821,Offer Discount; Send Retention Campaign
17287,53.0,19,3750.26,583.2061374203024,Loyal Customers,0.13168235378262572,Mark as VIP
17288,117.0,9,1743.95,289.990551465268,Loyal Customers,0.33848608367826694,Maintain Engagement
17289,90.0,7,1302.34,239.8086028418008,Loyal Customers,0.39261943183450426,Maintain Engagement
17290,291.0,6,976.2,86.30203989407431,At Risk,0.7058594447395486,Offer Discount; Send Retention Campaign
17291,218.0,1,550.8000000000001,146.79670842491504,At Risk,0.8065938202517327,Offer Discount; Send Retention Campaign
17292,381.0,2,271.75,-35.87477029907018,At Risk,0.7983056762609749,Offer Discount; Send Retention Campaign
17293,29.0,13,2766.15,486.6662908343552,Loyal Customers,0.23542449748642108,Mark as VIP
17294,578.0,2,467.79,65.12946781405856,At Risk,0.7923314194622351,Offer Discount; Send Retention Campaign
17296,640.0,1,338.13,-79.70661169196285,At Risk,0.8228795873234859,Offer Discount; Send Retention Campaign
17298,10.0,5,957.5600000000001,239.6503247851486,Loyal Customers,0.4450260908937583,Maintain Engagement
17299,10.0,4,615.16,186.01430775594076,Loyal Customers,0.47476410393342083,Maintain Engagement
17300,300.0,2,393.64,23.85371709210233,At Risk,0.794898347777883,Offer Discount; Send Retention Campaign
17301,534.0,1,132.8,-39.53408204704749,At Risk,0.8159832167918204,Offer Discount; Send Retention Campaign
17302,32.0,3,661.61,196.7939990779219,Loyal Customers,0.5062839978335828,Maintain Engagement
17303,271.0,1,250.04,100.63912763085136,At Risk,0.8054850296550409,Offer Discount; Send Retention Campaign
17304,443.0,1,111.5,4.96883241111766,At Risk,0.811689754382561,Offer Discount; Send Retention Campaign
17305,558.0,1,2135.46,77.78762976492595,At Risk,0.8385287611618312,Offer Discount; Send Retention Campaign
17306,9.0,17,7851.099999999999,1590.4967335423155,Loyal Customers,0.14738083388965997,Mark as VIP
17307,305.0,11,3999.8900000000003,662.80574969031,At Risk,0.5609785348693872,Mark as VIP; Send Retention Campaign
17308,303.0,2,4511.76,651.3192868925142,At Risk,0.81068449273792,Offer Discount; Mark as VIP; Send Retention Campaign
17309,5.0,3,330.59,149.26347162072875,Loyal Customers,0.5038562937446099,Maintain Engagement
17310,296.0,2,1025.1,121.42076168705171,At Risk,0.797253471099674,Offer Discount; Send Retention Campaign
17311,226.0,5,2738.17,496.5563495401949,Loyal Customers,0.4577846518365494,Mark as VIP
17312,48.0,3,644.3,197.06573322184875,Loyal Customers,0.5057554398923965,Maintain Engagement
17314,58.0,14,3883.43,707.5455073776332,Loyal Customers,0.21289291754456394,Mark as VIP
17315,10.0,35,7727.38,1212.0660092438118,Loyal Customers,0.02107559243549234,Mark as VIP
17316,330.0,1,124.45,62.77688030585517,At Risk,0.8067151137497428,Offer Discount; Send Retention Campaign
17318,635.0,1,164.28,-88.42080975440456,At Risk,0.8207461976962535,Offer Discount; Send Retention Campaign
17319,579.0,1,29.099999999999998,-68.92331628182092,At Risk,0.8167936200359759,Offer Discount; Send Retention Campaign
17320,10.0,6,2895.77,632.5126302508412,Loyal Customers,0.4114737564728299,Mark as VIP
17321,304.0,4,1040.32,122.27446061362753,At Risk,0.7532535921814192,Offer Discount; Send Retention Campaign
17322,286.0,5,922.59,93.7215967291778,At Risk,0.7295173894407778,Offer Discount; Send Retention Campaign
17323,34.0,9,1181.77,204.87681169407705,Loyal Customers,0.3353729210206628,Maintain Engagement
17324,241.0,10,2013.87,267.13738037697686,Loyal Customers,0.3200751233696191,Maintain Engagement
17325,190.0,3,609.5699999999999,106.97238237965473,Loyal Customers,0.5178914596600955,Maintain Engagement
17326,318.0,2,321.95,3.3568948638611573,At Risk,0.7955240318433364,Offer Discount; Send Retention Campaign
17327,319.0,2,152.35,-23.29961884630552,At Risk,0.7949323745673154,Offer Discount; Send Retention Campaign
17328,582.0,1,104.7,-65.55017943988116,At Risk,0.8177759069844129,Offer Discount; Send Retention Campaign
17329,225.0,4,724.6800000000001,99.04388616848149,Loyal Customers,0.4905076567173807,Maintain Engagement
17330,454.0,2,59.900000000000006,-104.9217923517026,At Risk,0.8009163953354224,Offer Discount; Send Retention Campaign
17331,33.0,1,175.2,215.79494122907852,Loyal Customers,0.5531717056681507,Maintain Engagement
17332,437.0,5,838.27,2.454147060609216,At Risk,0.7380444155056548,Offer Discount; Send Retention Campaign
17334,212.0,3,635.15,102.29704744862079,Loyal Customers,0.5192933070890903,Maintain Engagement
17335,293.0,2,508.0,43.48362102041273,At Risk,0.795140381230767,Offer Discount; Send Retention Campaign
17336,382.0,1,81.12,33.75986704289437,At Risk,0.8085811740133848,Offer Discount; Send Retention Campaign
17337,61.0,4,2027.8700000000001,439.06279484561395,Loyal Customers,0.47780609489352166,Mark as VIP
17338,24.0,16,10705.66,2252.344107007936,Loyal Customers,0.15562233120642796,Mark as VIP
17339,4.0,3,362.36,155.71734196445823,Loyal Customers,0.503813688319147,Maintain Engagement
17340,30.0,14,17645.18,3856.812617094364,Loyal Customers,0.1697386884994633,Mark as VIP
17341,66.0,5,1889.83,403.0541292081693,Loyal Customers,0.44753135794622845,Maintain Engagement
17342,289.0,4,1227.54,165.91760487371994,At Risk,0.7524584080700131,Offer Discount; Send Retention Campaign
17343,265.0,6,1259.94,159.15655934953452,At Risk,0.7036980980360636,Offer Discount; Send Retention Campaign
17344,638.0,1,307.54,-80.67514954718308,At Risk,0.8224576028495024,Offer Discount; Send Retention Campaign
17345,3.0,9,1351.07,257.7460134250539,Loyal Customers,0.3327756131232729,Maintain Engagement
17346,13.0,19,3912.65,641.4347245240544,Loyal Customers,0.1299112329596904,Mark as VIP
17348,207.0,5,1477.04,247.39604834118308,Loyal Customers,0.45844718573822185,Maintain Engagement
17349,89.0,5,852.25,178.3653712125714,Loyal Customers,0.45091416751282076,Maintain Engagement
17350,303.0,3,619.971,52.09216732219153,At Risk,0.7749772756103392,Offer Discount; Send Retention Campaign
17351,78.0,11,1828.38,288.4684374286427,Loyal Customers,0.28617843762420014,Maintain Engagement
17352,605.0,1,36.25,-81.5696552991925,At Risk,0.81801410085173,Offer Discount; Send Retention Campaign
17353,38.0,4,3242.0,687.659278551553,Loyal Customers,0.47589725470665484,Mark as VIP
17354,338.0,3,1750.3999999999999,497.078126219864,At Risk,0.7512113086789799,Offer Discount; Mark as VIP; Send Retention Campaign
17355,296.0,1,285.11,90.30128641999119,At Risk,0.8070450449152077,Offer Discount; Send Retention Campaign
17356,221.0,5,946.47,131.34218255202023,Loyal Customers,0.4603511603396772,Maintain Engagement
17358,212.0,5,866.05,119.46172164377111,Loyal Customers,0.4598132741706466,Maintain Engagement
17359,558.0,1,156.6,-50.09607680648662,At Risk,0.81730750857382,Offer Discount; Send Retention Campaign
17360,93.0,4,976.54,215.62246550992649,Loyal Customers,0.48064890790164805,Maintain Engagement
17361,96.0,4,656.36,150.54652900596238,Loyal Customers,0.4810825482705606,Maintain Engagement
17362,149.0,7,1024.04,150.15248964197997,Loyal Customers,0.3975888677695757,Maintain Engagement
17363,304.0,3,940.86,152.01354953319185,At Risk,0.7711242933696042,Offer Discount; Send Retention Campaign
17364,47.0,23,10223.05,2011.4601573316247,Loyal Customers,0.07615780394115257,Mark as VIP
17365,79.0,12,5794.43,1164.0082479333305,Loyal Customers,0.24914040064551518,Mark as VIP
17366,341.0,2,1096.24,115.89093237690224,At Risk,0.799067739668409,Offer Discount; Send Retention Campaign
17367,148.0,1,168.4,157.3759976830953,Loyal Customers,0.5613805898506987,Maintain Engagement
17368,3.0,12,2549.14,469.42404010455084,Loyal Customers,0.25631534946830214,Mark as VIP
17369,365.0,1,979.2,100.36911387707266,At Risk,0.8180951485887326,Offer Discount; Send Retention Campaign
17370,2.0,2,228.06,149.1696026329825,Loyal Customers,0.5327261988835219,Maintain Engagement
17371,271.0,4,336.29,-0.32597522378262056,At Risk,0.7517410211285828,Offer Discount; Send Retention Campaign
17372,76.0,26,4096.01,509.42209624016857,Loyal Customers,0.0632993069651073,Mark as VIP
17373,43.0,5,807.88,192.3356139373766,Loyal Customers,0.4476592969035745,Maintain Engagement
17374,128.0,3,727.11,160.34857938980514,Loyal Customers,0.5134409149957144,Maintain Engagement
17375,109.0,4,660.55,145.59479818222422,Loyal Customers,0.48192113415407584,Maintain Engagement
17376,221.0,3,356.29,45.81035924618283,Loyal Customers,0.5196431772187126,Maintain Engagement
17377,36.0,67,16263.87,2545.853549601973,Loyal Customers,0.00044312642072433136,Mark as VIP
17378,283.0,1,10.95,79.13791683918822,At Risk,0.8032046270647546,Offer Discount; Send Retention Campaign
17380,343.0,3,645.0,38.14061654910654,At Risk,0.7768824972417144,Offer Discount; Send Retention Campaign
17381,9.0,33,37988.41,8363.751033205808,Loyal Customers,0.012976861432509817,Mark as VIP
17382,345.0,7,836.88,14.275645827679341,At Risk,0.6844688284083341,Send Retention Campaign
17383,363.0,1,110.7,45.25069347672439,At Risk,0.8080616649871075,Offer Discount; Send Retention Campaign
17384,128.0,2,398.79999999999995,110.13988302338515,Loyal Customers,0.543174844918267,Maintain Engagement
17386,9.0,6,1823.69,407.6595759778052,Loyal Customers,0.413865784547788,Mark as VIP
17388,41.0,10,2385.04,449.88870731278496,Loyal Customers,0.3061942821939838,Mark as VIP
17389,5.0,52,34895.08,7290.760672249566,Loyal Customers,0.0015427626410953628,Mark as VIP
17390,330.0,1,149.3,64.3828100372661,At Risk,0.8070069162573005,Offer Discount; Send Retention Campaign
17391,73.0,2,508.8,325.98870243818874,Loyal Customers,0.5149415385597892,Maintain Engagement
17392,216.0,3,626.56,98.04216106470506,Loyal Customers,0.5196698894926405,Maintain Engagement
17393,320.0,2,381.15000000000003,12.188450695549932,At Risk,0.7957750591560881,Offer Discount; Send Retention Campaign
17394,129.0,1,203.86999999999998,169.2474650069861,Loyal Customers,0.5606641246182782,Maintain Engagement
17395,418.0,1,97.5,16.66832108438541,At Risk,0.8104025228544282,Offer Discount; Send Retention Campaign
17396,58.0,12,6278.1,1285.2607949196642,Loyal Customers,0.24616007157605654,Mark as VIP
17397,326.0,1,536.77,91.43971315972152,At Risk,0.8113336603568619,Offer Discount; Send Retention Campaign
17398,24.0,3,653.38,199.75668689724426,Loyal Customers,0.5056199765921583,Maintain Engagement
17400,36.0,8,4677.05,986.0482003103675,Loyal Customers,0.3504682255006971,Mark as VIP
17401,450.0,1,114.85,1.6561393674355713,At Risk,0.8120424187860281,Offer Discount; Send Retention Campaign
17402,11.0,18,4194.78,726.6185723115334,Loyal Customers,0.14279106896079227,Mark as VIP
17403,360.0,1,118.95,47.29635776069193,At Risk,0.8080213822565658,Offer Discount; Send Retention Campaign
17404,33.0,18,36878.6,8067.505916489634,Loyal Customers,0.08499510794237773,Mark as VIP
17405,60.0,1,393.31,216.27770980718407,Loyal Customers,0.5591865242885621,Maintain Engagement
17406,243.0,13,4905.05,864.938253705604,Loyal Customers,0.23927874166336965,Mark as VIP
17407,321.0,1,552.9,95.00296098755842,At Risk,0.8112948534234212,Offer Discount; Send Retention Campaign
17408,73.0,3,316.09000000000003,112.63421984783577,Loyal Customers,0.5087818810333236,Maintain Engagement
17409,94.0,10,7793.51,1628.2272031506948,Loyal Customers,0.2904097303231258,Mark as VIP
17410,5.0,2,419.55,176.06890995999555,Loyal Customers,0.5342109308285308,Maintain Engagement
17411,171.0,3,932.02,174.99463628044117,Loyal Customers,0.5170930812948377,Maintain Engagement
17412,106.0,13,3869.2799999999997,698.328785363937,Loyal Customers,0.23566326728626816,Mark as VIP
17413,314.0,2,560.14,41.31610793257187,At Risk,0.7963034711621643,Offer Discount; Send Retention Campaign
17414,94.0,5,2069.52,425.4691111934651,Loyal Customers,0.4493233900244978,Mark as VIP
17416,19.0,20,15699.52,3347.281198905718,Loyal Customers,0.09332956825468569,Mark as VIP
17417,458.0,1,164.18,0.8107315011960736,At Risk,0.8129667290812712,Offer Discount; Send Retention Campaign
17418,233.0,2,373.99,55.45587294397319,At Risk,0.7915135481050681,Offer Discount; Send Retention Campaign
17419,53.0,14,4933.95,949.564809071389,Loyal Customers,0.20917860902377114,Mark as VIP
17420,81.0,5,877.11,188.4186866758751,Loyal Customers,0.450159435093616,Maintain Engagement
17421,295.0,3,1059.41,135.83056852824552,At Risk,0.7751281662136805,Offer Discount; Send Retention Campaign
17422,3.0,10,3314.36,676.5957103444103,Loyal Customers,0.30047122502039,Mark as VIP
17423,127.0,2,869.96,182.7807973238468,Loyal Customers,0.5458824118354594,Maintain Engagement
17426,1.0,11,7321.1,1559.7209046435207,Loyal Customers,0.26229750164460414,Mark as VIP
17428,20.0,37,25224.0,5283.757210231838,Loyal Customers,0.011117300294701007,Mark as VIP
17429,38.0,5,1357.46,308.22933825417874,Loyal Customers,0.44631833505111596,Maintain Engagement
17430,275.0,3,582.01,60.65697811609215,At Risk,0.7733546957622616,Offer Discount; Send Retention Campaign
17431,223.0,1,403.3,134.74368237512897,At Risk,0.8050846730508551,Offer Discount; Send Retention Campaign
17432,294.0,7,1385.6299999999999,155.3005506079416,At Risk,0.6800981215131484,Send Retention Campaign
17433,295.0,1,266.8,89.6221733016285,At Risk,0.8067843113907207,Offer Discount; Send Retention Campaign
17435,321.0,1,331.35,80.68530577652956,At Risk,0.8087257538689073,Offer Discount; Send Retention Campaign
17436,136.0,4,440.16,87.89077894839971,Loyal Customers,0.4840982710238065,Maintain Engagement
17437,439.0,1,373.17,23.89591822123998,At Risk,0.8145075514997488,Offer Discount; Send Retention Campaign
17438,163.0,5,1422.77,258.29285884454714,Loyal Customers,0.4553497034465139,Maintain Engagement
17439,565.0,1,325.74,-42.69460123163367,At Risk,0.8195072390257168,Offer Discount; Send Retention Campaign
17440,66.0,4,323.58,100.48004655058969,Loyal Customers,0.4789776644111354,Maintain Engagement
17441,642.0,1,293.35,-83.6088554808648,At Risk,0.8224730658062522,Offer Discount; Send Retention Campaign
17442,3.0,14,4293.43,828.7464326707876,Loyal Customers,0.20885082924450962,Mark as VIP
17443,129.0,1,534.24,-98.45809023745494,Loyal Customers,0.6075887716083753,Maintain Engagement
17444,57.0,3,2940.04,318.20893989234645,Loyal Customers,0.5527706964252388,Maintain Engagement
17446,86.0,2,120.89999999999999,89.53774602773132,Loyal Customers,0.5383570603828782,Maintain Engagement
17448,407.0,46,14556.97,2413.4770631319407,Loyal Customers,0.00567612622129355,Mark as VIP
17449,4.0,10,3927.84,812.168379126935,Loyal Customers,0.2984424940771283,Mark as VIP
17450,5.0,28,138883.84,32057.558390408616,Champions,0.01594176923598425,Mark as VIP
17451,15.0,1,346.01,235.90857826960212,Loyal Customers,0.5550451816368882,Maintain Engagement
17454,102.0,10,1547.94,232.92487041901967,Loyal Customers,0.31299698799482967,Maintain Engagement
17455,113.0,1,131.7,172.6501953706549,Loyal Customers,0.5581652428801611,Maintain Engagement
17456,275.0,2,1225.42,163.296407694886,At Risk,0.7969682928327978,Offer Discount; Send Retention Campaign
17457,36.0,14,5984.81,1197.28166926231,Loyal Customers,0.20497688995581734,Mark as VIP
17458,291.0,1,213.08,88.16719963530585,At Risk,0.8059688207180226,Offer Discount; Send Retention Campaign
17460,4.0,16,2228.27,317.6443795339887,Loyal Customers,0.17919341076666956,Maintain Engagement
17462,193.0,1,463.40999999999997,153.75337283306237,Loyal Customers,0.570089642613339,Maintain Engagement
17463,86.0,5,1907.14,396.4438739305753,Loyal Customers,0.44896781956585824,Maintain Engagement
17464,68.0,3,1000.94,239.46879444309582,Loyal Customers,0.5096532380110644,Maintain Engagement
17465,335.0,7,2542.79,383.9319183422905,At Risk,0.6795635423744464,Send Retention Campaign
17467,305.0,1,102.6,73.96906320883824,At Risk,0.8053093054157021,Offer Discount; Send Retention Campaign
17468,284.0,1,57.8,81.66142571346523,At Risk,0.8038083775707265,Offer Discount; Send Retention Campaign
17469,18.0,15,4230.55,788.457127805573,Loyal Customers,0.1911284879253952,Mark as VIP
17470,37.0,10,2496.27,477.5107289530172,Loyal Customers,0.30544581378983265,Mark as VIP
17471,384.0,1,321.65000000000003,48.29576456863305,At Risk,0.8114606560896787,Offer Discount; Send Retention Campaign
17472,101.0,4,935.1,202.8603867368741,Loyal Customers,0.4813362870582243,Maintain Engagement
17473,318.0,2,607.0,49.06287695579522,At Risk,0.7964302037128498,Offer Discount; Send Retention Campaign
17474,509.0,1,1047.0,32.150274903705736,At Risk,0.825044960697481,Offer Discount; Send Retention Campaign
17476,305.0,2,489.86,34.59846103511495,At Risk,0.7956493551290281,Offer Discount; Send Retention Campaign
17477,522.0,2,1144.3,29.54494890184594,At Risk,0.8078692262257334,Offer Discount; Send Retention Campaign
17478,318.0,2,1272.8000000000002,147.6951847061883,At Risk,0.7992956775850513,Offer Discount; Send Retention Campaign
17479,542.0,1,389.26,-26.993726321048598,At Risk,0.8192155567959493,Offer Discount; Send Retention Campaign
17480,354.0,1,390.21,67.85153576018519,At Risk,0.810901991839503,Offer Discount; Send Retention Campaign
17481,3.0,1,260.63,236.44093513970125,Loyal Customers,0.5525842862466902,Maintain Engagement
17482,397.0,2,778.19,33.568446058067366,At Risk,0.8009919255783428,Offer Discount; Send Retention Campaign
17483,43.0,3,452.43,152.72736381645848,Loyal Customers,0.5067936111691571,Maintain Engagement
17484,486.0,2,209.57,-96.24185505698085,At Risk,0.8028001224025828,Offer Discount; Send Retention Campaign
17486,171.0,1,396.87,160.54495867893462,Loyal Customers,0.5672744927819313,Maintain Engagement
17487,638.0,1,160.55,-90.17436931459031,At Risk,0.8208344970742399,Offer Discount; Send Retention Campaign
17488,551.0,1,336.5,-34.94086371125388,At Risk,0.8190182766532759,Offer Discount; Send Retention Campaign
17489,122.0,1,208.56,173.07974255934198,Loyal Customers,0.5602445744576604,Maintain Engagement
17490,86.0,3,963.38,223.66466177011745,Loyal Customers,0.5108938668496861,Maintain Engagement
17491,5.0,13,4540.31,901.6617162304094,Loyal Customers,0.22806737946906597,Mark as VIP
17492,158.0,3,1122.42,216.57202813042113,Loyal Customers,0.5164161896373219,Maintain Engagement
17493,294.0,1,100.91,79.40571170191328,At Risk,0.8047821226699079,Offer Discount; Send Retention Campaign
17494,411.0,1,54.699999999999996,17.43156028886608,At Risk,0.809589679273321,Offer Discount; Send Retention Campaign
17495,300.0,1,309.16,89.83883814945426,At Risk,0.8075098190561015,Offer Discount; Send Retention Campaign
17496,268.0,4,1412.89,212.75281023958394,At Risk,0.7512746475646299,Offer Discount; Send Retention Campaign
17497,300.0,2,287.25,6.50071428686374,At Risk,0.7945865649582026,Offer Discount; Send Retention Campaign
17499,199.0,2,1341.3899999999999,218.02088453853895,Loyal Customers,0.5539859107902467,Maintain Engagement
17501,130.0,2,288.6,263.6726573441838,Loyal Customers,0.5177953645153983,Maintain Engagement
17504,116.0,18,9565.12,1912.8944626542154,Loyal Customers,0.1327734206910921,Mark as VIP
17505,71.0,5,2435.48,512.3538335026387,Loyal Customers,0.4470303542077262,Mark as VIP
17507,171.0,2,605.58,122.95925897671839,Loyal Customers,0.5471169507618912,Maintain Engagement
17508,190.0,8,4579.23,-130.8542207744291,Loyal Customers,0.5056987144410376,Maintain Engagement
17510,330.0,1,206.07999999999998,68.05221406742709,At Risk,0.8076724003283712,Offer Discount; Send Retention Campaign
17511,3.0,50,143916.92,33151.443250592536,Champions,0.0009204274008422363,Mark as VIP
17512,31.0,16,4434.7300000000005,810.0759314050499,Loyal Customers,0.1737304193057924,Mark as VIP
17513,318.0,2,645.6,53.74629975647639,At Risk,0.7966948460775279,Offer Discount; Send Retention Campaign
17514,38.0,2,542.83,177.10262501365418,Loyal Customers,0.5375261350270376,Maintain Engagement
17515,116.0,8,1549.81,263.60224219507944,Loyal Customers,0.36600083094510855,Maintain Engagement
17516,29.0,5,798.32,198.25765141077977,Loyal Customers,0.4465391748783667,Maintain Engagement
17517,218.0,1,153.94,121.14965517712051,At Risk,0.8018859543679095,Offer Discount; Send Retention Campaign
17518,335.0,2,329.42,-4.61444312544711,At Risk,0.7964154829574484,Offer Discount; Send Retention Campaign
17519,43.0,14,4753.45,913.2442106190479,Loyal Customers,0.20930538601369578,Mark as VIP
17521,109.0,3,714.41,167.2510877546747,Loyal Customers,0.5120774557207057,Maintain Engagement
17522,48.0,4,912.25,228.66116215713544,Loyal Customers,0.4769398119025046,Maintain Engagement
17524,271.0,3,539.14,56.012633353258764,At Risk,0.7729796627779462,Offer Discount; Send Retention Campaign
17525,269.0,3,1161.9,170.57005216718397,At Risk,0.773614961779412,Offer Discount; Send Retention Campaign
17526,200.0,11,3842.9399999999996,679.4930517150751,Loyal Customers,0.2861396140511685,Mark as VIP
17527,19.0,2,606.62,197.68416122700683,Loyal Customers,0.5363366054817893,Maintain Engagement
17529,519.0,2,1240.25,42.60639443516516,At Risk,0.8083704197101794,Offer Discount; Send Retention Campaign
17530,115.0,8,2124.37,388.8896100952138,Loyal Customers,0.3641289617976344,Maintain Engagement
17531,99.0,3,1266.82,272.2140655253684,Loyal Customers,0.5123933817862542,Maintain Engagement
17532,295.0,1,65.34,76.60283311289521,At Risk,0.8044069151128098,Offer Discount; Send Retention Campaign
17533,344.0,1,34.8,49.924881356461526,At Risk,0.8063027772901136,Offer Discount; Send Retention Campaign
17534,361.0,4,1445.47,172.95780298100846,At Risk,0.7562617934355335,Offer Discount; Send Retention Campaign
17535,190.0,1,164.4,135.94237839375893,Loyal Customers,0.5643424089629812,Maintain Engagement
17536,87.0,3,364.83,114.20944526461437,Loyal Customers,0.5099290248913723,Maintain Engagement
17537,213.0,1,630.7,154.48108860575263,Loyal Customers,0.5746131946245131,Maintain Engagement
17539,527.0,4,1226.57,47.73416500659431,At Risk,0.7650420730037071,Offer Discount; Send Retention Campaign
17540,226.0,5,1280.5,197.74341888465602,Loyal Customers,0.4601166057686593,Maintain Engagement
17541,419.0,1,124.46,17.906439924144593,At Risk,0.8107595436593552,Offer Discount; Send Retention Campaign
17542,179.0,3,341.7,63.8058737083536,Loyal Customers,0.5166134227326087,Maintain Engagement
17543,459.0,1,120.05,-2.5453365647184683,At Risk,0.8125053477402919,Offer Discount; Send Retention Campaign
17544,300.0,3,960.69,372.6839781724605,At Risk,0.7480660284291796,Offer Discount; Send Retention Campaign
17545,300.0,3,802.58,87.26402471216727,At Risk,0.7750019525362105,Offer Discount; Send Retention Campaign
17547,285.0,2,727.85,81.06381571393905,At Risk,0.7956199638128809,Offer Discount; Send Retention Campaign
17548,143.0,4,731.26,142.98295717973076,Loyal Customers,0.48429662995486517,Maintain Engagement
17550,107.0,9,2547.64,469.9892163198724,Loyal Customers,0.33534445343635727,Mark as VIP
17551,269.0,1,306.84,105.31816318520845,At Risk,0.8060629006902756,Offer Discount; Send Retention Campaign
17552,281.0,10,2453.4,346.0523160279995,At Risk,0.5943893822210227,Send Retention Campaign
17553,39.0,4,3757.6,788.4510957145402,Loyal Customers,0.4757813168493069,Mark as VIP
17554,32.0,2,1249.89,294.5110620959577,Loyal Customers,0.5403810127766608,Maintain Engagement
17555,244.0,4,769.93,98.9044072822411,At Risk,0.7500918417683855,Offer Discount; Send Retention Campaign
17556,115.0,2,300.67,102.03094506423628,Loyal Customers,0.5415951658285789,Maintain Engagement
17557,642.0,1,34.0,-100.36933338192682,At Risk,0.8196016383238446,Offer Discount; Send Retention Campaign
17558,303.0,1,259.17,85.09572891622764,At Risk,0.8070609081145979,Offer Discount; Send Retention Campaign
17559,422.0,1,167.62,19.183143748500243,At Risk,0.8113929324813196,Offer Discount; Send Retention Campaign
17560,4.0,8,1895.8,394.847321001972,Loyal Customers,0.3573717378136523,Maintain Engagement
17561,300.0,3,554.72,41.58287868132584,At Risk,0.7747591984991872,Offer Discount; Send Retention Campaign
17562,19.0,4,661.1,195.0565537882818,Loyal Customers,0.4747448125118186,Maintain Engagement
17563,488.0,2,392.38,-67.82052559717101,At Risk,0.8034480548960317,Offer Discount; Send Retention Campaign
17565,496.0,1,131.83,-20.43832675482929,At Risk,0.814289944019865,Offer Discount; Send Retention Campaign
17567,2.0,7,3950.0,854.5122160935349,Loyal Customers,0.37864608913842274,Mark as VIP
17568,542.0,1,382.79,-27.411849675665508,At Risk,0.8191433421761749,Offer Discount; Send Retention Campaign
17569,242.0,1,344.14,121.34125024893939,At Risk,0.8052610113282379,Offer Discount; Send Retention Campaign
17570,291.0,1,100.0,80.85941154565063,At Risk,0.8046328385150343,Offer Discount; Send Retention Campaign
17571,55.0,4,766.4399999999999,193.00498292796487,Loyal Customers,0.4780124672419398,Maintain Engagement
17572,9.0,9,692.2600000000001,109.27241231543763,Loyal Customers,0.3354599654576313,Maintain Engagement
17573,3.0,1,174.70999999999998,230.888360390292,Loyal Customers,0.5509830905678219,Maintain Engagement
17574,152.0,1,185.65,156.4740998281079,Loyal Customers,0.5619899127855027,Maintain Engagement
17575,577.0,1,171.7,-58.6994609707217,At Risk,0.8183087339334996,Offer Discount; Send Retention Campaign
17576,8.0,36,7741.08,1191.4158476362863,Loyal Customers,0.018854736104890447,Mark as VIP
17577,555.0,2,348.75,-105.98638154078537,At Risk,0.8061671433534304,Offer Discount; Send Retention Campaign
17578,127.0,7,1047.33,166.8930448505426,Loyal Customers,0.39588409283687914,Maintain Engagement
17579,47.0,3,575.24,172.69980707867148,Loyal Customers,0.5073536312739774,Maintain Engagement
17580,162.0,5,545.27,80.15915229541253,Loyal Customers,0.4564993737169004,Maintain Engagement
17581,19.0,35,14235.0,2734.900952427978,Loyal Customers,0.01815853384509555,Mark as VIP
17582,146.0,5,1450.7,272.59524617835615,Loyal Customers,0.4540658729935692,Maintain Engagement
17583,470.0,1,135.95,-7.063664676169992,At Risk,0.8131792414083084,Offer Discount; Send Retention Campaign
17584,37.0,5,4816.57,1017.9209320415828,Loyal Customers,0.4407323169592686,Mark as VIP
17585,19.0,7,2093.3,446.18998840542133,Loyal Customers,0.38528164651798924,Mark as VIP
17586,529.0,1,167.4,-34.77721159791645,At Risk,0.8161540683743101,Offer Discount; Send Retention Campaign
17587,538.0,1,181.66,-38.39318558372929,At Risk,0.8167113739015291,Offer Discount; Send Retention Campaign
17588,10.0,7,2939.55,632.3690828096417,Loyal Customers,0.382241741561895,Mark as VIP
17589,60.0,17,13488.77,2859.7058214572617,Loyal Customers,0.13496372906293633,Mark as VIP
17591,32.0,7,2413.87,508.0627901292529,Loyal Customers,0.38532273249243454,Mark as VIP
17592,648.0,1,148.3,-96.0077199430799,At Risk,0.8211306117768359,Offer Discount; Send Retention Campaign
17593,1.0,10,7417.6,1591.1223376431533,Loyal Customers,0.28612993889808025,Mark as VIP
17594,164.0,3,1819.7,340.0793172994489,Loyal Customers,0.5181216938681916,Maintain Engagement
17596,46.0,10,3831.47,769.6319657198075,Loyal Customers,0.3013600319796903,Mark as VIP
17597,123.0,5,3484.09,701.5166148872638,Loyal Customers,0.44907692009277184,Mark as VIP
17598,290.0,1,409.98,101.39601961541081,At Risk,0.8082329846458793,Offer Discount; Send Retention Campaign
17599,387.0,1,52.05,29.360372505823875,At Risk,0.8084694691238826,Offer Discount; Send Retention Campaign
17601,148.0,2,421.48,104.04140461431501,Loyal Customers,0.5446922155465983,Maintain Engagement
17602,34.0,10,3257.71,648.1365426322407,Loyal Customers,0.30261559432321394,Mark as VIP
17603,527.0,3,1398.76,82.114573782187,At Risk,0.7870356088842316,Offer Discount; Send Retention Campaign
17604,127.0,6,945.9300000000001,162.20881171752012,Loyal Customers,0.4245371111405532,Maintain Engagement
17605,500.0,1,160.75,-20.58605157297302,At Risk,0.8147966554597312,Offer Discount; Send Retention Campaign
17606,647.0,1,87.30000000000001,-99.44567170264702,At Risk,0.8204112274690536,Offer Discount; Send Retention Campaign
17607,286.0,1,333.81,98.49021607101287,At Risk,0.8071589746920018,Offer Discount; Send Retention Campaign
17608,358.0,2,305.11,-19.710779726142505,At Risk,0.7973945853165306,Offer Discount; Send Retention Campaign
17609,211.0,8,1319.81,165.7176576797782,Loyal Customers,0.3732344561438526,Maintain Engagement
17610,449.0,5,1529.49,137.11747551260623,At Risk,0.7379756942265465,Offer Discount; Send Retention Campaign
17611,33.0,22,7112.01,1313.7370993984957,Loyal Customers,0.09000771638233263,Mark as VIP
17612,5.0,17,5029.35,940.9641735561647,Loyal Customers,0.15502933304320868,Mark as VIP
17613,27.0,9,2991.29,610.7718416452949,Loyal Customers,0.3282722791335281,Mark as VIP
17615,40.0,6,733.2,161.51273210641955,Loyal Customers,0.418773523229565,Maintain Engagement
17616,83.0,4,1060.8,237.0806184165064,Loyal Customers,0.4799046353069149,Maintain Engagement
17617,468.0,1,395.33,10.707090998476815,At Risk,0.8160421126068348,Offer Discount; Send Retention Campaign
17618,158.0,10,3768.44,699.6329924450368,Loyal Customers,0.30849523526274925,Mark as VIP
17619,222.0,1,218.52,123.30645567978598,At Risk,0.8028439649855968,Offer Discount; Send Retention Campaign
17621,222.0,5,2697.0,492.5340596156607,Loyal Customers,0.45721163029228856,Mark as VIP
17622,507.0,2,1130.21,201.93818432664034,At Risk,0.7915305678115104,Offer Discount; Send Retention Campaign
17623,319.0,6,1856.6200000000001,258.1513363860711,At Risk,0.7057259864162463,Offer Discount; Send Retention Campaign
17624,127.0,3,1125.45,232.3113869300238,Loyal Customers,0.514210991179863,Maintain Engagement
17625,50.0,6,5255.58,1110.4277086704778,Loyal Customers,0.40861789480284144,Mark as VIP
17626,512.0,1,254.0,-20.60981017400968,At Risk,0.8163836962767733,Offer Discount; Send Retention Campaign
17627,388.0,1,296.36,44.64472181327477,At Risk,0.8113488687827762,Offer Discount; Send Retention Campaign
17629,30.0,7,1439.78,300.3372301958411,Loyal Customers,0.3879224623342262,Maintain Engagement
17630,79.0,2,503.59999999999997,152.90630162507017,Loyal Customers,0.5399281620845928,Maintain Engagement
17631,47.0,6,886.66,189.79190868499518,Loyal Customers,0.41898379897444876,Maintain Engagement
17633,12.0,5,1381.16,326.2761565459783,Loyal Customers,0.4443823043264761,Maintain Engagement
17634,2.0,7,2080.45,452.8163501465241,Loyal Customers,0.3840239844843023,Mark as VIP
17635,334.0,3,1265.58,154.460454540517,At Risk,0.7772896669494948,Offer Discount; Send Retention Campaign
17637,25.0,1,338.95,230.4106310739504,Loyal Customers,0.5556392806385985,Maintain Engagement
17638,557.0,2,842.4,-36.87295478003557,At Risk,0.8085798742779785,Offer Discount; Send Retention Campaign
17639,186.0,6,615.17,64.0311736674463,Loyal Customers,0.42938883997647753,Maintain Engagement
17640,289.0,5,2547.28,426.15773084925877,At Risk,0.7275180602727362,Offer Discount; Mark as VIP; Send Retention Campaign
17642,29.0,5,1824.49,407.8775163432718,Loyal Customers,0.4450121203454807,Mark as VIP
17643,283.0,2,541.25,54.32548499219229,At Risk,0.7947230438059512,Offer Discount; Send Retention Campaign
17644,30.0,16,4758.59,885.1413425911135,Loyal Customers,0.17270755547295305,Mark as VIP
17646,129.0,12,4149.79,767.5935567046439,Loyal Customers,0.25767909085355395,Mark as VIP
17647,579.0,2,198.6,23.576411450006503,At Risk,0.7913081537271587,Offer Discount; Send Retention Campaign
17648,102.0,4,1526.26,319.4784127485797,Loyal Customers,0.4810497054010851,Maintain Engagement
17649,48.0,3,1578.89,354.824131960566,Loyal Customers,0.5091771509427635,Maintain Engagement
17651,65.0,10,2906.5299999999997,554.8540109860974,Loyal Customers,0.30572050322115907,Mark as VIP
17652,54.0,6,2713.57,574.7869371831177,Loyal Customers,0.41463688981547314,Mark as VIP
17653,9.0,2,343.34,169.5871945904666,Loyal Customers,0.5330075214268636,Maintain Engagement
17654,187.0,1,117.55,134.4272085449001,Loyal Customers,0.5632574686467241,Maintain Engagement
17655,26.0,7,2916.87,620.3062944187321,Loyal Customers,0.38329688147384017,Mark as VIP
17656,16.0,3,927.65,263.5332048042021,Loyal Customers,0.5040780756541169,Maintain Engagement
17657,340.0,1,126.0,57.8353538340445,At Risk,0.8071909664640663,Offer Discount; Send Retention Campaign
17658,121.0,1,317.6,180.63061540859155,Loyal Customers,0.5621955243107636,Maintain Engagement
17659,10.0,11,2488.36,472.45724820001476,Loyal Customers,0.279559863992155,Mark as VIP
17660,51.0,2,359.47,142.55892356207409,Loyal Customers,0.5373788620496045,Maintain Engagement
17662,571.0,2,412.92,-108.88043255159573,At Risk,0.8075600239378048,Offer Discount; Send Retention Campaign
17663,64.0,14,4389.45,820.1982925580746,Loyal Customers,0.2114788905696666,Mark as VIP
17664,122.0,3,887.78,191.74781475404114,Loyal Customers,0.5134060765746591,Maintain Engagement
17665,403.0,1,563.1,54.32023532209763,At Risk,0.815071236793829,Offer Discount; Send Retention Campaign
17666,387.0,3,1319.6399999999999,141.17304213355072,At Risk,0.7796783844625224,Offer Discount; Send Retention Campaign
17667,71.0,8,3646.2,743.517608605364,Loyal Customers,0.3561411900997698,Mark as VIP
17669,32.0,8,5168.85,1095.7052838561308,Loyal Customers,0.34857654125843696,Mark as VIP
17670,137.0,1,205.7,165.33237254348245,Loyal Customers,0.5612769194367463,Maintain Engagement
17671,67.0,4,1929.18,416.05341085432167,Loyal Customers,0.47836874284030584,Mark as VIP
17672,219.0,6,3778.3,713.9211366147539,Loyal Customers,0.42419406691696027,Mark as VIP
17673,72.0,11,3814.23,737.4112233578053,Loyal Customers,0.2786432234691138,Mark as VIP
17674,278.0,1,601.32,119.81138957508739,At Risk,0.8099155585039154,Offer Discount; Send Retention Campaign
17675,11.0,62,31959.510000000002,6391.761893685271,Loyal Customers,0.0005245128365375098,Mark as VIP
17676,19.0,8,2109.0,433.97676385110765,Loyal Customers,0.35766861435903435,Mark as VIP
17677,10.0,44,32014.03,6760.294621870855,Loyal Customers,0.004187217579310388,Mark as VIP
17678,173.0,2,599.76,117.91050655395543,Loyal Customers,0.5476828814409926,Maintain Engagement
17679,431.0,5,1585.5,157.46763603964456,At Risk,0.7369052345128417,Offer Discount; Send Retention Campaign
17680,293.0,2,313.05,14.536796027546188,At Risk,0.7942979955142544,Offer Discount; Send Retention Campaign
17681,506.0,5,731.2,-53.18529963033052,At Risk,0.7419542837442596,Offer Discount; Send Retention Campaign
17682,25.0,10,3881.8,791.6046162294975,Loyal Customers,0.29986394566463487,Mark as VIP
17683,295.0,3,819.01,92.9275698280623,At Risk,0.7747501496418457,Offer Discount; Send Retention Campaign
17685,176.0,10,4264.36,801.2233121069175,Loyal Customers,0.30782277746846726,Mark as VIP
17686,30.0,7,7146.7,1528.217359673539,Loyal Customers,0.3713062556806982,Mark as VIP
17687,330.0,1,432.68,82.69622521984928,At Risk,0.8103108251220914,Offer Discount; Send Retention Campaign
17688,303.0,1,304.2,88.00578991443405,At Risk,0.8075887086660335,Offer Discount; Send Retention Campaign
17689,298.0,2,317.08,13.299836170848153,At Risk,0.7944901099733297,Offer Discount; Send Retention Campaign
17690,11.0,16,6216.83,1229.0630629874363,Loyal Customers,0.16767845417815974,Mark as VIP
17691,267.0,4,780.0500000000001,89.755684487856,At Risk,0.7513035889548443,Offer Discount; Send Retention Campaign
17692,37.0,12,2975.8,549.4452745991166,Loyal Customers,0.2566180443466196,Mark as VIP
17693,47.0,1,200.47,210.36964025689724,Loyal Customers,0.5546584983035382,Maintain Engagement
17694,51.0,3,1695.97,374.4346283176397,Loyal Customers,0.509627965161925,Maintain Engagement
17695,41.0,5,1746.04,385.81172033850555,Loyal Customers,0.4459983631162217,Maintain Engagement
17696,18.0,26,7309.47,1288.9950641782289,Loyal Customers,0.05810708537613642,Mark as VIP
17697,146.0,1,338.95,169.40612003616366,Loyal Customers,0.5643979987586583,Maintain Engagement
17698,170.0,1,154.95,145.41506297543015,Loyal Customers,0.5627220548189267,Maintain Engagement
17699,386.0,2,442.0,-11.993886866287994,At Risk,0.7991615856397909,Offer Discount; Send Retention Campaign
17700,4.0,13,5827.16,1193.5479044672225,Loyal Customers,0.22375520801837007,Mark as VIP
17701,162.0,1,417.95,166.44477800511186,Loyal Customers,0.567015339112184,Maintain Engagement
17702,18.0,5,2658.44,585.3354863165433,Loyal Customers,0.4427503538299238,Mark as VIP
17703,19.0,3,787.06,225.57230923144584,Loyal Customers,0.5056359881031324,Maintain Engagement
17704,78.0,2,885.19,211.247538704153,Loyal Customers,0.5421945695363862,Maintain Engagement
17705,16.0,8,1228.3799999999999,243.28597342314987,Loyal Customers,0.36033782753120963,Maintain Engagement
17706,10.0,26,18272.99,3854.2631259977807,Loyal Customers,0.045588778430758634,Mark as VIP
17707,95.0,8,609.3,68.04992146471608,Loyal Customers,0.36778103620102404,Maintain Engagement
17708,97.0,4,887.9300000000001,196.2885856335934,Loyal Customers,0.48096152151517546,Maintain Engagement
17709,79.0,5,671.01,146.25662245689114,Loyal Customers,0.4504755468095879,Maintain Engagement
17710,333.0,1,293.5,72.18921768704394,At Risk,0.8088298928550444,Offer Discount; Send Retention Campaign
17711,199.0,1,220.53000000000003,135.03225059926098,Loyal Customers,0.5660315914784654,Maintain Engagement
17713,291.0,4,1198.09,160.01088981365984,At Risk,0.7524796006911365,Offer Discount; Send Retention Campaign
17714,230.0,5,1410.18,223.05864176345614,Loyal Customers,0.46009266031712437,Maintain Engagement
17715,110.0,2,489.59999999999997,132.8062302172815,Loyal Customers,0.5424435759849632,Maintain Engagement
17716,4.0,20,14437.64,3062.5134422510882,Loyal Customers,0.09532280927050145,Mark as VIP
17717,331.0,1,376.92,78.58856911464665,At Risk,0.8097094343309765,Offer Discount; Send Retention Campaign
17718,142.0,2,439.18,108.96293593378107,Loyal Customers,0.5444770489489805,Maintain Engagement
17719,16.0,12,4477.4,903.3897549455916,Loyal Customers,0.24970736167188257,Mark as VIP
17720,22.0,9,2460.57,493.6406326295069,Loyal Customers,0.3301000880711385,Mark as VIP
17721,569.0,1,307.21000000000004,-45.90877940009682,At Risk,0.8194745285208968,Offer Discount; Send Retention Campaign
17722,6.0,5,4430.36,955.0641793281998,Loyal Customers,0.4390031800082053,Mark as VIP
17723,36.0,7,3378.4000000000005,715.0304352729607,Loyal Customers,0.38257864481559684,Mark as VIP
17724,48.0,1,373.1,221.0216739447295,Loyal Customers,0.5579417675996177,Maintain Engagement
17725,10.0,8,2507.12,528.2557022050155,Loyal Customers,0.35538683531273213,Mark as VIP
17726,305.0,7,1092.06,86.94830995368125,At Risk,0.6815439352626288,Send Retention Campaign
17728,314.0,2,1362.75,166.17475930661095,At Risk,0.7991989170100895,Offer Discount; Send Retention Campaign
17729,506.0,1,438.65000000000003,-5.6517981317596195,At Risk,0.81819815127178,Offer Discount; Send Retention Campaign
17730,15.0,15,5531.09,1087.8956333088895,Loyal Customers,0.1869111494062207,Mark as VIP
17731,38.0,5,1432.62,323.02047634448866,Loyal Customers,0.4462874034787994,Maintain Engagement
17732,282.0,8,2470.39,384.9385994323982,At Risk,0.6492625733354337,Send Retention Campaign
17733,171.0,1,216.95000000000002,148.91763967388698,Loyal Customers,0.5639435372321148,Maintain Engagement
17734,46.0,5,1281.9,288.1131227411338,Loyal Customers,0.4471050342360961,Maintain Engagement
17735,3.0,23,15226.15,3199.5204076997034,Loyal Customers,0.06769598064296733,Mark as VIP
17736,23.0,1,307.49,229.3858695218962,Loyal Customers,0.5549087833631278,Maintain Engagement
17738,58.0,12,3876.0,741.689949091647,Loyal Customers,0.25465961032517176,Mark as VIP
17739,106.0,14,6010.01,1167.9908988105217,Loyal Customers,0.2082414887345002,Mark as VIP
17740,298.0,6,426.90000000000003,-32.99107723119107,At Risk,0.7074012313953849,Offer Discount; Send Retention Campaign
17741,316.0,2,101.1,-29.609640190000164,At Risk,0.7945874128080598,Offer Discount; Send Retention Campaign
17742,23.0,11,2098.48,376.6271528201179,Loyal Customers,0.28193881017929895,Maintain Engagement
17743,358.0,1,229.2,55.42959629870717,At Risk,0.8092160793762873,Offer Discount; Send Retention Campaign
17744,160.0,5,1615.7,301.5935483869431,Loyal Customers,0.45449944987290036,Maintain Engagement
17745,387.0,2,600.34,11.804816358846097,At Risk,0.7998070143330006,Offer Discount; Send Retention Campaign
17746,150.0,4,904.1800000000001,172.22525500561522,Loyal Customers,0.4849214837339366,Maintain Engagement
17747,22.0,1,71.4,214.6327372121192,Loyal Customers,0.5504380856956181,Maintain Engagement
17748,437.0,1,358.15,23.933590664533654,At Risk,0.8142476421121596,Offer Discount; Send Retention Campaign
17749,88.0,3,1026.18,234.11496911874264,Loyal Customers,0.5111456156775593,Maintain Engagement
17750,8.0,5,1271.46,310.89439057091505,Loyal Customers,0.4435345858366151,Maintain Engagement
17751,331.0,1,157.85999999999999,64.43183000145353,At Risk,0.8071530887757707,Offer Discount; Send Retention Campaign
17752,268.0,1,80.64,91.20417152105114,At Risk,0.8033380787244584,Offer Discount; Send Retention Campaign
17753,374.0,4,390.56,-41.0797868016009,At Risk,0.7572755170049777,Offer Discount; Send Retention Campaign
17754,51.0,10,3380.33,666.609904536572,Loyal Customers,0.30326865068261716,Mark as VIP
17756,285.0,3,733.7,95.26224997732106,At Risk,0.7728244870644404,Offer Discount; Send Retention Campaign
17757,24.0,46,7137.61,831.5357924106327,Loyal Customers,0.006166507933099143,Mark as VIP
17758,62.0,8,2992.03,605.4468249053471,Loyal Customers,0.35763949049862015,Mark as VIP
17759,79.0,4,609.07,149.9560323936597,Loyal Customers,0.4798344249262937,Maintain Engagement
17760,283.0,5,803.88,71.23727686763073,At Risk,0.729455526621107,Offer Discount; Send Retention Campaign
17762,365.0,1,129.75,45.47345953715666,At Risk,0.808375236463047,Offer Discount; Send Retention Campaign
17763,173.0,4,86.15,-0.10949647034533427,Loyal Customers,0.486913963781134,Maintain Engagement
17764,120.0,4,1066.79,219.01614780066654,Loyal Customers,0.4827015381792672,Maintain Engagement
17765,68.0,4,530.8,140.48733589564807,Loyal Customers,0.4790038998936948,Maintain Engagement
17766,291.0,2,299.61,184.1802849415174,At Risk,0.7774137533450204,Offer Discount; Send Retention Campaign
17767,319.0,1,141.85,69.44721888233602,At Risk,0.8064154789710016,Offer Discount; Send Retention Campaign
17768,76.0,5,1647.66,347.9470773498832,Loyal Customers,0.448704586896132,Maintain Engagement
17769,48.0,11,4933.83,1000.426034997737,Loyal Customers,0.2733011307967776,Mark as VIP
17770,108.0,5,1143.27,232.73662464050454,Loyal Customers,0.4512126010227037,Maintain Engagement
17771,233.0,3,257.4,21.53133116452625,At Risk,0.770911727114033,Offer Discount; Send Retention Campaign
17772,302.0,1,202.0,81.90529067260849,At Risk,0.8063433557378713,Offer Discount; Send Retention Campaign
17773,424.0,2,585.27,-10.370035776081295,At Risk,0.8015972317243821,Offer Discount; Send Retention Campaign
17774,6.0,9,3328.05,692.9616665726786,Loyal Customers,0.3261070501092739,Mark as VIP
17775,164.0,1,56.4,142.07129232409727,Loyal Customers,0.5604597556665727,Maintain Engagement
17776,296.0,2,338.56,16.07169898359598,At Risk,0.794622698628917,Offer Discount; Send Retention Campaign
17777,10.0,1,194.7,228.6510263297356,Loyal Customers,0.5518643644744077,Maintain Engagement
17778,571.0,1,197.70000000000002,-53.99419548333367,At Risk,0.8183379380616275,Offer Discount; Send Retention Campaign
17779,53.0,1,323.09,215.26893318730725,Loyal Customers,0.5573745571501147,Maintain Engagement
17780,577.0,3,352.91,-120.33149301770868,At Risk,0.7869981677876994,Offer Discount; Send Retention Campaign
17781,68.0,2,188.02,109.40430817303502,Loyal Customers,0.5373649630091248,Maintain Engagement
17782,292.0,2,679.02,241.53249256119835,At Risk,0.77904594110999,Offer Discount; Send Retention Campaign
17783,157.0,2,208.85,66.51137561416374,Loyal Customers,0.5441564689749042,Maintain Engagement
17784,459.0,1,112.86,-3.009989875336032,At Risk,0.8124227987916255,Offer Discount; Send Retention Campaign
17785,355.0,2,271.44,-22.98781804004045,At Risk,0.7970881882723394,Offer Discount; Send Retention Campaign
17786,227.0,1,114.85,114.08594070153845,At Risk,0.8018380625708207,Offer Discount; Send Retention Campaign
17787,62.0,4,2601.47,550.627550156281,Loyal Customers,0.47775923788669505,Mark as VIP
17788,39.0,1,16.7,202.52687133879596,Loyal Customers,0.5506540078314848,Maintain Engagement
17789,191.0,2,397.15,77.88581733841937,Loyal Customers,0.547788407181065,Maintain Engagement
17790,30.0,18,2181.57,253.96566300206462,Loyal Customers,0.14875608094589274,Maintain Engagement
17792,377.0,2,370.05,-4.836198143508909,At Risk,0.7971798321246074,Offer Discount; Send Retention Campaign
17794,596.0,2,147.3,7.18277296188262,At Risk,0.7919276361526376,Offer Discount; Send Retention Campaign
17795,89.0,2,350.39,123.75071906538204,Loyal Customers,0.539847454713419,Maintain Engagement
17796,223.0,6,1286.09,189.31641606028217,Loyal Customers,0.43007874132899326,Maintain Engagement
17797,92.0,6,1477.8500000000001,291.96737353914847,Loyal Customers,0.4207549308649492,Maintain Engagement
17798,491.0,1,183.09,-14.604804823794666,At Risk,0.8146516377212987,Offer Discount; Send Retention Campaign
17799,9.0,19,5817.71,1083.0461372122734,Loyal Customers,0.12523251701564397,Mark as VIP
17800,1.0,7,916.6,202.83062345711068,Loyal Customers,0.3873750453144472,Maintain Engagement
17801,361.0,3,798.3299999999999,55.43237555954681,At Risk,0.7781369451778103,Offer Discount; Send Retention Campaign
17802,90.0,9,4400.5,887.505201279879,Loyal Customers,0.3278310699035922,Mark as VIP
17803,302.0,1,184.66,80.78469423225982,At Risk,0.8061392433650342,Offer Discount; Send Retention Campaign
17804,286.0,3,385.23,17.78986329402676,At Risk,0.7738347962004097,Offer Discount; Send Retention Campaign
17805,520.0,1,414.72,-14.25664609731757,At Risk,0.8185414853529391,Offer Discount; Send Retention Campaign
17807,304.0,3,437.87,18.405923832914937,At Risk,0.7748116012744642,Offer Discount; Send Retention Campaign
17808,458.0,4,262.64,-99.24972422160738,At Risk,0.7608308979575779,Offer Discount; Send Retention Campaign
17809,39.0,16,8782.19,1803.2272719237092,Loyal Customers,0.1615374880840584,Mark as VIP
17810,578.0,2,374.81,-109.61906470317456,At Risk,0.8069568888538728,Offer Discount; Send Retention Campaign
17811,2.0,32,6636.23,1020.8520879289638,Loyal Customers,0.030218106195547947,Mark as VIP
17812,278.0,4,651.28,59.21015273132343,At Risk,0.7519097837492894,Offer Discount; Send Retention Campaign
17814,285.0,2,1617.32,219.76455707322577,At Risk,0.7988040776706407,Offer Discount; Send Retention Campaign
17815,303.0,1,591.96,106.60226232935457,At Risk,0.8109355984508597,Offer Discount; Send Retention Campaign
17816,179.0,4,97.07,-1.1027758582048364,Loyal Customers,0.4873668789954434,Maintain Engagement
17817,186.0,5,689.87,98.15363453494285,Loyal Customers,0.4579525563846726,Maintain Engagement
17818,647.0,1,130.18,-96.67455432305371,At Risk,0.8208867923887713,Offer Discount; Send Retention Campaign
17819,92.0,11,6376.12,1301.8862120448666,Loyal Customers,0.27079165718598075,Mark as VIP
17820,283.0,1,183.56,90.29282754095158,At Risk,0.8052524180607533,Offer Discount; Send Retention Campaign
17821,316.0,1,334.62,83.41747689024413,At Risk,0.8085365717556543,Offer Discount; Send Retention Campaign
17822,330.0,5,2188.5,333.1925029934118,At Risk,0.7302108975556648,Offer Discount; Send Retention Campaign
17823,330.0,2,494.25,194.19840256411226,At Risk,0.7801973097069107,Offer Discount; Send Retention Campaign
17825,508.0,4,731.96,-40.294578357869796,At Risk,0.7642141513438641,Offer Discount; Send Retention Campaign
17826,284.0,1,134.59,86.62397477081066,At Risk,0.8047192712291418,Offer Discount; Send Retention Campaign
17827,151.0,5,1976.4,377.97657226124994,Loyal Customers,0.4535706836500738,Maintain Engagement
17828,19.0,3,1076.66,-150.50917113339432,Loyal Customers,0.5681775804944784,Maintain Engagement
17829,208.0,5,4756.74,425.0870195646435,Loyal Customers,0.5251037236424374,Mark as VIP
17830,171.0,2,287.65000000000003,77.18940540531042,Loyal Customers,0.5448218939123614,Maintain Engagement
17833,633.0,1,342.36,-75.90406161149622,At Risk,0.822626168803545,Offer Discount; Send Retention Campaign
17834,324.0,2,730.47,66.9400799863871,At Risk,0.7970028973590185,Offer Discount; Send Retention Campaign
17837,57.0,3,376.51,148.1506261664391,Loyal Customers,0.5053156369072169,Maintain Engagement
17838,202.0,11,5631.3,1080.3615180614056,Loyal Customers,0.2797511125143623,Mark as VIP
17840,353.0,1,185.72,55.14055151932479,At Risk,0.8084824104502564,Offer Discount; Send Retention Campaign
17841,1.0,168,53394.36,9273.49343112874,Champions,1.1112705480802048e-08,Mark as VIP
17842,512.0,1,430.69,-9.19122972157595,At Risk,0.8183710703663465,Offer Discount; Send Retention Campaign
17843,213.0,2,326.23,57.11849659341192,Loyal Customers,0.5488005557057232,Maintain Engagement
17844,16.0,1,51.559999999999995,-72.68010080465478,Loyal Customers,0.5908836041834048,Maintain Engagement
17845,465.0,4,598.19,-31.23689899559372,At Risk,0.760519320573224,Offer Discount; Send Retention Campaign
17847,425.0,2,129.69,-79.99521888890513,At Risk,0.7998558452440939,Offer Discount; Send Retention Campaign
17848,38.0,29,3571.3,342.9278495094411,Loyal Customers,0.04572244590047228,Maintain Engagement
17849,128.0,8,1063.76,151.05777313542808,Loyal Customers,0.36847623344199476,Maintain Engagement
17850,282.0,155,56600.08,10193.453797518529,Champions,4.8807312582908925e-08,Mark as VIP
17851,332.0,6,1563.34,189.7057698304679,At Risk,0.7071239060972374,Offer Discount; Send Retention Campaign
17852,298.0,3,548.87,41.52781133129895,At Risk,0.7746494113069431,Offer Discount; Send Retention Campaign
17853,317.0,3,1608.19,224.54039598113928,At Risk,0.7769227702419695,Offer Discount; Send Retention Campaign
17854,94.0,6,1071.45,205.17252723770423,Loyal Customers,0.4218884708364604,Maintain Engagement
17855,282.0,1,417.94,105.94379023064522,At Risk,0.8079615266267164,Offer Discount; Send Retention Campaign
17856,143.0,3,1142.63,232.22877495677,Loyal Customers,0.5147079860270201,Maintain Engagement
17857,8.0,15,16057.72,3497.947325120148,Loyal Customers,0.1564394796094571,Mark as VIP
17858,26.0,27,11298.24,2197.7936549538017,Loyal Customers,0.04780674484113945,Mark as VIP
17859,214.0,1,148.21,122.79603232811809,Loyal Customers,0.5657754539062467,Maintain Engagement
17860,278.0,4,1015.54,129.59372880511984,At Risk,0.7519380498110898,Offer Discount; Send Retention Campaign
17861,45.0,15,4328.46,797.3051555637088,Loyal Customers,0.19204366476686874,Mark as VIP
17862,233.0,4,1279.09,204.52989026326247,At Risk,0.7493395377921986,Offer Discount; Send Retention Campaign
17863,55.0,10,4370.48,885.410286986667,Loyal Customers,0.29998233785031114,Mark as VIP
17864,185.0,3,535.23,96.97394362987188,Loyal Customers,0.5172485235485287,Maintain Engagement
17865,17.0,38,22865.41,4710.609044236675,Loyal Customers,0.010479129567261743,Mark as VIP
17866,52.0,3,1134.95,271.77931217500685,Loyal Customers,0.5087327234351309,Maintain Engagement
17867,53.0,13,1381.66,160.58159152411986,Loyal Customers,0.24151750368568206,Maintain Engagement
17868,295.0,1,234.65,87.54448151632226,At Risk,0.8064063934557782,Offer Discount; Send Retention Campaign
17869,16.0,7,1036.16,219.8838633756551,Loyal Customers,0.3882236237069565,Maintain Engagement
17870,1.0,8,1963.77,412.36695100756,Loyal Customers,0.3567914582410735,Mark as VIP
17871,114.0,5,1118.99,220.42856041464927,Loyal Customers,0.45230934140590295,Maintain Engagement
17872,291.0,1,235.87,89.64000199260369,At Risk,0.8062372314450384,Offer Discount; Send Retention Campaign
17873,94.0,17,6243.84,1175.8343446291456,Loyal Customers,0.15508008687803057,Mark as VIP
17874,95.0,6,683.46,129.2041771888255,Loyal Customers,0.42199117096331207,Maintain Engagement
17875,598.0,1,167.1,-69.58429545650336,At Risk,0.8191728725306578,Offer Discount; Send Retention Campaign
17876,309.0,3,3424.02,558.8072956704643,At Risk,0.7787243378595852,Offer Discount; Mark as VIP; Send Retention Campaign
17877,80.0,1,237.61,196.13221656786715,Loyal Customers,0.5577423997277511,Maintain Engagement
17878,305.0,2,1032.88,288.93853668087786,At Risk,0.7811671118274791,Offer Discount; Send Retention Campaign
17879,83.0,1,178.52,190.8010203907436,Loyal Customers,0.5568613296361296,Maintain Engagement
17880,274.0,3,824.9200000000001,103.76038853607463,At Risk,0.773763583081052,Offer Discount; Send Retention Campaign
17881,213.0,1,133.35,122.33987524892495,Loyal Customers,0.5654281585580556,Maintain Engagement
17882,289.0,2,313.46,187.30061580500927,At Risk,0.7773699584968686,Offer Discount; Send Retention Campaign
17883,155.0,4,443.43,79.12209476146779,Loyal Customers,0.4854667904790284,Maintain Engagement
17884,221.0,19,2958.28,316.58132238722135,Loyal Customers,0.1393977708283196,Maintain Engagement
17886,120.0,5,1105.03,214.79529370416998,Loyal Customers,0.4527317371297826,Maintain Engagement
17887,38.0,1,111.35,209.14779131742176,Loyal Customers,0.5523454367076224,Maintain Engagement
17888,71.0,21,1401.44,-10.817789766546184,Loyal Customers,0.11306014547926224,Maintain Engagement
17889,121.0,7,774.87,110.81762431606847,Loyal Customers,0.3963350493122537,Maintain Engagement
17890,232.0,2,602.09,92.53966641908352,At Risk,0.792200568317021,Offer Discount; Send Retention Campaign
17891,71.0,1,203.85999999999999,198.48865049471812,Loyal Customers,0.5564625155750803,Maintain Engagement
17892,65.0,1,142.1,197.52243134513975,Loyal Customers,0.5548782917237733,Maintain Engagement
17893,135.0,1,112.25,160.3015110296514,Loyal Customers,0.5593973957440708,Maintain Engagement
17894,6.0,17,2330.32,321.22077164219877,Loyal Customers,0.16252330171159565,Maintain Engagement
17897,82.0,9,2585.0,491.1244986686561,Loyal Customers,0.3335428623914586,Mark as VIP
17898,116.0,3,246.96,78.37007356164355,Loyal Customers,0.5118190242019953,Maintain Engagement
17899,69.0,1,155.8,196.39111495709375,Loyal Customers,0.5554234430453779,Maintain Engagement
17900,100.0,2,112.19999999999999,251.89843873727796,Loyal Customers,0.5145303130557852,Maintain Engagement
17901,431.0,2,149.7,90.73671948387369,At Risk,0.7838368503218985,Offer Discount; Send Retention Campaign
17902,456.0,1,216.39999999999998,5.193784835438009,At Risk,0.8134751595896108,Offer Discount; Send Retention Campaign
17903,304.0,1,381.09000000000003,92.47063195295965,At Risk,0.8085328835483611,Offer Discount; Send Retention Campaign
17905,66.0,12,2202.27,359.70399389854686,Loyal Customers,0.26105873060040025,Maintain Engagement
17906,156.0,1,72.9,147.1709599174502,Loyal Customers,0.56018703933583,Maintain Engagement
17907,550.0,1,291.76,-37.32801396447326,At Risk,0.818474383985337,Offer Discount; Send Retention Campaign
17908,283.0,5,1411.54,195.60199903883318,At Risk,0.7287054597101941,Offer Discount; Send Retention Campaign
17909,647.0,1,132.55,-96.52139321788479,At Risk,0.8209130483761525,Offer Discount; Send Retention Campaign
17910,635.0,1,261.7,-82.12504820776326,At Risk,0.8218236451438962,Offer Discount; Send Retention Campaign
17912,220.0,6,375.5,1.7498494610090347,Loyal Customers,0.4316461490847164,Maintain Engagement
17913,265.0,13,3286.09,486.75189992770447,Loyal Customers,0.2461555841110864,Mark as VIP
17915,461.0,1,242.13,4.335736949526904,At Risk,0.8139916736824538,Offer Discount; Send Retention Campaign
17916,538.0,2,43.87,-149.73251272141943,At Risk,0.804762729139595,Offer Discount; Send Retention Campaign
17917,165.0,2,230.46,66.7446847674936,Loyal Customers,0.5447284601351351,Maintain Engagement
17918,410.0,3,396.39,21.103348709679608,At Risk,0.7737175815062091,Offer Discount; Send Retention Campaign
17919,348.0,1,536.28,80.31631766006791,At Risk,0.8123153841748548,Offer Discount; Send Retention Campaign
17920,15.0,46,22719.18,4521.147805681585,Loyal Customers,0.0041871018964674935,Mark as VIP
17921,57.0,9,2198.7400000000002,418.64255643321667,Loyal Customers,0.3332283931112147,Mark as VIP
17922,452.0,1,170.4,4.23771569734447,At Risk,0.8127698906267439,Offer Discount; Send Retention Campaign
17923,192.0,3,497.0,85.77130925438883,Loyal Customers,0.5177997331641672,Maintain Engagement
17924,211.0,3,1076.4,182.8339040395265,Loyal Customers,0.5200260983914905,Maintain Engagement
17925,282.0,1,488.16,110.48175343948486,At Risk,0.8087811713639905,Offer Discount; Send Retention Campaign
17926,43.0,5,1035.49,239.17258672320492,Loyal Customers,0.44727104495829934,Maintain Engagement
17927,631.0,1,294.0,-78.02098463078767,At Risk,0.8220078847667815,Offer Discount; Send Retention Campaign
17928,155.0,2,206.96,67.10919551636516,Loyal Customers,0.5440170750023118,Maintain Engagement
17929,22.0,11,2946.1,567.340178776707,Loyal Customers,0.27884334200234756,Mark as VIP
17930,71.0,10,3228.88,623.0991008554863,Loyal Customers,0.3050123318242594,Mark as VIP
17931,43.0,14,3437.29,613.7128057083928,Loyal Customers,0.2136075231962365,Mark as VIP
17932,83.0,2,934.51,218.47413851693022,Loyal Customers,0.5425327760328599,Maintain Engagement
17933,542.0,1,114.69,-44.737795792013,At Risk,0.8161311723333505,Offer Discount; Send Retention Campaign
17934,316.0,1,344.90000000000003,84.08182126203104,At Risk,0.8086564578540745,Offer Discount; Send Retention Campaign
17935,48.0,7,686.14,128.04994096381677,Loyal Customers,0.3915436430114479,Maintain Engagement
17937,24.0,5,3614.52,778.7706021465772,Loyal Customers,0.44159829343078305,Mark as VIP
17938,330.0,1,144.29,64.05903909342823,At Risk,0.8069481130414706,Offer Discount; Send Retention Campaign
17939,69.0,1,99.14,192.7294659195992,Loyal Customers,0.5543689506070314,Maintain Engagement
17940,18.0,15,30201.19,6726.348812843722,Loyal Customers,0.12262083415723286,Mark as VIP
17941,40.0,4,1433.28,331.2840156143776,Loyal Customers,0.4767107647352413,Maintain Engagement
17944,332.0,1,75.41,58.59933427728282,At Risk,0.80623008349795,Offer Discount; Send Retention Campaign
17945,606.0,3,360.35,109.27898191008751,At Risk,0.7638617223022613,Offer Discount; Send Retention Campaign
17946,142.0,2,149.57999999999998,71.00104393053715,Loyal Customers,0.5418451309331426,Maintain Engagement
17948,57.0,1,358.56000000000006,215.5445017188914,Loyal Customers,0.5583236480409453,Maintain Engagement
17949,3.0,106,108326.8,23703.116130693856,Champions,3.274757559151082e-06,Mark as VIP
17950,275.0,6,1213.78,144.54076635363083,At Risk,0.7043857652237067,Offer Discount; Send Retention Campaign
17951,268.0,3,1037.0400000000002,150.3719703646109,At Risk,0.7732047582119222,Offer Discount; Send Retention Campaign
17952,288.0,4,819.61,87.21932917344759,At Risk,0.7524134060096583,Offer Discount; Send Retention Campaign
17953,450.0,1,160.82,4.626947808198338,At Risk,0.8125705447014326,Offer Discount; Send Retention Campaign
17954,33.0,17,3523.54,580.559783362977,Loyal Customers,0.16032032268415833,Mark as VIP
17955,108.0,6,949.9,172.62119591997651,Loyal Customers,0.4231650008375375,Maintain Engagement
17956,159.0,1,12.75,141.77126130510368,Loyal Customers,0.5592873039264016,Maintain Engagement
17958,26.0,2,973.8799999999999,248.84720745617005,Loyal Customers,0.5392425497505323,Maintain Engagement
17959,502.0,1,140.75,-22.886889376186446,At Risk,0.8146578650057104,Offer Discount; Send Retention Campaign
17960,81.0,3,135.08,75.50882127559373,Loyal Customers,0.5090761726187745,Maintain Engagement
17961,33.0,92,2878.72,-1177.3151677100057,Loyal Customers,3.555832001709622e-05,Maintain Engagement
17962,52.0,4,687.42,178.75058291765896,Loyal Customers,0.4778568183121673,Maintain Engagement
17963,380.0,4,651.51,7.291713566450767,At Risk,0.7575149784801789,Offer Discount; Send Retention Campaign
17964,282.0,1,523.52,112.76689127862721,At Risk,0.8091928994965458,Offer Discount; Send Retention Campaign
17965,1.0,27,6889.45,1179.313084427703,Loyal Customers,0.05233398383018632,Mark as VIP
17966,61.0,9,1470.42,255.0944459996387,Loyal Customers,0.3361217830635898,Maintain Engagement
17967,281.0,2,357.29,29.888348178007277,At Risk,0.7936525172904018,Offer Discount; Send Retention Campaign
17968,283.0,4,888.04,103.56382150856223,At Risk,0.7520796363120197,Offer Discount; Send Retention Campaign
17969,76.0,20,2369.94,232.0643726544742,Loyal Customers,0.12295511052852691,Maintain Engagement
17970,120.0,1,582.59,198.25974747770107,Loyal Customers,0.5670317735741823,Maintain Engagement
17971,458.0,1,161.94,0.665971638082965,At Risk,0.8129410631741638,Offer Discount; Send Retention Campaign
17972,151.0,1,136.04,153.77222612249528,Loyal Customers,0.5609971620291221,Maintain Engagement
17974,129.0,4,1290.04,259.5146856323691,Loyal Customers,0.4831086653926313,Maintain Engagement
17975,24.0,22,6496.02,1177.1025696033653,Loyal Customers,0.09083062157034519,Mark as VIP
17976,282.0,1,706.38,124.58420760401083,At Risk,0.8113112907888542,Offer Discount; Send Retention Campaign
17977,310.0,1,1277.49,147.37541009749646,At Risk,0.8190335509094334,Offer Discount; Send Retention Campaign
17978,275.0,4,1461.76,218.7358261580385,At Risk,0.7516549774955665,Offer Discount; Send Retention Campaign
17979,78.0,3,504.54,146.4996097751141,Loyal Customers,0.5091724787231723,Maintain Engagement
17980,75.0,4,1033.42,236.0095134864436,Loyal Customers,0.4792881494845269,Maintain Engagement
17981,320.0,1,239.12,75.22911717543508,At Risk,0.807602763829045,Offer Discount; Send Retention Campaign
17982,590.0,1,138.18,-67.41989258752358,At Risk,0.8185009593978142,Offer Discount; Send Retention Campaign
17983,305.0,1,171.71,78.43529273551036,At Risk,0.8061244823779273,Offer Discount; Send Retention Campaign
17984,54.0,5,1191.27,265.3552282419078,Loyal Customers,0.4478515139982826,Maintain Engagement
17987,95.0,5,1003.64,206.63385007222143,Loyal Customers,0.4510716760566131,Maintain Engagement
17988,26.0,12,434.42,-19.448711454920044,Loyal Customers,0.2651598207692573,Maintain Engagement
17989,289.0,1,228.82999999999998,90.19338144823763,At Risk,0.8060625115510567,Offer Discount; Send Retention Campaign
17990,146.0,6,1527.6100000000001,275.3335863726558,Loyal Customers,0.42449222724523006,Maintain Engagement
17991,134.0,3,320.55,82.65838114211641,Loyal Customers,0.5132724894294607,Maintain Engagement
17992,299.0,1,254.13,86.78669727505911,At Risk,0.8068186710367877,Offer Discount; Send Retention Campaign
17993,527.0,1,235.19,-29.38794796516106,At Risk,0.8168313896947368,Offer Discount; Send Retention Campaign
17994,31.0,11,2313.32,421.1819383797605,Loyal Customers,0.28159808785198004,Mark as VIP
17995,191.0,3,495.48,87.4719210116258,Loyal Customers,0.5175094103325967,Maintain Engagement
17996,289.0,3,482.33,34.76978456675556,At Risk,0.7740235514114508,Offer Discount; Send Retention Campaign
17997,2.0,6,1719.96,394.75940327570765,Loyal Customers,0.4128460053974728,Maintain Engagement
17998,290.0,3,639.24,61.95480042802052,At Risk,0.774354190173756,Offer Discount; Send Retention Campaign
17999,276.0,2,539.18,70.57229379509079,At Risk,0.7931358912452552,Offer Discount; Send Retention Campaign
18000,473.0,1,124.25,-9.332284999307262,At Risk,0.8131792018539553,Offer Discount; Send Retention Campaign
18001,359.0,4,536.61,-5.076477294735696,At Risk,0.7564521153291869,Offer Discount; Send Retention Campaign
18002,285.0,4,249.92,-24.310118977128468,At Risk,0.7525268548433885,Offer Discount; Send Retention Campaign
18003,286.0,1,358.61,100.09291455547924,At Risk,0.8074496812785884,Offer Discount; Send Retention Campaign
18004,272.0,1,169.47,94.92812679179355,At Risk,0.8045782485642432,Offer Discount; Send Retention Campaign
18006,291.0,3,553.1800000000001,45.84490341701945,At Risk,0.7742950948980132,Offer Discount; Send Retention Campaign
18007,302.0,1,220.32,83.08921955306897,At Risk,0.8065588264321777,Offer Discount; Send Retention Campaign
18008,112.0,21,19736.35,4222.3558759579,Loyal Customers,0.07910595820596204,Mark as VIP
18009,145.0,8,2155.83,380.9795133069299,Loyal Customers,0.366021471638918,Maintain Engagement
18010,166.0,1,174.8,148.7145460632281,Loyal Customers,0.5628009401497956,Maintain Engagement
18011,282.0,2,527.03,52.24471380498011,At Risk,0.7946586772091642,Offer Discount; Send Retention Campaign
18012,633.0,1,115.3,-90.57780023580767,At Risk,0.8201159014096874,Offer Discount; Send Retention Campaign
18013,65.0,2,187.29,280.99487472331725,Loyal Customers,0.5124146169984406,Maintain Engagement
18016,96.0,5,965.66,198.02811085722817,Loyal Customers,0.45125059295119296,Maintain Engagement
18017,79.0,3,509.0,144.92381060167259,Loyal Customers,0.5095279192128396,Maintain Engagement
18018,17.0,4,297.99,120.38294976543284,Loyal Customers,0.4753628396468394,Maintain Engagement
18020,453.0,1,190.48000000000002,5.03121495754192,At Risk,0.8130446927934402,Offer Discount; Send Retention Campaign
18021,419.0,2,227.06,22.563779594920447,At Risk,0.7919360316104236,Offer Discount; Send Retention Campaign
18022,295.0,4,983.6800000000001,115.95686161104749,At Risk,0.7527477863962911,Offer Discount; Send Retention Campaign
18024,62.0,2,389.78,313.3851614052402,Loyal Customers,0.513416225184046,Maintain Engagement
18025,289.0,6,1177.72,130.503817483511,At Risk,0.7052396860208974,Offer Discount; Send Retention Campaign
18026,410.0,2,2074.07,265.74275685601395,At Risk,0.8027642899439196,Offer Discount; Send Retention Campaign
18027,8.0,1,115.31,224.5287914566947,Loyal Customers,0.5502390496573589,Maintain Engagement
18028,493.0,1,192.05,-15.034104396760313,At Risk,0.8148422261141912,Offer Discount; Send Retention Campaign
18029,552.0,1,433.77,-29.15896541815482,At Risk,0.8201455056004806,Offer Discount; Send Retention Campaign
18031,288.0,1,462.1,105.77261045576364,At Risk,0.808750090640735,Offer Discount; Send Retention Campaign
18032,244.0,1,73.5,102.84281776239374,At Risk,0.8021363838316489,Offer Discount; Send Retention Campaign
18034,285.0,1,370.82,101.38615457203235,At Risk,0.8075470302378496,Offer Discount; Send Retention Campaign
18035,295.0,2,546.34,219.78755968548018,At Risk,0.7786458017932661,Offer Discount; Send Retention Campaign
18036,15.0,10,1412.56,246.3033202893759,Loyal Customers,0.30805244400587295,Maintain Engagement
18037,64.0,15,167.42,-163.61875575118881,Loyal Customers,0.20634800566288575,Maintain Engagement
18038,465.0,1,149.41,-3.6729654351687486,At Risk,0.8131101554266772,Offer Discount; Send Retention Campaign
18039,284.0,4,579.17,41.190652074441005,At Risk,0.7523480929885309,Offer Discount; Send Retention Campaign
18040,155.0,1,239.0,158.40933177975023,Loyal Customers,0.5631960537780257,Maintain Engagement
18041,13.0,33,7653.12,1230.4922972867544,Loyal Customers,0.02651761990003916,Mark as VIP
18042,451.0,1,116.10000000000001,1.2327510283387255,At Risk,0.8121016281084252,Offer Discount; Send Retention Campaign
18043,116.0,2,768.27,172.91207855979724,Loyal Customers,0.5444587959261499,Maintain Engagement
18044,76.0,15,2522.54,369.8768749439577,Loyal Customers,0.1991199099716568,Maintain Engagement
18046,559.0,1,189.63,-48.46568458766626,At Risk,0.8177226369229288,Offer Discount; Send Retention Campaign
18047,291.0,2,342.69,190.74957074543238,At Risk,0.7775937429782381,Offer Discount; Send Retention Campaign
18048,113.0,3,401.73,108.18752868806854,Loyal Customers,0.5118478858285765,Maintain Engagement
18049,347.0,2,556.52,24.208276244223157,At Risk,0.7978497260938116,Offer Discount; Send Retention Campaign
18050,269.0,2,412.06,45.59360847117114,At Risk,0.7931669967303292,Offer Discount; Send Retention Campaign
18051,544.0,7,2282.28,226.81522907038033,At Risk,0.6929357685358668,Send Retention Campaign
18052,474.0,1,10877.18,685.07098962397,At Risk,0.9073205283914632,Offer Discount; Mark as VIP; Send Retention Campaign
18053,435.0,2,271.05,107.22474970381484,At Risk,0.7845317367893097,Offer Discount; Send Retention Campaign
18054,302.0,1,176.5,80.2573547309193,At Risk,0.8060431339604509,Offer Discount; Send Retention Campaign
18055,38.0,11,8084.24,1713.9690127713282,Loyal Customers,0.26159376985476507,Mark as VIP
18056,198.0,2,554.6,98.43364357911389,Loyal Customers,0.5492296857790552,Maintain Engagement
18057,302.0,3,1203.56,158.6342671017693,At Risk,0.7756510565996146,Offer Discount; Send Retention Campaign
18058,451.0,2,603.9,-20.759407271028408,At Risk,0.8028916991359273,Offer Discount; Send Retention Campaign
18060,317.0,2,1185.46,135.21904079318142,At Risk,0.7988782136081418,Offer Discount; Send Retention Campaign
18061,17.0,26,6163.07,1021.6634159443552,Loyal Customers,0.05955903497793049,Mark as VIP
18062,83.0,6,1632.67,329.4455981744097,Loyal Customers,0.4196968542095926,Maintain Engagement
18063,300.0,2,186.60000000000002,-8.918533609227666,At Risk,0.7941962894586385,Offer Discount; Send Retention Campaign
18064,42.0,11,4495.03,905.0151562669218,Loyal Customers,0.2744960761068786,Mark as VIP
18065,93.0,23,4885.95,746.5360318656008,Loyal Customers,0.08613311292402116,Mark as VIP
18066,296.0,2,1122.4,141.23200038703402,At Risk,0.7971648115410375,Offer Discount; Send Retention Campaign
18068,199.0,1,101.7,127.35286911098945,Loyal Customers,0.5638308306359561,Maintain Engagement
18069,90.0,9,3497.76,688.3892848100336,Loyal Customers,0.3309254573434491,Mark as VIP
18070,579.0,1,314.1,-50.50520869823629,At Risk,0.8199853829815513,Offer Discount; Send Retention Campaign
18071,167.0,6,1428.63,243.89392606793388,Loyal Customers,0.4262361248782218,Maintain Engagement
18072,95.0,1,247.44,189.2049370265188,Loyal Customers,0.5590117297683388,Maintain Engagement
18073,24.0,12,3877.5200000000004,769.6170128344593,Loyal Customers,0.25161547748682206,Mark as VIP
18074,283.0,2,1509.04,201.91410416494307,At Risk,0.7985090004904896,Offer Discount; Send Retention Campaign
18075,16.0,18,5129.29,941.0457518033946,Loyal Customers,0.14044005410545365,Mark as VIP
18076,290.0,1,151.49,84.69111916179378,At Risk,0.805195950675785,Offer Discount; Send Retention Campaign
18077,13.0,14,3376.4900000000002,614.6168655682711,Loyal Customers,0.21236748037990286,Mark as VIP
18078,127.0,4,844.6,172.02753893863985,Loyal Customers,0.4832686845651724,Maintain Engagement
18079,36.0,3,2796.96,582.2298729545711,Loyal Customers,0.5104620498270741,Mark as VIP
18080,152.0,1,841.4999999999999,198.85836599896425,Loyal Customers,0.5741152725549066,Maintain Engagement
18081,22.0,2,208.05,141.99294939477022,Loyal Customers,0.5332042613284116,Maintain Engagement
18083,307.0,1,470.73,96.75110293691176,At Risk,0.8097121933986366,Offer Discount; Send Retention Campaign
18084,293.0,2,722.4499999999999,110.01957207515659,At Risk,0.7927623591627676,Offer Discount; Send Retention Campaign
18085,240.0,4,1645.75,272.7361675307446,At Risk,0.7496571166167694,Offer Discount; Send Retention Campaign
18086,184.0,1,101.34,134.89214682362388,Loyal Customers,0.5627401118694852,Maintain Engagement
18087,8.0,17,14761.52,3177.985582779672,Loyal Customers,0.1301766487175336,Mark as VIP
18089,356.0,1,428.45,69.31445439791202,At Risk,0.8114333585497,Offer Discount; Send Retention Campaign
18090,331.0,1,349.4,76.81009079640029,At Risk,0.809389715837269,Offer Discount; Send Retention Campaign
18091,503.0,1,360.85,-9.16710983925691,At Risk,0.8171928682354987,Offer Discount; Send Retention Campaign
18092,29.0,15,12962.66,2779.4179047530324,Loyal Customers,0.1657519591005282,Mark as VIP
18093,3.0,8,4452.71,953.8465093194691,Loyal Customers,0.34896995260542535,Mark as VIP
18094,46.0,11,5776.52,1190.4717317034447,Loyal Customers,0.2702316169608531,Mark as VIP
18095,222.0,5,2303.09,409.5894945798509,Loyal Customers,0.45815908749295775,Mark as VIP
18096,352.0,3,894.13,79.99562689400705,At Risk,0.7775343701655811,Offer Discount; Send Retention Campaign
18097,36.0,10,3976.92,807.0601999542477,Loyal Customers,0.30023007580885036,Mark as VIP
18098,305.0,1,550.84,102.93654581678919,At Risk,0.810550329391124,Offer Discount; Send Retention Campaign
18099,37.0,1,168.31,213.3329973492921,Loyal Customers,0.5533338373378205,Maintain Engagement
18100,460.0,1,451.56,18.37430741392052,At Risk,0.8163251779362648,Offer Discount; Send Retention Campaign
18101,53.0,4,515.74,144.55036820838257,Loyal Customers,0.47798840683229504,Maintain Engagement
18102,8.0,112,484615.1,113432.24890577419,Champions,8.792877794021937e-11,Mark as VIP
18103,459.0,1,105.8,-3.4662419438976713,At Risk,0.8123417151866069,Offer Discount; Send Retention Campaign
18106,239.0,6,1461.46,214.85896031146643,At Risk,0.7016747827465257,Offer Discount; Send Retention Campaign
18107,352.0,1,167.13,54.443343418073084,At Risk,0.8082198873919852,Offer Discount; Send Retention Campaign
18108,164.0,3,848.8100000000001,163.38900483906212,Loyal Customers,0.5164336261611326,Maintain Engagement
18109,1.0,30,6692.11,1074.0128389363556,Loyal Customers,0.03772800403174106,Mark as VIP
18110,321.0,1,199.13,72.1405963565241,At Risk,0.8071798473848979,Offer Discount; Send Retention Campaign
18111,499.0,1,405.85,-4.242309538381164,At Risk,0.8175236349558832,Offer Discount; Send Retention Campaign
18112,76.0,3,619.91,166.28273857983407,Loyal Customers,0.5095498597729308,Maintain Engagement
18113,278.0,1,152.64000000000001,90.8154719940249,At Risk,0.8046559945729376,Offer Discount; Send Retention Campaign
18114,200.0,1,220.1,134.50029236282938,Loyal Customers,0.5660957967376586,Maintain Engagement
18115,607.0,1,9.700000000000001,-84.29378645213399,At Risk,0.8178036540660303,Offer Discount; Send Retention Campaign
18116,143.0,12,1990.74,276.9963261792599,Loyal Customers,0.2657715278318981,Maintain Engagement
18118,1.0,22,5321.09,917.1839810330555,Loyal Customers,0.09238499837870517,Mark as VIP
18119,277.0,1,362.24,104.86502869802985,At Risk,0.8070808533258033,Offer Discount; Send Retention Campaign
18120,124.0,1,111.15,165.77628823667146,Loyal Customers,0.5585802975785952,Maintain Engagement
18121,59.0,2,673.1,220.46983752855692,Loyal Customers,0.5349027693200751,Maintain Engagement
18122,60.0,1,119.19,198.56272155872006,Loyal Customers,0.5540889671707319,Maintain Engagement
18123,423.0,1,95.15,13.995604914449586,At Risk,0.8106009364590481,Offer Discount; Send Retention Campaign
18124,381.0,1,111.53,36.22928094724125,At Risk,0.8088901773065693,Offer Discount; Send Retention Campaign
18125,111.0,3,945.14,209.3501383910098,Loyal Customers,0.5124629955880283,Maintain Engagement
18127,43.0,2,352.40000000000003,145.86458217884336,Loyal Customers,0.5367012951272307,Maintain Engagement
18128,447.0,1,420.04,22.891533005331667,At Risk,0.8153945938562416,Offer Discount; Send Retention Campaign
18129,153.0,1,112.55000000000001,151.24584728255672,Loyal Customers,0.5607059294314148,Maintain Engagement
18131,541.0,1,222.95999999999998,-37.23668414570852,At Risk,0.8173084039473419,Offer Discount; Send Retention Campaign
18132,413.0,1,226.9,27.55163574026676,At Risk,0.8116717236945143,Offer Discount; Send Retention Campaign
18133,122.0,1,931.5,219.7996958803131,Loyal Customers,0.5736183850665867,Maintain Engagement
18134,508.0,2,445.0,-73.30110706486028,At Risk,0.8048874605497778,Offer Discount; Send Retention Campaign
18135,100.0,6,677.53,119.22101651209596,Loyal Customers,0.42324713961972,Maintain Engagement
18136,121.0,4,1447.88,294.1511322017542,Loyal Customers,0.48252295004996226,Maintain Engagement
18137,461.0,2,145.99,75.04589477269417,At Risk,0.7853113487074784,Offer Discount; Send Retention Campaign
18138,205.0,1,152.65,127.62049267116936,Loyal Customers,0.5652079830437367,Maintain Engagement
18140,383.0,1,536.41,-175.24523228862864,At Risk,0.8339741761296479,Offer Discount; Send Retention Campaign
18141,311.0,2,882.47,91.85817626388211,At Risk,0.7974324950284988,Offer Discount; Send Retention Campaign
18142,67.0,2,1019.52,237.82054278803008,Loyal Customers,0.5421191532816714,Maintain Engagement
18143,26.0,2,1000.16,259.4546552211514,Loyal Customers,0.5384445968908018,Maintain Engagement
18144,19.0,16,4334.8,793.1825633443673,Loyal Customers,0.17352250441265882,Mark as VIP
18145,114.0,9,3780.02,738.4383374219324,Loyal Customers,0.33153106294078133,Mark as VIP
18146,50.0,2,160.35,114.58777807396297,Loyal Customers,0.5358363384546753,Maintain Engagement
18147,18.0,1,98.88,218.42530858364597,Loyal Customers,0.5506596792830247,Maintain Engagement
18148,556.0,1,114.10000000000001,-51.83429768388385,At Risk,0.8167409166526156,Offer Discount; Send Retention Campaign
18149,125.0,6,1562.31,293.4313728525952,Loyal Customers,0.4228747204393049,Maintain Engagement
18150,50.0,2,413.28,153.79977484609913,Loyal Customers,0.537262232810221,Maintain Engagement
18151,44.0,6,1879.44,400.98605538320055,Loyal Customers,0.4163395964921601,Maintain Engagement
18152,556.0,1,426.69,-31.63318803633024,At Risk,0.8202401340432564,Offer Discount; Send Retention Campaign
18153,569.0,1,246.22,-49.85025442298411,At Risk,0.8187936589315363,Offer Discount; Send Retention Campaign
18154,298.0,3,533.41,40.49294100331201,At Risk,0.7744496261718347,Offer Discount; Send Retention Campaign
18155,80.0,2,266.56,114.9027964401576,Loyal Customers,0.5387746765730551,Maintain Engagement
18156,279.0,1,412.46000000000004,107.10215410365629,At Risk,0.8077606257529149,Offer Discount; Send Retention Campaign
18157,481.0,1,215.35,-7.478309168120859,At Risk,0.8145750708157724,Offer Discount; Send Retention Campaign
18159,211.0,1,530.15,148.99139002580415,Loyal Customers,0.5726163902055558,Maintain Engagement
18160,110.0,2,684.37,162.9978488697824,Loyal Customers,0.5435398762466136,Maintain Engagement
18161,50.0,4,955.67,233.27179826557347,Loyal Customers,0.47749371040883076,Maintain Engagement
18162,642.0,1,379.16,-78.06338947473353,At Risk,0.8234151977853348,Offer Discount; Send Retention Campaign
18163,494.0,1,728.84,19.151747037170935,At Risk,0.8209104586009592,Offer Discount; Send Retention Campaign
18165,87.0,1,302.46,196.79395726590587,Loyal Customers,0.5594543238118993,Maintain Engagement
18166,533.0,1,175.5,-36.27042764374539,At Risk,0.8164218241845397,Offer Discount; Send Retention Campaign
18167,15.0,1,498.48,245.7619427021255,Loyal Customers,0.5578807709420186,Maintain Engagement
18168,85.0,16,3770.27,630.6321259043615,Loyal Customers,0.17800207871621623,Mark as VIP
18170,21.0,8,2553.2000000000003,529.7980351132771,Loyal Customers,0.3563745270149239,Mark as VIP
18171,8.0,8,2200.31,459.2537763433336,Loyal Customers,0.3566560197833188,Mark as VIP
18172,8.0,43,15553.44,2890.9304235023073,Loyal Customers,0.007034954073334723,Mark as VIP
18173,109.0,4,2318.36,470.5770148249598,Loyal Customers,0.48141617768994927,Mark as VIP
18174,513.0,1,58.5,-33.748155239668904,At Risk,0.8142096017189924,Offer Discount; Send Retention Campaign
18175,585.0,1,176.1,-62.4484673412785,At Risk,0.818707127204094,Offer Discount; Send Retention Campaign
18176,268.0,1,476.35,116.7769060891224,At Risk,0.808006256072704,Offer Discount; Send Retention Campaign
18177,67.0,8,1913.27,366.89775384482823,Loyal Customers,0.361576299777759,Maintain Engagement
18178,38.0,11,6103.74,1268.0374029493137,Loyal Customers,0.26861375594322456,Mark as VIP
18179,162.0,6,1857.54,337.120486552838,Loyal Customers,0.4248052767437279,Maintain Engagement
18180,46.0,2,601.85,216.15910123256344,Loyal Customers,0.533524251220339,Maintain Engagement
18181,309.0,4,823.14,76.24133187103178,At Risk,0.7536772301394506,Offer Discount; Send Retention Campaign
18182,373.0,1,291.13,51.86927607351612,At Risk,0.8106129395652516,Offer Discount; Send Retention Campaign
18183,137.0,2,632.07,144.14049271861273,Loyal Customers,0.5447994690435255,Maintain Engagement
18185,159.0,1,304.25,160.60943099147187,Loyal Customers,0.5646941059688259,Maintain Engagement
18186,632.0,1,329.58000000000004,-76.22579881779859,At Risk,0.8224427143692058,Offer Discount; Send Retention Campaign
18187,541.0,1,724.89,-4.7994885687659234,At Risk,0.8228880878558601,Offer Discount; Send Retention Campaign
18188,200.0,4,1706.15,304.64554672615475,Loyal Customers,0.48828591224276163,Maintain Engagement
18189,177.0,2,946.59,168.7564811250308,Loyal Customers,0.5500516731178601,Maintain Engagement
18190,102.0,5,745.62,149.79735220321095,Loyal Customers,0.4520525241519781,Maintain Engagement
18191,171.0,2,529.4,108.48231422423714,Loyal Customers,0.547074038887851,Maintain Engagement
18193,75.0,3,1207.35,273.83242378509124,Loyal Customers,0.5104784574153195,Maintain Engagement
18194,348.0,5,3188.2,527.9780521874206,At Risk,0.7301068375450447,Offer Discount; Mark as VIP; Send Retention Campaign
18195,297.0,1,101.16,77.9093593985088,At Risk,0.804923511489266,Offer Discount; Send Retention Campaign
18196,4.0,4,1464.31,355.56727990542834,Loyal Customers,0.47405635666483936,Maintain Engagement
18197,485.0,1,230.1,-8.541769370332759,At Risk,0.8149201935378924,Offer Discount; Send Retention Campaign
18198,10.0,14,4427.39,858.738191290782,Loyal Customers,0.2084648145972466,Mark as VIP
18199,593.0,1,344.75,-55.58282749919056,At Risk,0.8209314611769309,Offer Discount; Send Retention Campaign
18200,15.0,1,163.8,224.13326815449693,Loyal Customers,0.5516518055387128,Maintain Engagement
18201,632.0,1,447.53000000000003,-68.60328727574995,At Risk,0.8237368817502935,Offer Discount; Send Retention Campaign
18202,109.0,3,1396.99,292.5564391316781,Loyal Customers,0.5131070964570469,Maintain Engagement
18203,67.0,4,504.42,135.2197667585686,Loyal Customers,0.4790259314449819,Maintain Engagement
18204,19.0,2,1367.32,314.1886810628761,Loyal Customers,0.5408291215928975,Maintain Engagement
18206,463.0,1,314.65999999999997,8.014644741783968,At Risk,0.8149063885597698,Offer Discount; Send Retention Campaign
18207,409.0,1,544.47,50.09125563432741,At Risk,0.8151253288718554,Offer Discount; Send Retention Campaign
18208,475.0,1,360.08,4.899875313649545,At Risk,0.8159520769278319,Offer Discount; Send Retention Campaign
18210,176.0,2,289.85,70.12820579586258,Loyal Customers,0.5459037310536319,Maintain Engagement
18211,46.0,2,268.7,132.16062131482454,Loyal Customers,0.5363348993899102,Maintain Engagement
18212,235.0,2,546.72,78.54655662264605,At Risk,0.7925126128457992,Offer Discount; Send Retention Campaign
18213,146.0,1,232.48000000000002,162.5255027925698,Loyal Customers,0.5624245824775818,Maintain Engagement
18214,440.0,4,1780.34,212.14416097445206,At Risk,0.7590177794602299,Offer Discount; Send Retention Campaign
18215,346.0,4,1948.15,279.3878058623663,At Risk,0.7553000868758921,Offer Discount; Send Retention Campaign
18217,423.0,2,323.29,-36.46177388156002,At Risk,0.7992967520086027,Offer Discount; Send Retention Campaign
18218,121.0,4,1142.0,233.39760504612957,Loyal Customers,0.4827313041635784,Maintain Engagement
18219,59.0,15,2860.25,454.5919253813782,Loyal Customers,0.19733985161331774,Mark as VIP
18220,136.0,6,1921.76,363.5632815896082,Loyal Customers,0.42281483279999993,Maintain Engagement
18221,25.0,4,1090.19,272.10892561782157,Loyal Customers,0.4756405912939256,Maintain Engagement
18222,2.0,1,443.0,248.73075475773766,Loyal Customers,0.5559067347582558,Maintain Engagement
18223,6.0,23,11552.65,2341.3197425307308,Loyal Customers,0.0732578992814824,Mark as VIP
18224,173.0,1,158.95000000000002,144.16105419286237,Loyal Customers,0.5630130711226254,Maintain Engagement
18225,22.0,21,10275.92,2072.3119255253496,Loyal Customers,0.09356863042086531,Mark as VIP
18226,30.0,24,10901.86,2160.156388631667,Loyal Customers,0.0670528381373465,Mark as VIP
18227,127.0,2,388.75,109.06458160426752,Loyal Customers,0.5430485023700913,Maintain Engagement
18229,3.0,22,8738.869999999999,1706.7580701141076,Loyal Customers,0.0863761074389164,Mark as VIP
18230,4.0,7,3627.2200000000003,783.6918147961528,Loyal Customers,0.37977385377421946,Mark as VIP
18231,102.0,28,6880.97,1107.1753967239665,Loyal Customers,0.04822376838578479,Mark as VIP
18232,67.0,3,500.62,155.08247488054405,Loyal Customers,0.5078117887438748,Maintain Engagement
18233,235.0,1,440.0,131.06538347987566,At Risk,0.8060699583530788,Offer Discount; Send Retention Campaign
18234,461.0,1,179.6,0.294739520749431,At Risk,0.813277215224505,Offer Discount; Send Retention Campaign
18235,29.0,2,749.8,214.65668399240997,Loyal Customers,0.5379005927760991,Maintain Engagement
18236,39.0,10,1554.3,266.1988154897731,Loyal Customers,0.308996383086793,Maintain Engagement
18237,1.0,3,725.55,228.77254807693487,Loyal Customers,0.5034321639500631,Maintain Engagement
18238,425.0,1,270.92,24.346391397686716,At Risk,0.812715430438966,Offer Discount; Send Retention Campaign
18239,128.0,6,2150.36,417.338156613652,Loyal Customers,0.42147286467805717,Mark as VIP
18241,9.0,15,2263.48,343.63236408681234,Loyal Customers,0.19689935915473253,Maintain Engagement
18242,106.0,6,2066.8,409.2932842335508,Loyal Customers,0.4203138132203753,Mark as VIP
18243,324.0,1,515.78,91.09157471784312,At Risk,0.8110013926930694,Offer Discount; Send Retention Campaign
18244,340.0,2,568.64,30.850640867093944,At Risk,0.7974460653603503,Offer Discount; Send Retention Campaign
18245,59.0,19,5430.7300000000005,969.1217799849007,Loyal Customers,0.1277352354905428,Mark as VIP
18246,143.0,2,395.62,101.85626543626188,Loyal Customers,0.5442831990829835,Maintain Engagement
18247,324.0,3,839.73,81.7317643570027,At Risk,0.7762935169997925,Offer Discount; Send Retention Campaign
18248,32.0,2,804.02,222.36938544085382,Loyal Customers,0.5383064960972368,Maintain Engagement
18250,220.0,1,349.27,132.76450546504145,At Risk,0.804306317225127,Offer Discount; Send Retention Campaign
18251,355.0,8,21964.14,4601.909976873064,At Risk,0.5894037535162243,Mark as VIP; Send Retention Campaign
18252,81.0,6,1085.32,214.6490696308362,Loyal Customers,0.420924236480045,Maintain Engagement
18253,552.0,1,317.88,-36.648349586090376,At Risk,0.8188537948763044,Offer Discount; Send Retention Campaign
18254,491.0,1,267.9,-9.12396375655328,At Risk,0.8156146412672692,Offer Discount; Send Retention Campaign
18255,365.0,1,199.85,50.00366775332958,At Risk,0.8091921363160128,Offer Discount; Send Retention Campaign
18256,297.0,1,110.69999999999999,78.5258813155171,At Risk,0.8050363628319035,Offer Discount; Send Retention Campaign
18257,24.0,9,3825.39,793.783958818062,Loyal Customers,0.32554775298483735,Mark as VIP
18258,374.0,6,2059.67,276.4196377586311,At Risk,0.7082742295180784,Offer Discount; Send Retention Campaign
18259,276.0,5,2355.9,392.87597409599573,At Risk,0.7270749567071018,Offer Discount; Send Retention Campaign
18260,82.0,23,9962.11,1933.3494084299525,Loyal Customers,0.07729313968153231,Mark as VIP
18261,5.0,1,224.8,233.1170845538628,Loyal Customers,0.5520619975249617,Maintain Engagement
18262,49.0,3,577.54,172.08163099734531,Loyal Customers,0.507508632149143,Maintain Engagement
18263,65.0,2,811.4,205.9184642832878,Loyal Customers,0.5408951878488214,Maintain Engagement
18264,408.0,1,603.25,54.394079054977,At Risk,0.8157477048598785,Offer Discount; Send Retention Campaign
18265,68.0,1,488.55,218.3992328853741,Loyal Customers,0.5615335093186605,Maintain Engagement
18266,344.0,1,251.1,63.90325563831897,At Risk,0.808835570782533,Offer Discount; Send Retention Campaign
18267,582.0,1,269.37,-54.90839075290262,At Risk,0.8196176710473584,Offer Discount; Send Retention Campaign
18268,43.0,6,1490.23,319.1995716162938,Loyal Customers,0.41723253055777654,Maintain Engagement
18269,276.0,1,337.2,103.7509897409389,At Risk,0.8067411041802296,Offer Discount; Send Retention Campaign
18270,176.0,2,273.35,67.15250195416803,Loyal Customers,0.5458713361052991,Maintain Engagement
18271,519.0,2,680.85,-43.2523778632285,At Risk,0.8063193968496963,Offer Discount; Send Retention Campaign
18272,23.0,7,3413.85,727.9212970553262,Loyal Customers,0.38175095220621985,Mark as VIP
18273,5.0,3,306.0,144.86867324006352,Loyal Customers,0.5038017957140881,Maintain Engagement
18275,488.0,2,741.85,-18.61118428874181,At Risk,0.8051509129114418,Offer Discount; Send Retention Campaign
18276,302.0,5,1320.66,167.42802816524085,At Risk,0.7299189723794917,Offer Discount; Send Retention Campaign
18277,307.0,4,1069.67,128.19396106573248,At Risk,0.753228958740739,Offer Discount; Send Retention Campaign
18278,314.0,1,240.3,78.3303916795789,At Risk,0.8073425543187676,Offer Discount; Send Retention Campaign
18279,429.0,1,231.34,19.77185826559355,At Risk,0.8124401898187105,Offer Discount; Send Retention Campaign
18280,187.0,2,488.15000000000003,94.80828808865743,Loyal Customers,0.5478931764613488,Maintain Engagement
18281,90.0,2,201.14,98.89671649174807,Loyal Customers,0.5392551939311316,Maintain Engagement
18282,36.0,1,100.21000000000001,209.43620852360772,Loyal Customers,0.5519925727324978,Maintain Engagement
18283,5.0,16,1762.44,210.41565051634876,Loyal Customers,0.1806453080057206,Maintain Engagement
18284,341.0,1,461.68,79.02448380785387,At Risk,0.8111420338725204,Offer Discount; Send Retention Campaign
18285,570.0,1,427.0,-38.67152748320018,At Risk,0.8208492165722575,Offer Discount; Send Retention Campaign
18286,386.0,2,1296.43,116.94690193859861,At Risk,0.8025780743551524,Offer Discount; Send Retention Campaign
18287,111.0,5,3110.99,631.0029273790171,Loyal Customers,0.4488110416013088,Mark as VIP
